ISO-10303-21;
HEADER;
/* Generated by software containing ST-Developer
 * from STEP Tools, Inc. (www.steptools.com) 
 */

FILE_DESCRIPTION(
/* description */ (''),
/* implementation_level */ '2;1');

FILE_NAME(
/* name */ 'Soil Detection Rover.step',
/* time_stamp */ '2026-09-03T15:43:11+05:30',
/* author */ (''),
/* organization */ (''),
/* preprocessor_version */ 'ST-DEVELOPER v20.1',
/* originating_system */ 'Autodesk Translation Framework v15.8.0.0',
/* authorisation */ '');

FILE_SCHEMA (('AUTOMOTIVE_DESIGN { 1 0 10303 214 3 1 1 }'));
ENDSEC;

DATA;
#10=MECHANICAL_DESIGN_GEOMETRIC_PRESENTATION_REPRESENTATION('',(#112,#113,
#114,#115,#116,#117,#118,#119,#120,#121,#122,#123,#124,#125,#126,#127),
#6249);
#11=ITEM_DEFINED_TRANSFORMATION($,$,#3564,#3947);
#12=ITEM_DEFINED_TRANSFORMATION($,$,#3628,#3948);
#13=ITEM_DEFINED_TRANSFORMATION($,$,#3637,#3949);
#14=ITEM_DEFINED_TRANSFORMATION($,$,#3652,#3950);
#15=ITEM_DEFINED_TRANSFORMATION($,$,#3666,#3951);
#16=ITEM_DEFINED_TRANSFORMATION($,$,#3687,#3952);
#17=ITEM_DEFINED_TRANSFORMATION($,$,#3709,#3953);
#18=ITEM_DEFINED_TRANSFORMATION($,$,#3731,#3954);
#19=ITEM_DEFINED_TRANSFORMATION($,$,#3750,#3955);
#20=ITEM_DEFINED_TRANSFORMATION($,$,#3763,#3956);
#21=ITEM_DEFINED_TRANSFORMATION($,$,#3775,#3957);
#22=ITEM_DEFINED_TRANSFORMATION($,$,#3807,#3958);
#23=ITEM_DEFINED_TRANSFORMATION($,$,#3843,#3959);
#24=ITEM_DEFINED_TRANSFORMATION($,$,#3875,#3960);
#25=ITEM_DEFINED_TRANSFORMATION($,$,#3911,#3961);
#26=(
REPRESENTATION_RELATIONSHIP($,$,#6302,#6301)
REPRESENTATION_RELATIONSHIP_WITH_TRANSFORMATION(#11)
SHAPE_REPRESENTATION_RELATIONSHIP()
);
#27=(
REPRESENTATION_RELATIONSHIP($,$,#6303,#6301)
REPRESENTATION_RELATIONSHIP_WITH_TRANSFORMATION(#12)
SHAPE_REPRESENTATION_RELATIONSHIP()
);
#28=(
REPRESENTATION_RELATIONSHIP($,$,#6304,#6301)
REPRESENTATION_RELATIONSHIP_WITH_TRANSFORMATION(#13)
SHAPE_REPRESENTATION_RELATIONSHIP()
);
#29=(
REPRESENTATION_RELATIONSHIP($,$,#6305,#6301)
REPRESENTATION_RELATIONSHIP_WITH_TRANSFORMATION(#14)
SHAPE_REPRESENTATION_RELATIONSHIP()
);
#30=(
REPRESENTATION_RELATIONSHIP($,$,#6306,#6301)
REPRESENTATION_RELATIONSHIP_WITH_TRANSFORMATION(#15)
SHAPE_REPRESENTATION_RELATIONSHIP()
);
#31=(
REPRESENTATION_RELATIONSHIP($,$,#6307,#6301)
REPRESENTATION_RELATIONSHIP_WITH_TRANSFORMATION(#16)
SHAPE_REPRESENTATION_RELATIONSHIP()
);
#32=(
REPRESENTATION_RELATIONSHIP($,$,#6308,#6301)
REPRESENTATION_RELATIONSHIP_WITH_TRANSFORMATION(#17)
SHAPE_REPRESENTATION_RELATIONSHIP()
);
#33=(
REPRESENTATION_RELATIONSHIP($,$,#6309,#6301)
REPRESENTATION_RELATIONSHIP_WITH_TRANSFORMATION(#18)
SHAPE_REPRESENTATION_RELATIONSHIP()
);
#34=(
REPRESENTATION_RELATIONSHIP($,$,#6310,#6301)
REPRESENTATION_RELATIONSHIP_WITH_TRANSFORMATION(#19)
SHAPE_REPRESENTATION_RELATIONSHIP()
);
#35=(
REPRESENTATION_RELATIONSHIP($,$,#6311,#6301)
REPRESENTATION_RELATIONSHIP_WITH_TRANSFORMATION(#20)
SHAPE_REPRESENTATION_RELATIONSHIP()
);
#36=(
REPRESENTATION_RELATIONSHIP($,$,#6312,#6301)
REPRESENTATION_RELATIONSHIP_WITH_TRANSFORMATION(#21)
SHAPE_REPRESENTATION_RELATIONSHIP()
);
#37=(
REPRESENTATION_RELATIONSHIP($,$,#6313,#6301)
REPRESENTATION_RELATIONSHIP_WITH_TRANSFORMATION(#22)
SHAPE_REPRESENTATION_RELATIONSHIP()
);
#38=(
REPRESENTATION_RELATIONSHIP($,$,#6314,#6301)
REPRESENTATION_RELATIONSHIP_WITH_TRANSFORMATION(#23)
SHAPE_REPRESENTATION_RELATIONSHIP()
);
#39=(
REPRESENTATION_RELATIONSHIP($,$,#6315,#6301)
REPRESENTATION_RELATIONSHIP_WITH_TRANSFORMATION(#24)
SHAPE_REPRESENTATION_RELATIONSHIP()
);
#40=(
REPRESENTATION_RELATIONSHIP($,$,#6316,#6301)
REPRESENTATION_RELATIONSHIP_WITH_TRANSFORMATION(#25)
SHAPE_REPRESENTATION_RELATIONSHIP()
);
#41=CONTEXT_DEPENDENT_SHAPE_REPRESENTATION(#26,#6286);
#42=CONTEXT_DEPENDENT_SHAPE_REPRESENTATION(#27,#6287);
#43=CONTEXT_DEPENDENT_SHAPE_REPRESENTATION(#28,#6288);
#44=CONTEXT_DEPENDENT_SHAPE_REPRESENTATION(#29,#6289);
#45=CONTEXT_DEPENDENT_SHAPE_REPRESENTATION(#30,#6290);
#46=CONTEXT_DEPENDENT_SHAPE_REPRESENTATION(#31,#6291);
#47=CONTEXT_DEPENDENT_SHAPE_REPRESENTATION(#32,#6292);
#48=CONTEXT_DEPENDENT_SHAPE_REPRESENTATION(#33,#6293);
#49=CONTEXT_DEPENDENT_SHAPE_REPRESENTATION(#34,#6294);
#50=CONTEXT_DEPENDENT_SHAPE_REPRESENTATION(#35,#6295);
#51=CONTEXT_DEPENDENT_SHAPE_REPRESENTATION(#36,#6296);
#52=CONTEXT_DEPENDENT_SHAPE_REPRESENTATION(#37,#6297);
#53=CONTEXT_DEPENDENT_SHAPE_REPRESENTATION(#38,#6298);
#54=CONTEXT_DEPENDENT_SHAPE_REPRESENTATION(#39,#6299);
#55=CONTEXT_DEPENDENT_SHAPE_REPRESENTATION(#40,#6300);
#56=NEXT_ASSEMBLY_USAGE_OCCURRENCE('base:1','base:1','base:1',#6318,#6319,
'base:1');
#57=NEXT_ASSEMBLY_USAGE_OCCURRENCE('camera base:1','camera base:1',
'camera base:1',#6318,#6320,'camera base:1');
#58=NEXT_ASSEMBLY_USAGE_OCCURRENCE('camera case:1','camera case:1',
'camera case:1',#6318,#6321,'camera case:1');
#59=NEXT_ASSEMBLY_USAGE_OCCURRENCE('R arm base:1','R arm base:1',
'R arm base:1',#6318,#6322,'R arm base:1');
#60=NEXT_ASSEMBLY_USAGE_OCCURRENCE('R arm link 1:1','R arm link 1:1',
'R arm link 1:1',#6318,#6323,'R arm link 1:1');
#61=NEXT_ASSEMBLY_USAGE_OCCURRENCE('R arm link 2:1','R arm link 2:1',
'R arm link 2:1',#6318,#6324,'R arm link 2:1');
#62=NEXT_ASSEMBLY_USAGE_OCCURRENCE('R arm link 3:1','R arm link 3:1',
'R arm link 3:1',#6318,#6325,'R arm link 3:1');
#63=NEXT_ASSEMBLY_USAGE_OCCURRENCE('End effector:1','End effector:1',
'End effector:1',#6318,#6326,'End effector:1');
#64=NEXT_ASSEMBLY_USAGE_OCCURRENCE('end tool:1','end tool:1',
'end tool:1',#6318,#6327,'end tool:1');
#65=NEXT_ASSEMBLY_USAGE_OCCURRENCE('end tool 2:1','end tool 2:1',
'end tool 2:1',#6318,#6328,'end tool 2:1');
#66=NEXT_ASSEMBLY_USAGE_OCCURRENCE('wheel support 1:1',
'wheel support 1:1','wheel support 1:1',#6318,#6329,'wheel support 1:1');
#67=NEXT_ASSEMBLY_USAGE_OCCURRENCE('wheel sup 1:1','wheel sup 1:1',
'wheel sup 1:1',#6318,#6330,'wheel sup 1:1');
#68=NEXT_ASSEMBLY_USAGE_OCCURRENCE('wheel support 2:1',
'wheel support 2:1','wheel support 2:1',#6318,#6331,'wheel support 2:1');
#69=NEXT_ASSEMBLY_USAGE_OCCURRENCE('wheel sup 2:1','wheel sup 2:1',
'wheel sup 2:1',#6318,#6332,'wheel sup 2:1');
#70=NEXT_ASSEMBLY_USAGE_OCCURRENCE('Container:1','Container:1',
'Container:1',#6318,#6333,'Container:1');
#71=B_SPLINE_SURFACE_WITH_KNOTS('',3,3,((#5527,#5528,#5529,#5530),(#5531,
#5532,#5533,#5534),(#5535,#5536,#5537,#5538),(#5539,#5540,#5541,#5542),
(#5543,#5544,#5545,#5546),(#5547,#5548,#5549,#5550),(#5551,#5552,#5553,
#5554),(#5555,#5556,#5557,#5558),(#5559,#5560,#5561,#5562),(#5563,#5564,
#5565,#5566)),.UNSPECIFIED.,.F.,.F.,.F.,(4,1,1,1,1,1,1,4),(4,4),(0.,0.142857142857143,
0.285714285714286,0.428571428571429,0.571428571428571,0.785714285714286,
0.857142857142857,1.),(0.199999999999998,6.8),.UNSPECIFIED.);
#72=B_SPLINE_SURFACE_WITH_KNOTS('',3,3,((#5645,#5646,#5647,#5648),(#5649,
#5650,#5651,#5652),(#5653,#5654,#5655,#5656),(#5657,#5658,#5659,#5660),
(#5661,#5662,#5663,#5664),(#5665,#5666,#5667,#5668),(#5669,#5670,#5671,
#5672),(#5673,#5674,#5675,#5676),(#5677,#5678,#5679,#5680),(#5681,#5682,
#5683,#5684)),.UNSPECIFIED.,.F.,.F.,.F.,(4,1,1,1,1,1,1,4),(4,4),(0.,0.142857142857143,
0.285714285714286,0.428571428571429,0.571428571428571,0.785714285714286,
0.857142857142857,1.),(-3.5527136788005E-15,7.),.UNSPECIFIED.);
#73=B_SPLINE_CURVE_WITH_KNOTS('',3,(#5192,#5193,#5194,#5195,#5196,#5197,
#5198,#5199,#5200,#5201,#5202,#5203,#5204,#5205,#5206,#5207,#5208,#5209,
#5210,#5211,#5212,#5213,#5214,#5215,#5216,#5217,#5218,#5219,#5220,#5221,
#5222,#5223,#5224,#5225,#5226,#5227,#5228,#5229,#5230,#5231,#5232,#5233),
 .UNSPECIFIED.,.T.,.F.,(4,2,2,2,2,2,2,2,2,2,2,2,2,2,2,2,2,2,2,2,4),(0.,
0.194259153303898,0.388518306607795,0.777036613215591,1.16418884503453,
1.55134107685346,1.9367656301773,2.32219018350114,2.71016900916112,2.90415842199111,
3.0981478348211,3.29213724765109,3.48612666048108,3.87410548614106,4.2595300394649,
4.64495459278873,5.03210682460767,5.41925905642661,5.8077773630344,6.0020365163383,
6.1962956696422),.UNSPECIFIED.);
#74=B_SPLINE_CURVE_WITH_KNOTS('',3,(#5569,#5570,#5571,#5572,#5573,#5574,
#5575,#5576,#5577,#5578,#5579,#5580,#5581,#5582,#5583,#5584,#5585,#5586,
#5587,#5588,#5589,#5590),.UNSPECIFIED.,.F.,.F.,(4,3,3,3,3,3,3,4),(0.,0.907088482093873,
1.36063272314081,2.72126544628162,3.62835392837549,4.53544241046936,5.44253089256324,
6.34961937465711),.UNSPECIFIED.);
#75=B_SPLINE_CURVE_WITH_KNOTS('',3,(#5592,#5593,#5594,#5595),
 .UNSPECIFIED.,.F.,.F.,(4,4),(0.199999999999998,6.8),.UNSPECIFIED.);
#76=B_SPLINE_CURVE_WITH_KNOTS('',3,(#5597,#5598,#5599,#5600,#5601,#5602,
#5603,#5604,#5605,#5606,#5607,#5608,#5609,#5610,#5611,#5612,#5613,#5614,
#5615,#5616,#5617,#5618),.UNSPECIFIED.,.F.,.F.,(4,3,3,3,3,3,3,4),(0.,0.853603521894608,
1.70720704378922,2.56081056568383,3.41441408757843,4.69481937042034,5.12162113136765,
5.97522465326226),.UNSPECIFIED.);
#77=B_SPLINE_CURVE_WITH_KNOTS('',3,(#5619,#5620,#5621,#5622),
 .UNSPECIFIED.,.F.,.F.,(4,4),(-6.8,-0.199999999999998),.UNSPECIFIED.);
#78=B_SPLINE_CURVE_WITH_KNOTS('',3,(#5687,#5688,#5689,#5690,#5691,#5692,
#5693,#5694,#5695,#5696,#5697,#5698,#5699,#5700,#5701,#5702,#5703,#5704,
#5705,#5706,#5707,#5708),.UNSPECIFIED.,.F.,.F.,(4,3,3,3,3,3,3,4),(0.,0.951738731860542,
1.42760809779081,2.85521619558163,3.80695492744217,4.75869365930271,5.71043239116325,
6.66217112302379),.UNSPECIFIED.);
#79=B_SPLINE_CURVE_WITH_KNOTS('',3,(#5710,#5711,#5712,#5713),
 .UNSPECIFIED.,.F.,.F.,(4,4),(-7.,3.5527136788005E-15),.UNSPECIFIED.);
#80=B_SPLINE_CURVE_WITH_KNOTS('',3,(#5715,#5716,#5717,#5718,#5719,#5720,
#5721,#5722,#5723,#5724,#5725,#5726,#5727,#5728,#5729,#5730,#5731,#5732,
#5733,#5734,#5735,#5736),.UNSPECIFIED.,.F.,.F.,(4,3,3,3,3,3,3,4),(4.44089209850063E-16,
0.898660711135606,1.79732142227121,2.69598213340682,3.59464284454242,4.94263391124583,
5.39196426681363,6.29062497794924),.UNSPECIFIED.);
#81=B_SPLINE_CURVE_WITH_KNOTS('',3,(#5737,#5738,#5739,#5740),
 .UNSPECIFIED.,.F.,.F.,(4,4),(-3.5527136788005E-15,7.),.UNSPECIFIED.);
#82=SHAPE_REPRESENTATION_RELATIONSHIP('SRR','None',#6302,#97);
#83=SHAPE_REPRESENTATION_RELATIONSHIP('SRR','None',#6303,#98);
#84=SHAPE_REPRESENTATION_RELATIONSHIP('SRR','None',#6304,#99);
#85=SHAPE_REPRESENTATION_RELATIONSHIP('SRR','None',#6305,#100);
#86=SHAPE_REPRESENTATION_RELATIONSHIP('SRR','None',#6306,#101);
#87=SHAPE_REPRESENTATION_RELATIONSHIP('SRR','None',#6307,#102);
#88=SHAPE_REPRESENTATION_RELATIONSHIP('SRR','None',#6308,#103);
#89=SHAPE_REPRESENTATION_RELATIONSHIP('SRR','None',#6309,#104);
#90=SHAPE_REPRESENTATION_RELATIONSHIP('SRR','None',#6310,#105);
#91=SHAPE_REPRESENTATION_RELATIONSHIP('SRR','None',#6311,#106);
#92=SHAPE_REPRESENTATION_RELATIONSHIP('SRR','None',#6312,#107);
#93=SHAPE_REPRESENTATION_RELATIONSHIP('SRR','None',#6313,#108);
#94=SHAPE_REPRESENTATION_RELATIONSHIP('SRR','None',#6314,#109);
#95=SHAPE_REPRESENTATION_RELATIONSHIP('SRR','None',#6315,#110);
#96=SHAPE_REPRESENTATION_RELATIONSHIP('SRR','None',#6316,#111);
#97=ADVANCED_BREP_SHAPE_REPRESENTATION('',(#128,#129),#6234);
#98=ADVANCED_BREP_SHAPE_REPRESENTATION('',(#130),#6235);
#99=ADVANCED_BREP_SHAPE_REPRESENTATION('',(#131),#6236);
#100=ADVANCED_BREP_SHAPE_REPRESENTATION('',(#132),#6237);
#101=ADVANCED_BREP_SHAPE_REPRESENTATION('',(#133),#6238);
#102=ADVANCED_BREP_SHAPE_REPRESENTATION('',(#134),#6239);
#103=ADVANCED_BREP_SHAPE_REPRESENTATION('',(#135),#6240);
#104=ADVANCED_BREP_SHAPE_REPRESENTATION('',(#136),#6241);
#105=ADVANCED_BREP_SHAPE_REPRESENTATION('',(#137),#6242);
#106=ADVANCED_BREP_SHAPE_REPRESENTATION('',(#138),#6243);
#107=ADVANCED_BREP_SHAPE_REPRESENTATION('',(#139),#6244);
#108=ADVANCED_BREP_SHAPE_REPRESENTATION('',(#140),#6245);
#109=ADVANCED_BREP_SHAPE_REPRESENTATION('',(#141),#6246);
#110=ADVANCED_BREP_SHAPE_REPRESENTATION('',(#142),#6247);
#111=ADVANCED_BREP_SHAPE_REPRESENTATION('',(#143),#6248);
#112=STYLED_ITEM('',(#6385),#128);
#113=STYLED_ITEM('',(#6385),#129);
#114=STYLED_ITEM('',(#6385),#130);
#115=STYLED_ITEM('',(#6385),#131);
#116=STYLED_ITEM('',(#6385),#132);
#117=STYLED_ITEM('',(#6385),#133);
#118=STYLED_ITEM('',(#6385),#134);
#119=STYLED_ITEM('',(#6385),#135);
#120=STYLED_ITEM('',(#6385),#136);
#121=STYLED_ITEM('',(#6385),#137);
#122=STYLED_ITEM('',(#6385),#138);
#123=STYLED_ITEM('',(#6385),#139);
#124=STYLED_ITEM('',(#6385),#140);
#125=STYLED_ITEM('',(#6385),#141);
#126=STYLED_ITEM('',(#6385),#142);
#127=STYLED_ITEM('',(#6385),#143);
#128=MANIFOLD_SOLID_BREP('Body1',#3381);
#129=MANIFOLD_SOLID_BREP('Body2',#3382);
#130=MANIFOLD_SOLID_BREP('Body1',#3383);
#131=MANIFOLD_SOLID_BREP('Body1',#3384);
#132=MANIFOLD_SOLID_BREP('Body1',#3385);
#133=MANIFOLD_SOLID_BREP('Body1',#3386);
#134=MANIFOLD_SOLID_BREP('Body1',#3387);
#135=MANIFOLD_SOLID_BREP('Body1',#3388);
#136=MANIFOLD_SOLID_BREP('Body1',#3389);
#137=MANIFOLD_SOLID_BREP('Body1',#3390);
#138=MANIFOLD_SOLID_BREP('Body1',#3391);
#139=MANIFOLD_SOLID_BREP('Body1',#3392);
#140=MANIFOLD_SOLID_BREP('Body1',#3393);
#141=MANIFOLD_SOLID_BREP('Body1',#3394);
#142=MANIFOLD_SOLID_BREP('Body1',#3395);
#143=MANIFOLD_SOLID_BREP('Body1',#3396);
#144=FACE_BOUND('',#562,.T.);
#145=FACE_BOUND('',#565,.T.);
#146=FACE_BOUND('',#573,.T.);
#147=FACE_BOUND('',#589,.T.);
#148=FACE_BOUND('',#590,.T.);
#149=FACE_BOUND('',#591,.T.);
#150=FACE_BOUND('',#592,.T.);
#151=FACE_BOUND('',#600,.T.);
#152=FACE_BOUND('',#606,.T.);
#153=FACE_BOUND('',#608,.T.);
#154=FACE_BOUND('',#618,.T.);
#155=FACE_BOUND('',#626,.T.);
#156=FACE_BOUND('',#628,.T.);
#157=FACE_BOUND('',#639,.T.);
#158=FACE_BOUND('',#641,.T.);
#159=FACE_BOUND('',#652,.T.);
#160=FACE_BOUND('',#654,.T.);
#161=FACE_BOUND('',#665,.T.);
#162=FACE_BOUND('',#666,.T.);
#163=FACE_BOUND('',#675,.T.);
#164=FACE_BOUND('',#694,.T.);
#165=FACE_BOUND('',#698,.T.);
#166=FACE_BOUND('',#705,.T.);
#167=FACE_BOUND('',#714,.T.);
#168=FACE_BOUND('',#715,.T.);
#169=FACE_BOUND('',#719,.T.);
#170=FACE_BOUND('',#723,.T.);
#171=FACE_BOUND('',#729,.T.);
#172=FACE_BOUND('',#738,.T.);
#173=FACE_BOUND('',#739,.T.);
#174=FACE_BOUND('',#743,.T.);
#175=FACE_BOUND('',#750,.T.);
#176=FACE_BOUND('',#759,.T.);
#177=FACE_BOUND('',#760,.T.);
#178=FACE_BOUND('',#764,.T.);
#179=FACE_BOUND('',#768,.T.);
#180=FACE_BOUND('',#774,.T.);
#181=FACE_BOUND('',#783,.T.);
#182=FACE_BOUND('',#784,.T.);
#183=FACE_BOUND('',#804,.T.);
#184=FACE_BOUND('',#810,.T.);
#185=PLANE('',#3568);
#186=PLANE('',#3572);
#187=PLANE('',#3576);
#188=PLANE('',#3580);
#189=PLANE('',#3581);
#190=PLANE('',#3585);
#191=PLANE('',#3586);
#192=PLANE('',#3590);
#193=PLANE('',#3594);
#194=PLANE('',#3598);
#195=PLANE('',#3600);
#196=PLANE('',#3603);
#197=PLANE('',#3604);
#198=PLANE('',#3605);
#199=PLANE('',#3606);
#200=PLANE('',#3608);
#201=PLANE('',#3611);
#202=PLANE('',#3613);
#203=PLANE('',#3617);
#204=PLANE('',#3618);
#205=PLANE('',#3619);
#206=PLANE('',#3620);
#207=PLANE('',#3621);
#208=PLANE('',#3622);
#209=PLANE('',#3623);
#210=PLANE('',#3627);
#211=PLANE('',#3631);
#212=PLANE('',#3635);
#213=PLANE('',#3636);
#214=PLANE('',#3644);
#215=PLANE('',#3645);
#216=PLANE('',#3646);
#217=PLANE('',#3647);
#218=PLANE('',#3648);
#219=PLANE('',#3649);
#220=PLANE('',#3650);
#221=PLANE('',#3651);
#222=PLANE('',#3656);
#223=PLANE('',#3657);
#224=PLANE('',#3658);
#225=PLANE('',#3664);
#226=PLANE('',#3665);
#227=PLANE('',#3670);
#228=PLANE('',#3671);
#229=PLANE('',#3673);
#230=PLANE('',#3679);
#231=PLANE('',#3682);
#232=PLANE('',#3683);
#233=PLANE('',#3686);
#234=PLANE('',#3691);
#235=PLANE('',#3692);
#236=PLANE('',#3694);
#237=PLANE('',#3699);
#238=PLANE('',#3702);
#239=PLANE('',#3705);
#240=PLANE('',#3708);
#241=PLANE('',#3713);
#242=PLANE('',#3714);
#243=PLANE('',#3716);
#244=PLANE('',#3722);
#245=PLANE('',#3726);
#246=PLANE('',#3727);
#247=PLANE('',#3730);
#248=PLANE('',#3735);
#249=PLANE('',#3736);
#250=PLANE('',#3740);
#251=PLANE('',#3743);
#252=PLANE('',#3746);
#253=PLANE('',#3749);
#254=PLANE('',#3751);
#255=PLANE('',#3754);
#256=PLANE('',#3755);
#257=PLANE('',#3758);
#258=PLANE('',#3759);
#259=PLANE('',#3762);
#260=PLANE('',#3764);
#261=PLANE('',#3765);
#262=PLANE('',#3766);
#263=PLANE('',#3767);
#264=PLANE('',#3768);
#265=PLANE('',#3769);
#266=PLANE('',#3770);
#267=PLANE('',#3771);
#268=PLANE('',#3772);
#269=PLANE('',#3773);
#270=PLANE('',#3774);
#271=PLANE('',#3776);
#272=PLANE('',#3781);
#273=PLANE('',#3785);
#274=PLANE('',#3788);
#275=PLANE('',#3793);
#276=PLANE('',#3796);
#277=PLANE('',#3799);
#278=PLANE('',#3800);
#279=PLANE('',#3803);
#280=PLANE('',#3806);
#281=PLANE('',#3808);
#282=PLANE('',#3813);
#283=PLANE('',#3814);
#284=PLANE('',#3819);
#285=PLANE('',#3824);
#286=PLANE('',#3829);
#287=PLANE('',#3832);
#288=PLANE('',#3835);
#289=PLANE('',#3836);
#290=PLANE('',#3839);
#291=PLANE('',#3842);
#292=PLANE('',#3844);
#293=PLANE('',#3849);
#294=PLANE('',#3855);
#295=PLANE('',#3856);
#296=PLANE('',#3861);
#297=PLANE('',#3864);
#298=PLANE('',#3867);
#299=PLANE('',#3868);
#300=PLANE('',#3871);
#301=PLANE('',#3874);
#302=PLANE('',#3876);
#303=PLANE('',#3881);
#304=PLANE('',#3882);
#305=PLANE('',#3887);
#306=PLANE('',#3892);
#307=PLANE('',#3897);
#308=PLANE('',#3900);
#309=PLANE('',#3903);
#310=PLANE('',#3904);
#311=PLANE('',#3907);
#312=PLANE('',#3910);
#313=PLANE('',#3912);
#314=PLANE('',#3914);
#315=PLANE('',#3915);
#316=PLANE('',#3917);
#317=PLANE('',#3922);
#318=PLANE('',#3923);
#319=PLANE('',#3924);
#320=PLANE('',#3925);
#321=PLANE('',#3926);
#322=PLANE('',#3930);
#323=PLANE('',#3931);
#324=PLANE('',#3935);
#325=PLANE('',#3936);
#326=PLANE('',#3938);
#327=PLANE('',#3939);
#328=PLANE('',#3940);
#329=PLANE('',#3941);
#330=PLANE('',#3942);
#331=PLANE('',#3943);
#332=PLANE('',#3946);
#333=FACE_OUTER_BOUND('',#553,.T.);
#334=FACE_OUTER_BOUND('',#554,.T.);
#335=FACE_OUTER_BOUND('',#555,.T.);
#336=FACE_OUTER_BOUND('',#556,.T.);
#337=FACE_OUTER_BOUND('',#557,.T.);
#338=FACE_OUTER_BOUND('',#558,.T.);
#339=FACE_OUTER_BOUND('',#559,.T.);
#340=FACE_OUTER_BOUND('',#560,.T.);
#341=FACE_OUTER_BOUND('',#561,.T.);
#342=FACE_OUTER_BOUND('',#563,.T.);
#343=FACE_OUTER_BOUND('',#564,.T.);
#344=FACE_OUTER_BOUND('',#566,.T.);
#345=FACE_OUTER_BOUND('',#567,.T.);
#346=FACE_OUTER_BOUND('',#568,.T.);
#347=FACE_OUTER_BOUND('',#569,.T.);
#348=FACE_OUTER_BOUND('',#570,.T.);
#349=FACE_OUTER_BOUND('',#571,.T.);
#350=FACE_OUTER_BOUND('',#572,.T.);
#351=FACE_OUTER_BOUND('',#574,.T.);
#352=FACE_OUTER_BOUND('',#575,.T.);
#353=FACE_OUTER_BOUND('',#576,.T.);
#354=FACE_OUTER_BOUND('',#577,.T.);
#355=FACE_OUTER_BOUND('',#578,.T.);
#356=FACE_OUTER_BOUND('',#579,.T.);
#357=FACE_OUTER_BOUND('',#580,.T.);
#358=FACE_OUTER_BOUND('',#581,.T.);
#359=FACE_OUTER_BOUND('',#582,.T.);
#360=FACE_OUTER_BOUND('',#583,.T.);
#361=FACE_OUTER_BOUND('',#584,.T.);
#362=FACE_OUTER_BOUND('',#585,.T.);
#363=FACE_OUTER_BOUND('',#586,.T.);
#364=FACE_OUTER_BOUND('',#587,.T.);
#365=FACE_OUTER_BOUND('',#588,.T.);
#366=FACE_OUTER_BOUND('',#593,.T.);
#367=FACE_OUTER_BOUND('',#594,.T.);
#368=FACE_OUTER_BOUND('',#595,.T.);
#369=FACE_OUTER_BOUND('',#596,.T.);
#370=FACE_OUTER_BOUND('',#597,.T.);
#371=FACE_OUTER_BOUND('',#598,.T.);
#372=FACE_OUTER_BOUND('',#599,.T.);
#373=FACE_OUTER_BOUND('',#601,.T.);
#374=FACE_OUTER_BOUND('',#602,.T.);
#375=FACE_OUTER_BOUND('',#603,.T.);
#376=FACE_OUTER_BOUND('',#604,.T.);
#377=FACE_OUTER_BOUND('',#605,.T.);
#378=FACE_OUTER_BOUND('',#607,.T.);
#379=FACE_OUTER_BOUND('',#609,.T.);
#380=FACE_OUTER_BOUND('',#610,.T.);
#381=FACE_OUTER_BOUND('',#611,.T.);
#382=FACE_OUTER_BOUND('',#612,.T.);
#383=FACE_OUTER_BOUND('',#613,.T.);
#384=FACE_OUTER_BOUND('',#614,.T.);
#385=FACE_OUTER_BOUND('',#615,.T.);
#386=FACE_OUTER_BOUND('',#616,.T.);
#387=FACE_OUTER_BOUND('',#617,.T.);
#388=FACE_OUTER_BOUND('',#619,.T.);
#389=FACE_OUTER_BOUND('',#620,.T.);
#390=FACE_OUTER_BOUND('',#621,.T.);
#391=FACE_OUTER_BOUND('',#622,.T.);
#392=FACE_OUTER_BOUND('',#623,.T.);
#393=FACE_OUTER_BOUND('',#624,.T.);
#394=FACE_OUTER_BOUND('',#625,.T.);
#395=FACE_OUTER_BOUND('',#627,.T.);
#396=FACE_OUTER_BOUND('',#629,.T.);
#397=FACE_OUTER_BOUND('',#630,.T.);
#398=FACE_OUTER_BOUND('',#631,.T.);
#399=FACE_OUTER_BOUND('',#632,.T.);
#400=FACE_OUTER_BOUND('',#633,.T.);
#401=FACE_OUTER_BOUND('',#634,.T.);
#402=FACE_OUTER_BOUND('',#635,.T.);
#403=FACE_OUTER_BOUND('',#636,.T.);
#404=FACE_OUTER_BOUND('',#637,.T.);
#405=FACE_OUTER_BOUND('',#638,.T.);
#406=FACE_OUTER_BOUND('',#640,.T.);
#407=FACE_OUTER_BOUND('',#642,.T.);
#408=FACE_OUTER_BOUND('',#643,.T.);
#409=FACE_OUTER_BOUND('',#644,.T.);
#410=FACE_OUTER_BOUND('',#645,.T.);
#411=FACE_OUTER_BOUND('',#646,.T.);
#412=FACE_OUTER_BOUND('',#647,.T.);
#413=FACE_OUTER_BOUND('',#648,.T.);
#414=FACE_OUTER_BOUND('',#649,.T.);
#415=FACE_OUTER_BOUND('',#650,.T.);
#416=FACE_OUTER_BOUND('',#651,.T.);
#417=FACE_OUTER_BOUND('',#653,.T.);
#418=FACE_OUTER_BOUND('',#655,.T.);
#419=FACE_OUTER_BOUND('',#656,.T.);
#420=FACE_OUTER_BOUND('',#657,.T.);
#421=FACE_OUTER_BOUND('',#658,.T.);
#422=FACE_OUTER_BOUND('',#659,.T.);
#423=FACE_OUTER_BOUND('',#660,.T.);
#424=FACE_OUTER_BOUND('',#661,.T.);
#425=FACE_OUTER_BOUND('',#662,.T.);
#426=FACE_OUTER_BOUND('',#663,.T.);
#427=FACE_OUTER_BOUND('',#664,.T.);
#428=FACE_OUTER_BOUND('',#667,.T.);
#429=FACE_OUTER_BOUND('',#668,.T.);
#430=FACE_OUTER_BOUND('',#669,.T.);
#431=FACE_OUTER_BOUND('',#670,.T.);
#432=FACE_OUTER_BOUND('',#671,.T.);
#433=FACE_OUTER_BOUND('',#672,.T.);
#434=FACE_OUTER_BOUND('',#673,.T.);
#435=FACE_OUTER_BOUND('',#674,.T.);
#436=FACE_OUTER_BOUND('',#676,.T.);
#437=FACE_OUTER_BOUND('',#677,.T.);
#438=FACE_OUTER_BOUND('',#678,.T.);
#439=FACE_OUTER_BOUND('',#679,.T.);
#440=FACE_OUTER_BOUND('',#680,.T.);
#441=FACE_OUTER_BOUND('',#681,.T.);
#442=FACE_OUTER_BOUND('',#682,.T.);
#443=FACE_OUTER_BOUND('',#683,.T.);
#444=FACE_OUTER_BOUND('',#684,.T.);
#445=FACE_OUTER_BOUND('',#685,.T.);
#446=FACE_OUTER_BOUND('',#686,.T.);
#447=FACE_OUTER_BOUND('',#687,.T.);
#448=FACE_OUTER_BOUND('',#688,.T.);
#449=FACE_OUTER_BOUND('',#689,.T.);
#450=FACE_OUTER_BOUND('',#690,.T.);
#451=FACE_OUTER_BOUND('',#691,.T.);
#452=FACE_OUTER_BOUND('',#692,.T.);
#453=FACE_OUTER_BOUND('',#693,.T.);
#454=FACE_OUTER_BOUND('',#695,.T.);
#455=FACE_OUTER_BOUND('',#696,.T.);
#456=FACE_OUTER_BOUND('',#697,.T.);
#457=FACE_OUTER_BOUND('',#699,.T.);
#458=FACE_OUTER_BOUND('',#700,.T.);
#459=FACE_OUTER_BOUND('',#701,.T.);
#460=FACE_OUTER_BOUND('',#702,.T.);
#461=FACE_OUTER_BOUND('',#703,.T.);
#462=FACE_OUTER_BOUND('',#704,.T.);
#463=FACE_OUTER_BOUND('',#706,.T.);
#464=FACE_OUTER_BOUND('',#707,.T.);
#465=FACE_OUTER_BOUND('',#708,.T.);
#466=FACE_OUTER_BOUND('',#709,.T.);
#467=FACE_OUTER_BOUND('',#710,.T.);
#468=FACE_OUTER_BOUND('',#711,.T.);
#469=FACE_OUTER_BOUND('',#712,.T.);
#470=FACE_OUTER_BOUND('',#713,.T.);
#471=FACE_OUTER_BOUND('',#716,.T.);
#472=FACE_OUTER_BOUND('',#717,.T.);
#473=FACE_OUTER_BOUND('',#718,.T.);
#474=FACE_OUTER_BOUND('',#720,.T.);
#475=FACE_OUTER_BOUND('',#721,.T.);
#476=FACE_OUTER_BOUND('',#722,.T.);
#477=FACE_OUTER_BOUND('',#724,.T.);
#478=FACE_OUTER_BOUND('',#725,.T.);
#479=FACE_OUTER_BOUND('',#726,.T.);
#480=FACE_OUTER_BOUND('',#727,.T.);
#481=FACE_OUTER_BOUND('',#728,.T.);
#482=FACE_OUTER_BOUND('',#730,.T.);
#483=FACE_OUTER_BOUND('',#731,.T.);
#484=FACE_OUTER_BOUND('',#732,.T.);
#485=FACE_OUTER_BOUND('',#733,.T.);
#486=FACE_OUTER_BOUND('',#734,.T.);
#487=FACE_OUTER_BOUND('',#735,.T.);
#488=FACE_OUTER_BOUND('',#736,.T.);
#489=FACE_OUTER_BOUND('',#737,.T.);
#490=FACE_OUTER_BOUND('',#740,.T.);
#491=FACE_OUTER_BOUND('',#741,.T.);
#492=FACE_OUTER_BOUND('',#742,.T.);
#493=FACE_OUTER_BOUND('',#744,.T.);
#494=FACE_OUTER_BOUND('',#745,.T.);
#495=FACE_OUTER_BOUND('',#746,.T.);
#496=FACE_OUTER_BOUND('',#747,.T.);
#497=FACE_OUTER_BOUND('',#748,.T.);
#498=FACE_OUTER_BOUND('',#749,.T.);
#499=FACE_OUTER_BOUND('',#751,.T.);
#500=FACE_OUTER_BOUND('',#752,.T.);
#501=FACE_OUTER_BOUND('',#753,.T.);
#502=FACE_OUTER_BOUND('',#754,.T.);
#503=FACE_OUTER_BOUND('',#755,.T.);
#504=FACE_OUTER_BOUND('',#756,.T.);
#505=FACE_OUTER_BOUND('',#757,.T.);
#506=FACE_OUTER_BOUND('',#758,.T.);
#507=FACE_OUTER_BOUND('',#761,.T.);
#508=FACE_OUTER_BOUND('',#762,.T.);
#509=FACE_OUTER_BOUND('',#763,.T.);
#510=FACE_OUTER_BOUND('',#765,.T.);
#511=FACE_OUTER_BOUND('',#766,.T.);
#512=FACE_OUTER_BOUND('',#767,.T.);
#513=FACE_OUTER_BOUND('',#769,.T.);
#514=FACE_OUTER_BOUND('',#770,.T.);
#515=FACE_OUTER_BOUND('',#771,.T.);
#516=FACE_OUTER_BOUND('',#772,.T.);
#517=FACE_OUTER_BOUND('',#773,.T.);
#518=FACE_OUTER_BOUND('',#775,.T.);
#519=FACE_OUTER_BOUND('',#776,.T.);
#520=FACE_OUTER_BOUND('',#777,.T.);
#521=FACE_OUTER_BOUND('',#778,.T.);
#522=FACE_OUTER_BOUND('',#779,.T.);
#523=FACE_OUTER_BOUND('',#780,.T.);
#524=FACE_OUTER_BOUND('',#781,.T.);
#525=FACE_OUTER_BOUND('',#782,.T.);
#526=FACE_OUTER_BOUND('',#785,.T.);
#527=FACE_OUTER_BOUND('',#786,.T.);
#528=FACE_OUTER_BOUND('',#787,.T.);
#529=FACE_OUTER_BOUND('',#788,.T.);
#530=FACE_OUTER_BOUND('',#789,.T.);
#531=FACE_OUTER_BOUND('',#790,.T.);
#532=FACE_OUTER_BOUND('',#791,.T.);
#533=FACE_OUTER_BOUND('',#792,.T.);
#534=FACE_OUTER_BOUND('',#793,.T.);
#535=FACE_OUTER_BOUND('',#794,.T.);
#536=FACE_OUTER_BOUND('',#795,.T.);
#537=FACE_OUTER_BOUND('',#796,.T.);
#538=FACE_OUTER_BOUND('',#797,.T.);
#539=FACE_OUTER_BOUND('',#798,.T.);
#540=FACE_OUTER_BOUND('',#799,.T.);
#541=FACE_OUTER_BOUND('',#800,.T.);
#542=FACE_OUTER_BOUND('',#801,.T.);
#543=FACE_OUTER_BOUND('',#802,.T.);
#544=FACE_OUTER_BOUND('',#803,.T.);
#545=FACE_OUTER_BOUND('',#805,.T.);
#546=FACE_OUTER_BOUND('',#806,.T.);
#547=FACE_OUTER_BOUND('',#807,.T.);
#548=FACE_OUTER_BOUND('',#808,.T.);
#549=FACE_OUTER_BOUND('',#809,.T.);
#550=FACE_OUTER_BOUND('',#811,.T.);
#551=FACE_OUTER_BOUND('',#812,.T.);
#552=FACE_OUTER_BOUND('',#813,.T.);
#553=EDGE_LOOP('',(#2227,#2228,#2229,#2230));
#554=EDGE_LOOP('',(#2231));
#555=EDGE_LOOP('',(#2232,#2233,#2234,#2235));
#556=EDGE_LOOP('',(#2236));
#557=EDGE_LOOP('',(#2237,#2238,#2239,#2240));
#558=EDGE_LOOP('',(#2241));
#559=EDGE_LOOP('',(#2242,#2243,#2244,#2245));
#560=EDGE_LOOP('',(#2246));
#561=EDGE_LOOP('',(#2247,#2248,#2249,#2250));
#562=EDGE_LOOP('',(#2251));
#563=EDGE_LOOP('',(#2252,#2253,#2254,#2255));
#564=EDGE_LOOP('',(#2256,#2257,#2258,#2259));
#565=EDGE_LOOP('',(#2260));
#566=EDGE_LOOP('',(#2261,#2262,#2263,#2264));
#567=EDGE_LOOP('',(#2265,#2266,#2267,#2268));
#568=EDGE_LOOP('',(#2269));
#569=EDGE_LOOP('',(#2270,#2271,#2272,#2273));
#570=EDGE_LOOP('',(#2274));
#571=EDGE_LOOP('',(#2275,#2276,#2277,#2278));
#572=EDGE_LOOP('',(#2279,#2280,#2281,#2282,#2283,#2284));
#573=EDGE_LOOP('',(#2285));
#574=EDGE_LOOP('',(#2286,#2287,#2288,#2289));
#575=EDGE_LOOP('',(#2290,#2291,#2292,#2293));
#576=EDGE_LOOP('',(#2294,#2295,#2296,#2297,#2298,#2299));
#577=EDGE_LOOP('',(#2300,#2301,#2302,#2303));
#578=EDGE_LOOP('',(#2304,#2305,#2306,#2307));
#579=EDGE_LOOP('',(#2308,#2309));
#580=EDGE_LOOP('',(#2310,#2311,#2312));
#581=EDGE_LOOP('',(#2313,#2314));
#582=EDGE_LOOP('',(#2315,#2316));
#583=EDGE_LOOP('',(#2317,#2318,#2319,#2320,#2321,#2322,#2323,#2324));
#584=EDGE_LOOP('',(#2325,#2326,#2327,#2328));
#585=EDGE_LOOP('',(#2329,#2330,#2331,#2332));
#586=EDGE_LOOP('',(#2333,#2334,#2335,#2336));
#587=EDGE_LOOP('',(#2337,#2338,#2339,#2340,#2341,#2342,#2343,#2344));
#588=EDGE_LOOP('',(#2345,#2346,#2347,#2348,#2349,#2350,#2351,#2352));
#589=EDGE_LOOP('',(#2353));
#590=EDGE_LOOP('',(#2354));
#591=EDGE_LOOP('',(#2355));
#592=EDGE_LOOP('',(#2356));
#593=EDGE_LOOP('',(#2357,#2358,#2359,#2360));
#594=EDGE_LOOP('',(#2361));
#595=EDGE_LOOP('',(#2362,#2363,#2364,#2365));
#596=EDGE_LOOP('',(#2366));
#597=EDGE_LOOP('',(#2367,#2368,#2369,#2370));
#598=EDGE_LOOP('',(#2371));
#599=EDGE_LOOP('',(#2372,#2373,#2374,#2375));
#600=EDGE_LOOP('',(#2376));
#601=EDGE_LOOP('',(#2377));
#602=EDGE_LOOP('',(#2378));
#603=EDGE_LOOP('',(#2379,#2380,#2381,#2382));
#604=EDGE_LOOP('',(#2383,#2384,#2385,#2386));
#605=EDGE_LOOP('',(#2387));
#606=EDGE_LOOP('',(#2388));
#607=EDGE_LOOP('',(#2389,#2390,#2391,#2392));
#608=EDGE_LOOP('',(#2393));
#609=EDGE_LOOP('',(#2394));
#610=EDGE_LOOP('',(#2395,#2396,#2397,#2398));
#611=EDGE_LOOP('',(#2399,#2400,#2401,#2402));
#612=EDGE_LOOP('',(#2403,#2404,#2405,#2406));
#613=EDGE_LOOP('',(#2407,#2408,#2409,#2410));
#614=EDGE_LOOP('',(#2411,#2412,#2413,#2414));
#615=EDGE_LOOP('',(#2415,#2416,#2417,#2418));
#616=EDGE_LOOP('',(#2419));
#617=EDGE_LOOP('',(#2420,#2421,#2422,#2423));
#618=EDGE_LOOP('',(#2424));
#619=EDGE_LOOP('',(#2425,#2426,#2427));
#620=EDGE_LOOP('',(#2428,#2429,#2430,#2431,#2432,#2433,#2434,#2435));
#621=EDGE_LOOP('',(#2436,#2437));
#622=EDGE_LOOP('',(#2438));
#623=EDGE_LOOP('',(#2439,#2440,#2441,#2442));
#624=EDGE_LOOP('',(#2443));
#625=EDGE_LOOP('',(#2444));
#626=EDGE_LOOP('',(#2445));
#627=EDGE_LOOP('',(#2446,#2447,#2448,#2449));
#628=EDGE_LOOP('',(#2450));
#629=EDGE_LOOP('',(#2451,#2452,#2453,#2454,#2455,#2456,#2457));
#630=EDGE_LOOP('',(#2458,#2459,#2460,#2461));
#631=EDGE_LOOP('',(#2462,#2463,#2464,#2465));
#632=EDGE_LOOP('',(#2466,#2467,#2468,#2469));
#633=EDGE_LOOP('',(#2470,#2471,#2472,#2473));
#634=EDGE_LOOP('',(#2474,#2475,#2476,#2477));
#635=EDGE_LOOP('',(#2478));
#636=EDGE_LOOP('',(#2479,#2480,#2481,#2482));
#637=EDGE_LOOP('',(#2483));
#638=EDGE_LOOP('',(#2484));
#639=EDGE_LOOP('',(#2485));
#640=EDGE_LOOP('',(#2486,#2487,#2488,#2489,#2490));
#641=EDGE_LOOP('',(#2491));
#642=EDGE_LOOP('',(#2492,#2493,#2494,#2495));
#643=EDGE_LOOP('',(#2496,#2497,#2498,#2499,#2500,#2501,#2502,#2503));
#644=EDGE_LOOP('',(#2504,#2505,#2506,#2507));
#645=EDGE_LOOP('',(#2508,#2509,#2510,#2511));
#646=EDGE_LOOP('',(#2512,#2513,#2514,#2515));
#647=EDGE_LOOP('',(#2516,#2517,#2518,#2519));
#648=EDGE_LOOP('',(#2520));
#649=EDGE_LOOP('',(#2521,#2522,#2523,#2524));
#650=EDGE_LOOP('',(#2525));
#651=EDGE_LOOP('',(#2526));
#652=EDGE_LOOP('',(#2527));
#653=EDGE_LOOP('',(#2528,#2529,#2530,#2531));
#654=EDGE_LOOP('',(#2532));
#655=EDGE_LOOP('',(#2533,#2534,#2535,#2536));
#656=EDGE_LOOP('',(#2537,#2538,#2539,#2540));
#657=EDGE_LOOP('',(#2541,#2542,#2543,#2544,#2545,#2546,#2547,#2548));
#658=EDGE_LOOP('',(#2549,#2550,#2551,#2552));
#659=EDGE_LOOP('',(#2553,#2554,#2555,#2556,#2557));
#660=EDGE_LOOP('',(#2558,#2559,#2560,#2561));
#661=EDGE_LOOP('',(#2562));
#662=EDGE_LOOP('',(#2563,#2564,#2565,#2566));
#663=EDGE_LOOP('',(#2567));
#664=EDGE_LOOP('',(#2568,#2569,#2570,#2571));
#665=EDGE_LOOP('',(#2572));
#666=EDGE_LOOP('',(#2573));
#667=EDGE_LOOP('',(#2574,#2575,#2576,#2577));
#668=EDGE_LOOP('',(#2578,#2579,#2580,#2581));
#669=EDGE_LOOP('',(#2582,#2583,#2584,#2585));
#670=EDGE_LOOP('',(#2586,#2587,#2588,#2589));
#671=EDGE_LOOP('',(#2590,#2591,#2592,#2593));
#672=EDGE_LOOP('',(#2594,#2595,#2596,#2597));
#673=EDGE_LOOP('',(#2598));
#674=EDGE_LOOP('',(#2599,#2600,#2601,#2602));
#675=EDGE_LOOP('',(#2603));
#676=EDGE_LOOP('',(#2604,#2605,#2606,#2607));
#677=EDGE_LOOP('',(#2608,#2609,#2610,#2611));
#678=EDGE_LOOP('',(#2612,#2613,#2614,#2615));
#679=EDGE_LOOP('',(#2616,#2617,#2618,#2619));
#680=EDGE_LOOP('',(#2620,#2621,#2622,#2623));
#681=EDGE_LOOP('',(#2624,#2625,#2626,#2627));
#682=EDGE_LOOP('',(#2628));
#683=EDGE_LOOP('',(#2629,#2630,#2631,#2632));
#684=EDGE_LOOP('',(#2633,#2634,#2635,#2636,#2637));
#685=EDGE_LOOP('',(#2638,#2639,#2640,#2641));
#686=EDGE_LOOP('',(#2642,#2643,#2644,#2645,#2646));
#687=EDGE_LOOP('',(#2647,#2648,#2649,#2650));
#688=EDGE_LOOP('',(#2651,#2652,#2653,#2654));
#689=EDGE_LOOP('',(#2655,#2656,#2657,#2658));
#690=EDGE_LOOP('',(#2659,#2660,#2661,#2662,#2663));
#691=EDGE_LOOP('',(#2664,#2665,#2666,#2667));
#692=EDGE_LOOP('',(#2668,#2669,#2670,#2671,#2672));
#693=EDGE_LOOP('',(#2673,#2674,#2675,#2676));
#694=EDGE_LOOP('',(#2677,#2678,#2679,#2680));
#695=EDGE_LOOP('',(#2681,#2682,#2683,#2684));
#696=EDGE_LOOP('',(#2685,#2686,#2687,#2688));
#697=EDGE_LOOP('',(#2689));
#698=EDGE_LOOP('',(#2690));
#699=EDGE_LOOP('',(#2691,#2692,#2693,#2694));
#700=EDGE_LOOP('',(#2695));
#701=EDGE_LOOP('',(#2696,#2697,#2698,#2699));
#702=EDGE_LOOP('',(#2700));
#703=EDGE_LOOP('',(#2701,#2702,#2703,#2704));
#704=EDGE_LOOP('',(#2705,#2706,#2707,#2708,#2709,#2710,#2711));
#705=EDGE_LOOP('',(#2712));
#706=EDGE_LOOP('',(#2713,#2714,#2715,#2716));
#707=EDGE_LOOP('',(#2717,#2718,#2719,#2720));
#708=EDGE_LOOP('',(#2721,#2722,#2723,#2724));
#709=EDGE_LOOP('',(#2725,#2726,#2727,#2728));
#710=EDGE_LOOP('',(#2729,#2730,#2731,#2732));
#711=EDGE_LOOP('',(#2733,#2734,#2735,#2736));
#712=EDGE_LOOP('',(#2737,#2738,#2739,#2740));
#713=EDGE_LOOP('',(#2741,#2742,#2743,#2744,#2745,#2746,#2747));
#714=EDGE_LOOP('',(#2748));
#715=EDGE_LOOP('',(#2749));
#716=EDGE_LOOP('',(#2750,#2751,#2752,#2753));
#717=EDGE_LOOP('',(#2754));
#718=EDGE_LOOP('',(#2755));
#719=EDGE_LOOP('',(#2756));
#720=EDGE_LOOP('',(#2757,#2758,#2759,#2760));
#721=EDGE_LOOP('',(#2761));
#722=EDGE_LOOP('',(#2762));
#723=EDGE_LOOP('',(#2763));
#724=EDGE_LOOP('',(#2764,#2765,#2766,#2767));
#725=EDGE_LOOP('',(#2768));
#726=EDGE_LOOP('',(#2769,#2770,#2771,#2772));
#727=EDGE_LOOP('',(#2773,#2774,#2775,#2776));
#728=EDGE_LOOP('',(#2777,#2778,#2779,#2780,#2781,#2782,#2783));
#729=EDGE_LOOP('',(#2784));
#730=EDGE_LOOP('',(#2785,#2786,#2787,#2788));
#731=EDGE_LOOP('',(#2789,#2790,#2791,#2792));
#732=EDGE_LOOP('',(#2793,#2794,#2795,#2796));
#733=EDGE_LOOP('',(#2797,#2798,#2799,#2800));
#734=EDGE_LOOP('',(#2801,#2802,#2803,#2804));
#735=EDGE_LOOP('',(#2805,#2806,#2807,#2808));
#736=EDGE_LOOP('',(#2809,#2810,#2811,#2812));
#737=EDGE_LOOP('',(#2813,#2814,#2815,#2816,#2817,#2818,#2819));
#738=EDGE_LOOP('',(#2820));
#739=EDGE_LOOP('',(#2821));
#740=EDGE_LOOP('',(#2822,#2823,#2824,#2825));
#741=EDGE_LOOP('',(#2826));
#742=EDGE_LOOP('',(#2827));
#743=EDGE_LOOP('',(#2828));
#744=EDGE_LOOP('',(#2829,#2830,#2831,#2832));
#745=EDGE_LOOP('',(#2833));
#746=EDGE_LOOP('',(#2834,#2835,#2836,#2837));
#747=EDGE_LOOP('',(#2838,#2839,#2840,#2841));
#748=EDGE_LOOP('',(#2842));
#749=EDGE_LOOP('',(#2843,#2844,#2845,#2846,#2847,#2848,#2849));
#750=EDGE_LOOP('',(#2850));
#751=EDGE_LOOP('',(#2851,#2852,#2853,#2854));
#752=EDGE_LOOP('',(#2855,#2856,#2857,#2858));
#753=EDGE_LOOP('',(#2859,#2860,#2861,#2862));
#754=EDGE_LOOP('',(#2863,#2864,#2865,#2866));
#755=EDGE_LOOP('',(#2867,#2868,#2869,#2870));
#756=EDGE_LOOP('',(#2871,#2872,#2873,#2874));
#757=EDGE_LOOP('',(#2875,#2876,#2877,#2878));
#758=EDGE_LOOP('',(#2879,#2880,#2881,#2882,#2883,#2884,#2885));
#759=EDGE_LOOP('',(#2886));
#760=EDGE_LOOP('',(#2887));
#761=EDGE_LOOP('',(#2888,#2889,#2890,#2891));
#762=EDGE_LOOP('',(#2892));
#763=EDGE_LOOP('',(#2893));
#764=EDGE_LOOP('',(#2894));
#765=EDGE_LOOP('',(#2895,#2896,#2897,#2898));
#766=EDGE_LOOP('',(#2899));
#767=EDGE_LOOP('',(#2900));
#768=EDGE_LOOP('',(#2901));
#769=EDGE_LOOP('',(#2902,#2903,#2904,#2905));
#770=EDGE_LOOP('',(#2906));
#771=EDGE_LOOP('',(#2907,#2908,#2909,#2910));
#772=EDGE_LOOP('',(#2911,#2912,#2913,#2914));
#773=EDGE_LOOP('',(#2915,#2916,#2917,#2918,#2919,#2920,#2921));
#774=EDGE_LOOP('',(#2922));
#775=EDGE_LOOP('',(#2923,#2924,#2925,#2926));
#776=EDGE_LOOP('',(#2927,#2928,#2929,#2930));
#777=EDGE_LOOP('',(#2931,#2932,#2933,#2934));
#778=EDGE_LOOP('',(#2935,#2936,#2937,#2938));
#779=EDGE_LOOP('',(#2939,#2940,#2941,#2942));
#780=EDGE_LOOP('',(#2943,#2944,#2945,#2946));
#781=EDGE_LOOP('',(#2947,#2948,#2949,#2950));
#782=EDGE_LOOP('',(#2951,#2952,#2953,#2954,#2955,#2956,#2957));
#783=EDGE_LOOP('',(#2958));
#784=EDGE_LOOP('',(#2959));
#785=EDGE_LOOP('',(#2960,#2961,#2962,#2963));
#786=EDGE_LOOP('',(#2964));
#787=EDGE_LOOP('',(#2965,#2966,#2967,#2968,#2969));
#788=EDGE_LOOP('',(#2970,#2971,#2972,#2973,#2974,#2975,#2976,#2977));
#789=EDGE_LOOP('',(#2978,#2979,#2980,#2981,#2982));
#790=EDGE_LOOP('',(#2983,#2984,#2985,#2986));
#791=EDGE_LOOP('',(#2987,#2988,#2989,#2990));
#792=EDGE_LOOP('',(#2991,#2992,#2993,#2994));
#793=EDGE_LOOP('',(#2995,#2996,#2997,#2998));
#794=EDGE_LOOP('',(#2999,#3000,#3001,#3002));
#795=EDGE_LOOP('',(#3003,#3004,#3005,#3006,#3007));
#796=EDGE_LOOP('',(#3008,#3009,#3010,#3011));
#797=EDGE_LOOP('',(#3012,#3013,#3014,#3015,#3016));
#798=EDGE_LOOP('',(#3017,#3018,#3019,#3020));
#799=EDGE_LOOP('',(#3021,#3022,#3023,#3024,#3025,#3026,#3027,#3028));
#800=EDGE_LOOP('',(#3029,#3030,#3031,#3032,#3033));
#801=EDGE_LOOP('',(#3034,#3035,#3036,#3037));
#802=EDGE_LOOP('',(#3038,#3039,#3040,#3041));
#803=EDGE_LOOP('',(#3042,#3043,#3044,#3045,#3046));
#804=EDGE_LOOP('',(#3047));
#805=EDGE_LOOP('',(#3048,#3049,#3050,#3051));
#806=EDGE_LOOP('',(#3052,#3053,#3054,#3055));
#807=EDGE_LOOP('',(#3056,#3057,#3058,#3059,#3060));
#808=EDGE_LOOP('',(#3061,#3062,#3063,#3064));
#809=EDGE_LOOP('',(#3065,#3066,#3067,#3068,#3069,#3070,#3071,#3072));
#810=EDGE_LOOP('',(#3073,#3074,#3075,#3076,#3077,#3078,#3079,#3080));
#811=EDGE_LOOP('',(#3081,#3082,#3083,#3084,#3085));
#812=EDGE_LOOP('',(#3086,#3087,#3088,#3089));
#813=EDGE_LOOP('',(#3090));
#814=LINE('',#5039,#1087);
#815=LINE('',#5046,#1088);
#816=LINE('',#5053,#1089);
#817=LINE('',#5060,#1090);
#818=LINE('',#5068,#1091);
#819=LINE('',#5070,#1092);
#820=LINE('',#5071,#1093);
#821=LINE('',#5074,#1094);
#822=LINE('',#5077,#1095);
#823=LINE('',#5080,#1096);
#824=LINE('',#5082,#1097);
#825=LINE('',#5083,#1098);
#826=LINE('',#5085,#1099);
#827=LINE('',#5090,#1100);
#828=LINE('',#5097,#1101);
#829=LINE('',#5105,#1102);
#830=LINE('',#5108,#1103);
#831=LINE('',#5111,#1104);
#832=LINE('',#5115,#1105);
#833=LINE('',#5117,#1106);
#834=LINE('',#5118,#1107);
#835=LINE('',#5121,#1108);
#836=LINE('',#5122,#1109);
#837=LINE('',#5126,#1110);
#838=LINE('',#5129,#1111);
#839=LINE('',#5131,#1112);
#840=LINE('',#5132,#1113);
#841=LINE('',#5134,#1114);
#842=LINE('',#5136,#1115);
#843=LINE('',#5149,#1116);
#844=LINE('',#5154,#1117);
#845=LINE('',#5156,#1118);
#846=LINE('',#5158,#1119);
#847=LINE('',#5159,#1120);
#848=LINE('',#5162,#1121);
#849=LINE('',#5164,#1122);
#850=LINE('',#5165,#1123);
#851=LINE('',#5168,#1124);
#852=LINE('',#5170,#1125);
#853=LINE('',#5171,#1126);
#854=LINE('',#5173,#1127);
#855=LINE('',#5174,#1128);
#856=LINE('',#5175,#1129);
#857=LINE('',#5184,#1130);
#858=LINE('',#5191,#1131);
#859=LINE('',#5239,#1132);
#860=LINE('',#5248,#1133);
#861=LINE('',#5254,#1134);
#862=LINE('',#5260,#1135);
#863=LINE('',#5262,#1136);
#864=LINE('',#5264,#1137);
#865=LINE('',#5265,#1138);
#866=LINE('',#5269,#1139);
#867=LINE('',#5271,#1140);
#868=LINE('',#5272,#1141);
#869=LINE('',#5275,#1142);
#870=LINE('',#5277,#1143);
#871=LINE('',#5278,#1144);
#872=LINE('',#5280,#1145);
#873=LINE('',#5281,#1146);
#874=LINE('',#5289,#1147);
#875=LINE('',#5295,#1148);
#876=LINE('',#5297,#1149);
#877=LINE('',#5299,#1150);
#878=LINE('',#5300,#1151);
#879=LINE('',#5307,#1152);
#880=LINE('',#5317,#1153);
#881=LINE('',#5328,#1154);
#882=LINE('',#5331,#1155);
#883=LINE('',#5336,#1156);
#884=LINE('',#5339,#1157);
#885=LINE('',#5340,#1158);
#886=LINE('',#5343,#1159);
#887=LINE('',#5344,#1160);
#888=LINE('',#5348,#1161);
#889=LINE('',#5350,#1162);
#890=LINE('',#5354,#1163);
#891=LINE('',#5362,#1164);
#892=LINE('',#5375,#1165);
#893=LINE('',#5378,#1166);
#894=LINE('',#5383,#1167);
#895=LINE('',#5385,#1168);
#896=LINE('',#5386,#1169);
#897=LINE('',#5390,#1170);
#898=LINE('',#5391,#1171);
#899=LINE('',#5394,#1172);
#900=LINE('',#5395,#1173);
#901=LINE('',#5401,#1174);
#902=LINE('',#5409,#1175);
#903=LINE('',#5420,#1176);
#904=LINE('',#5423,#1177);
#905=LINE('',#5428,#1178);
#906=LINE('',#5431,#1179);
#907=LINE('',#5434,#1180);
#908=LINE('',#5435,#1181);
#909=LINE('',#5439,#1182);
#910=LINE('',#5442,#1183);
#911=LINE('',#5444,#1184);
#912=LINE('',#5448,#1185);
#913=LINE('',#5456,#1186);
#914=LINE('',#5464,#1187);
#915=LINE('',#5467,#1188);
#916=LINE('',#5472,#1189);
#917=LINE('',#5474,#1190);
#918=LINE('',#5475,#1191);
#919=LINE('',#5479,#1192);
#920=LINE('',#5482,#1193);
#921=LINE('',#5483,#1194);
#922=LINE('',#5489,#1195);
#923=LINE('',#5496,#1196);
#924=LINE('',#5498,#1197);
#925=LINE('',#5500,#1198);
#926=LINE('',#5506,#1199);
#927=LINE('',#5508,#1200);
#928=LINE('',#5509,#1201);
#929=LINE('',#5512,#1202);
#930=LINE('',#5513,#1203);
#931=LINE('',#5517,#1204);
#932=LINE('',#5519,#1205);
#933=LINE('',#5523,#1206);
#934=LINE('',#5625,#1207);
#935=LINE('',#5627,#1208);
#936=LINE('',#5629,#1209);
#937=LINE('',#5630,#1210);
#938=LINE('',#5633,#1211);
#939=LINE('',#5634,#1212);
#940=LINE('',#5637,#1213);
#941=LINE('',#5639,#1214);
#942=LINE('',#5640,#1215);
#943=LINE('',#5642,#1216);
#944=LINE('',#5644,#1217);
#945=LINE('',#5743,#1218);
#946=LINE('',#5745,#1219);
#947=LINE('',#5747,#1220);
#948=LINE('',#5748,#1221);
#949=LINE('',#5751,#1222);
#950=LINE('',#5752,#1223);
#951=LINE('',#5755,#1224);
#952=LINE('',#5757,#1225);
#953=LINE('',#5758,#1226);
#954=LINE('',#5760,#1227);
#955=LINE('',#5761,#1228);
#956=LINE('',#5773,#1229);
#957=LINE('',#5779,#1230);
#958=LINE('',#5784,#1231);
#959=LINE('',#5791,#1232);
#960=LINE('',#5795,#1233);
#961=LINE('',#5799,#1234);
#962=LINE('',#5800,#1235);
#963=LINE('',#5805,#1236);
#964=LINE('',#5807,#1237);
#965=LINE('',#5808,#1238);
#966=LINE('',#5812,#1239);
#967=LINE('',#5815,#1240);
#968=LINE('',#5816,#1241);
#969=LINE('',#5820,#1242);
#970=LINE('',#5823,#1243);
#971=LINE('',#5824,#1244);
#972=LINE('',#5827,#1245);
#973=LINE('',#5828,#1246);
#974=LINE('',#5834,#1247);
#975=LINE('',#5846,#1248);
#976=LINE('',#5856,#1249);
#977=LINE('',#5860,#1250);
#978=LINE('',#5864,#1251);
#979=LINE('',#5871,#1252);
#980=LINE('',#5875,#1253);
#981=LINE('',#5879,#1254);
#982=LINE('',#5880,#1255);
#983=LINE('',#5885,#1256);
#984=LINE('',#5887,#1257);
#985=LINE('',#5888,#1258);
#986=LINE('',#5892,#1259);
#987=LINE('',#5895,#1260);
#988=LINE('',#5896,#1261);
#989=LINE('',#5900,#1262);
#990=LINE('',#5903,#1263);
#991=LINE('',#5904,#1264);
#992=LINE('',#5907,#1265);
#993=LINE('',#5908,#1266);
#994=LINE('',#5914,#1267);
#995=LINE('',#5926,#1268);
#996=LINE('',#5930,#1269);
#997=LINE('',#5936,#1270);
#998=LINE('',#5944,#1271);
#999=LINE('',#5948,#1272);
#1000=LINE('',#5952,#1273);
#1001=LINE('',#5953,#1274);
#1002=LINE('',#5958,#1275);
#1003=LINE('',#5960,#1276);
#1004=LINE('',#5961,#1277);
#1005=LINE('',#5965,#1278);
#1006=LINE('',#5968,#1279);
#1007=LINE('',#5969,#1280);
#1008=LINE('',#5973,#1281);
#1009=LINE('',#5976,#1282);
#1010=LINE('',#5977,#1283);
#1011=LINE('',#5980,#1284);
#1012=LINE('',#5981,#1285);
#1013=LINE('',#5987,#1286);
#1014=LINE('',#5999,#1287);
#1015=LINE('',#6009,#1288);
#1016=LINE('',#6013,#1289);
#1017=LINE('',#6017,#1290);
#1018=LINE('',#6024,#1291);
#1019=LINE('',#6028,#1292);
#1020=LINE('',#6032,#1293);
#1021=LINE('',#6033,#1294);
#1022=LINE('',#6038,#1295);
#1023=LINE('',#6040,#1296);
#1024=LINE('',#6041,#1297);
#1025=LINE('',#6045,#1298);
#1026=LINE('',#6048,#1299);
#1027=LINE('',#6049,#1300);
#1028=LINE('',#6053,#1301);
#1029=LINE('',#6056,#1302);
#1030=LINE('',#6057,#1303);
#1031=LINE('',#6060,#1304);
#1032=LINE('',#6061,#1305);
#1033=LINE('',#6067,#1306);
#1034=LINE('',#6076,#1307);
#1035=LINE('',#6078,#1308);
#1036=LINE('',#6080,#1309);
#1037=LINE('',#6081,#1310);
#1038=LINE('',#6084,#1311);
#1039=LINE('',#6086,#1312);
#1040=LINE('',#6088,#1313);
#1041=LINE('',#6090,#1314);
#1042=LINE('',#6092,#1315);
#1043=LINE('',#6094,#1316);
#1044=LINE('',#6095,#1317);
#1045=LINE('',#6100,#1318);
#1046=LINE('',#6102,#1319);
#1047=LINE('',#6103,#1320);
#1048=LINE('',#6106,#1321);
#1049=LINE('',#6108,#1322);
#1050=LINE('',#6109,#1323);
#1051=LINE('',#6112,#1324);
#1052=LINE('',#6118,#1325);
#1053=LINE('',#6119,#1326);
#1054=LINE('',#6121,#1327);
#1055=LINE('',#6124,#1328);
#1056=LINE('',#6125,#1329);
#1057=LINE('',#6128,#1330);
#1058=LINE('',#6129,#1331);
#1059=LINE('',#6131,#1332);
#1060=LINE('',#6137,#1333);
#1061=LINE('',#6140,#1334);
#1062=LINE('',#6143,#1335);
#1063=LINE('',#6145,#1336);
#1064=LINE('',#6147,#1337);
#1065=LINE('',#6149,#1338);
#1066=LINE('',#6151,#1339);
#1067=LINE('',#6153,#1340);
#1068=LINE('',#6154,#1341);
#1069=LINE('',#6157,#1342);
#1070=LINE('',#6159,#1343);
#1071=LINE('',#6160,#1344);
#1072=LINE('',#6166,#1345);
#1073=LINE('',#6169,#1346);
#1074=LINE('',#6171,#1347);
#1075=LINE('',#6172,#1348);
#1076=LINE('',#6175,#1349);
#1077=LINE('',#6176,#1350);
#1078=LINE('',#6181,#1351);
#1079=LINE('',#6182,#1352);
#1080=LINE('',#6184,#1353);
#1081=LINE('',#6187,#1354);
#1082=LINE('',#6188,#1355);
#1083=LINE('',#6191,#1356);
#1084=LINE('',#6192,#1357);
#1085=LINE('',#6194,#1358);
#1086=LINE('',#6198,#1359);
#1087=VECTOR('',#3970,7.5);
#1088=VECTOR('',#3979,10.);
#1089=VECTOR('',#3988,10.);
#1090=VECTOR('',#3997,7.5);
#1091=VECTOR('',#4006,10.);
#1092=VECTOR('',#4007,10.);
#1093=VECTOR('',#4008,10.);
#1094=VECTOR('',#4011,10.);
#1095=VECTOR('',#4014,10.);
#1096=VECTOR('',#4017,10.);
#1097=VECTOR('',#4018,10.);
#1098=VECTOR('',#4019,10.);
#1099=VECTOR('',#4022,10.);
#1100=VECTOR('',#4027,25.);
#1101=VECTOR('',#4036,5.);
#1102=VECTOR('',#4045,10.);
#1103=VECTOR('',#4048,10.);
#1104=VECTOR('',#4051,10.);
#1105=VECTOR('',#4054,10.);
#1106=VECTOR('',#4055,10.);
#1107=VECTOR('',#4056,10.);
#1108=VECTOR('',#4059,10.);
#1109=VECTOR('',#4060,10.);
#1110=VECTOR('',#4065,10.);
#1111=VECTOR('',#4068,10.);
#1112=VECTOR('',#4069,10.);
#1113=VECTOR('',#4070,10.);
#1114=VECTOR('',#4073,10.);
#1115=VECTOR('',#4076,10.);
#1116=VECTOR('',#4097,12.5);
#1117=VECTOR('',#4102,10.);
#1118=VECTOR('',#4103,10.);
#1119=VECTOR('',#4104,10.);
#1120=VECTOR('',#4105,10.);
#1121=VECTOR('',#4108,10.);
#1122=VECTOR('',#4109,10.);
#1123=VECTOR('',#4110,10.);
#1124=VECTOR('',#4113,10.);
#1125=VECTOR('',#4114,10.);
#1126=VECTOR('',#4115,10.);
#1127=VECTOR('',#4118,10.);
#1128=VECTOR('',#4119,10.);
#1129=VECTOR('',#4120,10.);
#1130=VECTOR('',#4133,7.5);
#1131=VECTOR('',#4142,10.);
#1132=VECTOR('',#4149,17.5);
#1133=VECTOR('',#4162,10.);
#1134=VECTOR('',#4169,12.5);
#1135=VECTOR('',#4176,10.);
#1136=VECTOR('',#4177,10.);
#1137=VECTOR('',#4178,10.);
#1138=VECTOR('',#4179,10.);
#1139=VECTOR('',#4184,10.);
#1140=VECTOR('',#4185,10.);
#1141=VECTOR('',#4186,10.);
#1142=VECTOR('',#4189,10.);
#1143=VECTOR('',#4190,10.);
#1144=VECTOR('',#4191,10.);
#1145=VECTOR('',#4194,10.);
#1146=VECTOR('',#4195,10.);
#1147=VECTOR('',#4206,7.5);
#1148=VECTOR('',#4213,10.);
#1149=VECTOR('',#4214,10.);
#1150=VECTOR('',#4215,10.);
#1151=VECTOR('',#4216,10.);
#1152=VECTOR('',#4225,25.);
#1153=VECTOR('',#4240,7.5);
#1154=VECTOR('',#4253,10.);
#1155=VECTOR('',#4256,10.);
#1156=VECTOR('',#4261,10.);
#1157=VECTOR('',#4264,10.);
#1158=VECTOR('',#4265,24.5);
#1159=VECTOR('',#4268,10.);
#1160=VECTOR('',#4269,10.);
#1161=VECTOR('',#4274,10.);
#1162=VECTOR('',#4277,10.);
#1163=VECTOR('',#4282,7.5);
#1164=VECTOR('',#4293,7.5);
#1165=VECTOR('',#4308,10.);
#1166=VECTOR('',#4311,10.);
#1167=VECTOR('',#4316,10.);
#1168=VECTOR('',#4317,10.);
#1169=VECTOR('',#4318,10.);
#1170=VECTOR('',#4323,10.);
#1171=VECTOR('',#4324,24.5);
#1172=VECTOR('',#4327,10.);
#1173=VECTOR('',#4328,10.);
#1174=VECTOR('',#4337,7.50000000000001);
#1175=VECTOR('',#4348,7.5);
#1176=VECTOR('',#4361,10.);
#1177=VECTOR('',#4364,10.);
#1178=VECTOR('',#4369,10.);
#1179=VECTOR('',#4372,10.);
#1180=VECTOR('',#4375,10.);
#1181=VECTOR('',#4376,10.);
#1182=VECTOR('',#4381,24.5);
#1183=VECTOR('',#4384,10.);
#1184=VECTOR('',#4387,10.);
#1185=VECTOR('',#4392,7.5);
#1186=VECTOR('',#4403,7.5);
#1187=VECTOR('',#4412,10.);
#1188=VECTOR('',#4415,10.);
#1189=VECTOR('',#4420,10.);
#1190=VECTOR('',#4421,10.);
#1191=VECTOR('',#4422,10.);
#1192=VECTOR('',#4427,10.);
#1193=VECTOR('',#4430,10.);
#1194=VECTOR('',#4431,10.);
#1195=VECTOR('',#4440,7.5);
#1196=VECTOR('',#4449,10.);
#1197=VECTOR('',#4450,10.);
#1198=VECTOR('',#4451,10.);
#1199=VECTOR('',#4458,10.);
#1200=VECTOR('',#4459,10.);
#1201=VECTOR('',#4460,10.);
#1202=VECTOR('',#4463,10.);
#1203=VECTOR('',#4464,10.);
#1204=VECTOR('',#4469,10.);
#1205=VECTOR('',#4472,10.);
#1206=VECTOR('',#4477,7.5);
#1207=VECTOR('',#4486,10.);
#1208=VECTOR('',#4487,10.);
#1209=VECTOR('',#4488,10.);
#1210=VECTOR('',#4489,10.);
#1211=VECTOR('',#4492,10.);
#1212=VECTOR('',#4493,10.);
#1213=VECTOR('',#4496,10.);
#1214=VECTOR('',#4497,10.);
#1215=VECTOR('',#4498,10.);
#1216=VECTOR('',#4501,10.);
#1217=VECTOR('',#4504,10.);
#1218=VECTOR('',#4507,10.);
#1219=VECTOR('',#4508,10.);
#1220=VECTOR('',#4509,10.);
#1221=VECTOR('',#4510,10.);
#1222=VECTOR('',#4513,10.);
#1223=VECTOR('',#4514,10.);
#1224=VECTOR('',#4517,10.);
#1225=VECTOR('',#4518,10.);
#1226=VECTOR('',#4519,10.);
#1227=VECTOR('',#4522,10.);
#1228=VECTOR('',#4523,10.);
#1229=VECTOR('',#4540,30.);
#1230=VECTOR('',#4547,7.5);
#1231=VECTOR('',#4554,7.5);
#1232=VECTOR('',#4561,10.);
#1233=VECTOR('',#4564,10.);
#1234=VECTOR('',#4567,10.);
#1235=VECTOR('',#4568,10.);
#1236=VECTOR('',#4573,10.);
#1237=VECTOR('',#4574,10.);
#1238=VECTOR('',#4575,10.);
#1239=VECTOR('',#4580,10.);
#1240=VECTOR('',#4583,10.);
#1241=VECTOR('',#4584,10.);
#1242=VECTOR('',#4589,10.);
#1243=VECTOR('',#4592,10.);
#1244=VECTOR('',#4593,10.);
#1245=VECTOR('',#4596,10.);
#1246=VECTOR('',#4597,10.);
#1247=VECTOR('',#4606,7.5);
#1248=VECTOR('',#4623,30.);
#1249=VECTOR('',#4636,30.);
#1250=VECTOR('',#4641,7.5);
#1251=VECTOR('',#4646,7.5);
#1252=VECTOR('',#4653,10.);
#1253=VECTOR('',#4656,10.);
#1254=VECTOR('',#4659,10.);
#1255=VECTOR('',#4660,10.);
#1256=VECTOR('',#4665,10.);
#1257=VECTOR('',#4666,10.);
#1258=VECTOR('',#4667,10.);
#1259=VECTOR('',#4672,10.);
#1260=VECTOR('',#4675,10.);
#1261=VECTOR('',#4676,10.);
#1262=VECTOR('',#4681,10.);
#1263=VECTOR('',#4684,10.);
#1264=VECTOR('',#4685,10.);
#1265=VECTOR('',#4688,10.);
#1266=VECTOR('',#4689,10.);
#1267=VECTOR('',#4698,7.5);
#1268=VECTOR('',#4715,30.);
#1269=VECTOR('',#4720,7.5);
#1270=VECTOR('',#4727,7.5);
#1271=VECTOR('',#4736,10.);
#1272=VECTOR('',#4739,10.);
#1273=VECTOR('',#4742,10.);
#1274=VECTOR('',#4743,10.);
#1275=VECTOR('',#4748,10.);
#1276=VECTOR('',#4749,10.);
#1277=VECTOR('',#4750,10.);
#1278=VECTOR('',#4755,10.);
#1279=VECTOR('',#4758,10.);
#1280=VECTOR('',#4759,10.);
#1281=VECTOR('',#4764,10.);
#1282=VECTOR('',#4767,10.);
#1283=VECTOR('',#4768,10.);
#1284=VECTOR('',#4771,10.);
#1285=VECTOR('',#4772,10.);
#1286=VECTOR('',#4781,7.5);
#1287=VECTOR('',#4798,30.);
#1288=VECTOR('',#4811,30.);
#1289=VECTOR('',#4816,7.5);
#1290=VECTOR('',#4821,7.5);
#1291=VECTOR('',#4828,10.);
#1292=VECTOR('',#4831,10.);
#1293=VECTOR('',#4834,10.);
#1294=VECTOR('',#4835,10.);
#1295=VECTOR('',#4840,10.);
#1296=VECTOR('',#4841,10.);
#1297=VECTOR('',#4842,10.);
#1298=VECTOR('',#4847,10.);
#1299=VECTOR('',#4850,10.);
#1300=VECTOR('',#4851,10.);
#1301=VECTOR('',#4856,10.);
#1302=VECTOR('',#4859,10.);
#1303=VECTOR('',#4860,10.);
#1304=VECTOR('',#4863,10.);
#1305=VECTOR('',#4864,10.);
#1306=VECTOR('',#4873,7.5);
#1307=VECTOR('',#4884,10.);
#1308=VECTOR('',#4885,10.);
#1309=VECTOR('',#4886,10.);
#1310=VECTOR('',#4887,10.);
#1311=VECTOR('',#4890,10.);
#1312=VECTOR('',#4891,10.);
#1313=VECTOR('',#4892,10.);
#1314=VECTOR('',#4893,10.);
#1315=VECTOR('',#4894,10.);
#1316=VECTOR('',#4895,10.);
#1317=VECTOR('',#4896,10.);
#1318=VECTOR('',#4901,10.);
#1319=VECTOR('',#4902,10.);
#1320=VECTOR('',#4903,10.);
#1321=VECTOR('',#4906,10.);
#1322=VECTOR('',#4907,10.);
#1323=VECTOR('',#4908,10.);
#1324=VECTOR('',#4911,10.);
#1325=VECTOR('',#4920,10.);
#1326=VECTOR('',#4921,10.);
#1327=VECTOR('',#4924,10.);
#1328=VECTOR('',#4927,10.);
#1329=VECTOR('',#4928,10.);
#1330=VECTOR('',#4931,10.);
#1331=VECTOR('',#4932,10.);
#1332=VECTOR('',#4935,10.);
#1333=VECTOR('',#4940,10.);
#1334=VECTOR('',#4943,10.);
#1335=VECTOR('',#4946,10.);
#1336=VECTOR('',#4947,10.);
#1337=VECTOR('',#4948,10.);
#1338=VECTOR('',#4949,10.);
#1339=VECTOR('',#4950,10.);
#1340=VECTOR('',#4951,10.);
#1341=VECTOR('',#4952,10.);
#1342=VECTOR('',#4955,10.);
#1343=VECTOR('',#4956,10.);
#1344=VECTOR('',#4957,10.);
#1345=VECTOR('',#4964,10.);
#1346=VECTOR('',#4967,10.);
#1347=VECTOR('',#4968,10.);
#1348=VECTOR('',#4969,10.);
#1349=VECTOR('',#4972,10.);
#1350=VECTOR('',#4973,10.);
#1351=VECTOR('',#4978,10.);
#1352=VECTOR('',#4979,10.);
#1353=VECTOR('',#4982,10.);
#1354=VECTOR('',#4985,10.);
#1355=VECTOR('',#4986,10.);
#1356=VECTOR('',#4989,10.);
#1357=VECTOR('',#4990,10.);
#1358=VECTOR('',#4993,10.);
#1359=VECTOR('',#4998,7.5);
#1360=CIRCLE('',#3566,7.5);
#1361=CIRCLE('',#3567,7.5);
#1362=CIRCLE('',#3570,10.);
#1363=CIRCLE('',#3571,10.);
#1364=CIRCLE('',#3574,10.);
#1365=CIRCLE('',#3575,10.);
#1366=CIRCLE('',#3578,7.5);
#1367=CIRCLE('',#3579,7.5);
#1368=CIRCLE('',#3582,10.);
#1369=CIRCLE('',#3584,10.);
#1370=CIRCLE('',#3588,25.);
#1371=CIRCLE('',#3589,25.);
#1372=CIRCLE('',#3592,5.);
#1373=CIRCLE('',#3593,5.);
#1374=CIRCLE('',#3596,11.3);
#1375=CIRCLE('',#3597,11.3);
#1376=CIRCLE('',#3599,11.3);
#1377=CIRCLE('',#3602,11.3);
#1378=CIRCLE('',#3607,12.5);
#1379=CIRCLE('',#3609,12.5);
#1380=CIRCLE('',#3610,12.5);
#1381=CIRCLE('',#3612,12.5);
#1382=CIRCLE('',#3614,12.5);
#1383=CIRCLE('',#3616,12.5);
#1384=CIRCLE('',#3624,7.5);
#1385=CIRCLE('',#3626,7.5);
#1386=CIRCLE('',#3630,10.);
#1387=CIRCLE('',#3633,17.5);
#1388=CIRCLE('',#3634,17.5);
#1389=CIRCLE('',#3639,10.);
#1390=CIRCLE('',#3640,10.);
#1391=CIRCLE('',#3642,12.5);
#1392=CIRCLE('',#3643,12.5);
#1393=CIRCLE('',#3654,7.5);
#1394=CIRCLE('',#3655,7.5);
#1395=CIRCLE('',#3659,25.);
#1396=CIRCLE('',#3660,25.);
#1397=CIRCLE('',#3662,25.);
#1398=CIRCLE('',#3663,25.);
#1399=CIRCLE('',#3668,7.5);
#1400=CIRCLE('',#3669,7.5);
#1401=CIRCLE('',#3672,24.5);
#1402=CIRCLE('',#3674,24.5);
#1403=CIRCLE('',#3675,24.5);
#1404=CIRCLE('',#3676,7.5);
#1405=CIRCLE('',#3678,24.5);
#1406=CIRCLE('',#3681,24.5);
#1407=CIRCLE('',#3685,7.5);
#1408=CIRCLE('',#3689,7.5);
#1409=CIRCLE('',#3690,7.5);
#1410=CIRCLE('',#3693,24.5);
#1411=CIRCLE('',#3695,24.5);
#1412=CIRCLE('',#3696,24.5);
#1413=CIRCLE('',#3697,24.5);
#1414=CIRCLE('',#3698,7.50000000000001);
#1415=CIRCLE('',#3701,24.5);
#1416=CIRCLE('',#3704,24.5);
#1417=CIRCLE('',#3707,7.50000000000001);
#1418=CIRCLE('',#3711,7.5);
#1419=CIRCLE('',#3712,7.5);
#1420=CIRCLE('',#3715,24.5);
#1421=CIRCLE('',#3717,24.5);
#1422=CIRCLE('',#3718,24.5);
#1423=CIRCLE('',#3719,7.5);
#1424=CIRCLE('',#3721,24.5);
#1425=CIRCLE('',#3724,24.5);
#1426=CIRCLE('',#3725,24.5);
#1427=CIRCLE('',#3729,7.5);
#1428=CIRCLE('',#3733,7.5);
#1429=CIRCLE('',#3734,7.5);
#1430=CIRCLE('',#3737,12.5);
#1431=CIRCLE('',#3738,12.5);
#1432=CIRCLE('',#3739,7.5);
#1433=CIRCLE('',#3742,12.5);
#1434=CIRCLE('',#3745,12.5);
#1435=CIRCLE('',#3748,7.5);
#1436=CIRCLE('',#3752,20.);
#1437=CIRCLE('',#3753,7.5);
#1438=CIRCLE('',#3757,20.);
#1439=CIRCLE('',#3761,7.5);
#1440=CIRCLE('',#3777,30.);
#1441=CIRCLE('',#3778,7.5);
#1442=CIRCLE('',#3780,30.);
#1443=CIRCLE('',#3783,7.5);
#1444=CIRCLE('',#3784,7.5);
#1445=CIRCLE('',#3787,7.5);
#1446=CIRCLE('',#3789,10.);
#1447=CIRCLE('',#3790,10.);
#1448=CIRCLE('',#3791,10.);
#1449=CIRCLE('',#3792,7.5);
#1450=CIRCLE('',#3795,10.);
#1451=CIRCLE('',#3798,10.);
#1452=CIRCLE('',#3802,10.);
#1453=CIRCLE('',#3805,7.5);
#1454=CIRCLE('',#3809,30.);
#1455=CIRCLE('',#3810,7.5);
#1456=CIRCLE('',#3812,30.);
#1457=CIRCLE('',#3815,30.);
#1458=CIRCLE('',#3816,7.5);
#1459=CIRCLE('',#3818,30.);
#1460=CIRCLE('',#3821,7.5);
#1461=CIRCLE('',#3823,7.5);
#1462=CIRCLE('',#3825,10.);
#1463=CIRCLE('',#3826,10.);
#1464=CIRCLE('',#3827,10.);
#1465=CIRCLE('',#3828,7.5);
#1466=CIRCLE('',#3831,10.);
#1467=CIRCLE('',#3834,10.);
#1468=CIRCLE('',#3838,10.);
#1469=CIRCLE('',#3841,7.5);
#1470=CIRCLE('',#3845,30.);
#1471=CIRCLE('',#3846,7.5);
#1472=CIRCLE('',#3848,30.);
#1473=CIRCLE('',#3851,7.5);
#1474=CIRCLE('',#3853,7.5);
#1475=CIRCLE('',#3854,7.5);
#1476=CIRCLE('',#3857,10.);
#1477=CIRCLE('',#3858,10.);
#1478=CIRCLE('',#3859,10.);
#1479=CIRCLE('',#3860,7.5);
#1480=CIRCLE('',#3863,10.);
#1481=CIRCLE('',#3866,10.);
#1482=CIRCLE('',#3870,10.);
#1483=CIRCLE('',#3873,7.5);
#1484=CIRCLE('',#3877,30.);
#1485=CIRCLE('',#3878,7.5);
#1486=CIRCLE('',#3880,30.);
#1487=CIRCLE('',#3883,30.);
#1488=CIRCLE('',#3884,7.5);
#1489=CIRCLE('',#3886,30.);
#1490=CIRCLE('',#3889,7.5);
#1491=CIRCLE('',#3891,7.5);
#1492=CIRCLE('',#3893,10.);
#1493=CIRCLE('',#3894,10.);
#1494=CIRCLE('',#3895,10.);
#1495=CIRCLE('',#3896,7.5);
#1496=CIRCLE('',#3899,10.);
#1497=CIRCLE('',#3902,10.);
#1498=CIRCLE('',#3906,10.);
#1499=CIRCLE('',#3909,7.5);
#1500=CIRCLE('',#3913,18.);
#1501=CIRCLE('',#3916,18.);
#1502=CIRCLE('',#3919,18.);
#1503=CIRCLE('',#3921,18.);
#1504=CIRCLE('',#3928,20.);
#1505=CIRCLE('',#3929,20.);
#1506=CIRCLE('',#3933,20.);
#1507=CIRCLE('',#3934,20.);
#1508=CIRCLE('',#3937,7.5);
#1509=CIRCLE('',#3945,7.5);
#1510=VERTEX_POINT('',#5036);
#1511=VERTEX_POINT('',#5038);
#1512=VERTEX_POINT('',#5043);
#1513=VERTEX_POINT('',#5045);
#1514=VERTEX_POINT('',#5050);
#1515=VERTEX_POINT('',#5052);
#1516=VERTEX_POINT('',#5057);
#1517=VERTEX_POINT('',#5059);
#1518=VERTEX_POINT('',#5064);
#1519=VERTEX_POINT('',#5065);
#1520=VERTEX_POINT('',#5067);
#1521=VERTEX_POINT('',#5069);
#1522=VERTEX_POINT('',#5073);
#1523=VERTEX_POINT('',#5075);
#1524=VERTEX_POINT('',#5079);
#1525=VERTEX_POINT('',#5081);
#1526=VERTEX_POINT('',#5087);
#1527=VERTEX_POINT('',#5089);
#1528=VERTEX_POINT('',#5094);
#1529=VERTEX_POINT('',#5096);
#1530=VERTEX_POINT('',#5101);
#1531=VERTEX_POINT('',#5102);
#1532=VERTEX_POINT('',#5104);
#1533=VERTEX_POINT('',#5106);
#1534=VERTEX_POINT('',#5110);
#1535=VERTEX_POINT('',#5112);
#1536=VERTEX_POINT('',#5114);
#1537=VERTEX_POINT('',#5116);
#1538=VERTEX_POINT('',#5120);
#1539=VERTEX_POINT('',#5124);
#1540=VERTEX_POINT('',#5128);
#1541=VERTEX_POINT('',#5130);
#1542=VERTEX_POINT('',#5140);
#1543=VERTEX_POINT('',#5148);
#1544=VERTEX_POINT('',#5152);
#1545=VERTEX_POINT('',#5153);
#1546=VERTEX_POINT('',#5155);
#1547=VERTEX_POINT('',#5157);
#1548=VERTEX_POINT('',#5161);
#1549=VERTEX_POINT('',#5163);
#1550=VERTEX_POINT('',#5167);
#1551=VERTEX_POINT('',#5169);
#1552=VERTEX_POINT('',#5179);
#1553=VERTEX_POINT('',#5182);
#1554=VERTEX_POINT('',#5188);
#1555=VERTEX_POINT('',#5190);
#1556=VERTEX_POINT('',#5236);
#1557=VERTEX_POINT('',#5238);
#1558=VERTEX_POINT('',#5245);
#1559=VERTEX_POINT('',#5247);
#1560=VERTEX_POINT('',#5251);
#1561=VERTEX_POINT('',#5253);
#1562=VERTEX_POINT('',#5258);
#1563=VERTEX_POINT('',#5259);
#1564=VERTEX_POINT('',#5261);
#1565=VERTEX_POINT('',#5263);
#1566=VERTEX_POINT('',#5268);
#1567=VERTEX_POINT('',#5270);
#1568=VERTEX_POINT('',#5274);
#1569=VERTEX_POINT('',#5276);
#1570=VERTEX_POINT('',#5286);
#1571=VERTEX_POINT('',#5288);
#1572=VERTEX_POINT('',#5293);
#1573=VERTEX_POINT('',#5294);
#1574=VERTEX_POINT('',#5296);
#1575=VERTEX_POINT('',#5298);
#1576=VERTEX_POINT('',#5302);
#1577=VERTEX_POINT('',#5306);
#1578=VERTEX_POINT('',#5314);
#1579=VERTEX_POINT('',#5316);
#1580=VERTEX_POINT('',#5321);
#1581=VERTEX_POINT('',#5324);
#1582=VERTEX_POINT('',#5325);
#1583=VERTEX_POINT('',#5327);
#1584=VERTEX_POINT('',#5329);
#1585=VERTEX_POINT('',#5332);
#1586=VERTEX_POINT('',#5335);
#1587=VERTEX_POINT('',#5337);
#1588=VERTEX_POINT('',#5342);
#1589=VERTEX_POINT('',#5346);
#1590=VERTEX_POINT('',#5353);
#1591=VERTEX_POINT('',#5359);
#1592=VERTEX_POINT('',#5361);
#1593=VERTEX_POINT('',#5366);
#1594=VERTEX_POINT('',#5369);
#1595=VERTEX_POINT('',#5370);
#1596=VERTEX_POINT('',#5372);
#1597=VERTEX_POINT('',#5374);
#1598=VERTEX_POINT('',#5376);
#1599=VERTEX_POINT('',#5379);
#1600=VERTEX_POINT('',#5382);
#1601=VERTEX_POINT('',#5384);
#1602=VERTEX_POINT('',#5388);
#1603=VERTEX_POINT('',#5393);
#1604=VERTEX_POINT('',#5400);
#1605=VERTEX_POINT('',#5406);
#1606=VERTEX_POINT('',#5408);
#1607=VERTEX_POINT('',#5413);
#1608=VERTEX_POINT('',#5416);
#1609=VERTEX_POINT('',#5417);
#1610=VERTEX_POINT('',#5419);
#1611=VERTEX_POINT('',#5421);
#1612=VERTEX_POINT('',#5424);
#1613=VERTEX_POINT('',#5427);
#1614=VERTEX_POINT('',#5429);
#1615=VERTEX_POINT('',#5433);
#1616=VERTEX_POINT('',#5437);
#1617=VERTEX_POINT('',#5440);
#1618=VERTEX_POINT('',#5447);
#1619=VERTEX_POINT('',#5453);
#1620=VERTEX_POINT('',#5455);
#1621=VERTEX_POINT('',#5460);
#1622=VERTEX_POINT('',#5461);
#1623=VERTEX_POINT('',#5463);
#1624=VERTEX_POINT('',#5465);
#1625=VERTEX_POINT('',#5468);
#1626=VERTEX_POINT('',#5471);
#1627=VERTEX_POINT('',#5473);
#1628=VERTEX_POINT('',#5477);
#1629=VERTEX_POINT('',#5481);
#1630=VERTEX_POINT('',#5488);
#1631=VERTEX_POINT('',#5494);
#1632=VERTEX_POINT('',#5495);
#1633=VERTEX_POINT('',#5497);
#1634=VERTEX_POINT('',#5499);
#1635=VERTEX_POINT('',#5502);
#1636=VERTEX_POINT('',#5505);
#1637=VERTEX_POINT('',#5507);
#1638=VERTEX_POINT('',#5511);
#1639=VERTEX_POINT('',#5515);
#1640=VERTEX_POINT('',#5522);
#1641=VERTEX_POINT('',#5567);
#1642=VERTEX_POINT('',#5568);
#1643=VERTEX_POINT('',#5591);
#1644=VERTEX_POINT('',#5596);
#1645=VERTEX_POINT('',#5624);
#1646=VERTEX_POINT('',#5626);
#1647=VERTEX_POINT('',#5628);
#1648=VERTEX_POINT('',#5632);
#1649=VERTEX_POINT('',#5636);
#1650=VERTEX_POINT('',#5638);
#1651=VERTEX_POINT('',#5685);
#1652=VERTEX_POINT('',#5686);
#1653=VERTEX_POINT('',#5709);
#1654=VERTEX_POINT('',#5714);
#1655=VERTEX_POINT('',#5742);
#1656=VERTEX_POINT('',#5744);
#1657=VERTEX_POINT('',#5746);
#1658=VERTEX_POINT('',#5750);
#1659=VERTEX_POINT('',#5754);
#1660=VERTEX_POINT('',#5756);
#1661=VERTEX_POINT('',#5766);
#1662=VERTEX_POINT('',#5768);
#1663=VERTEX_POINT('',#5771);
#1664=VERTEX_POINT('',#5776);
#1665=VERTEX_POINT('',#5778);
#1666=VERTEX_POINT('',#5783);
#1667=VERTEX_POINT('',#5787);
#1668=VERTEX_POINT('',#5788);
#1669=VERTEX_POINT('',#5790);
#1670=VERTEX_POINT('',#5792);
#1671=VERTEX_POINT('',#5794);
#1672=VERTEX_POINT('',#5796);
#1673=VERTEX_POINT('',#5798);
#1674=VERTEX_POINT('',#5801);
#1675=VERTEX_POINT('',#5804);
#1676=VERTEX_POINT('',#5806);
#1677=VERTEX_POINT('',#5810);
#1678=VERTEX_POINT('',#5814);
#1679=VERTEX_POINT('',#5818);
#1680=VERTEX_POINT('',#5822);
#1681=VERTEX_POINT('',#5826);
#1682=VERTEX_POINT('',#5833);
#1683=VERTEX_POINT('',#5839);
#1684=VERTEX_POINT('',#5841);
#1685=VERTEX_POINT('',#5844);
#1686=VERTEX_POINT('',#5849);
#1687=VERTEX_POINT('',#5851);
#1688=VERTEX_POINT('',#5854);
#1689=VERTEX_POINT('',#5859);
#1690=VERTEX_POINT('',#5863);
#1691=VERTEX_POINT('',#5867);
#1692=VERTEX_POINT('',#5868);
#1693=VERTEX_POINT('',#5870);
#1694=VERTEX_POINT('',#5872);
#1695=VERTEX_POINT('',#5874);
#1696=VERTEX_POINT('',#5876);
#1697=VERTEX_POINT('',#5878);
#1698=VERTEX_POINT('',#5881);
#1699=VERTEX_POINT('',#5884);
#1700=VERTEX_POINT('',#5886);
#1701=VERTEX_POINT('',#5890);
#1702=VERTEX_POINT('',#5894);
#1703=VERTEX_POINT('',#5898);
#1704=VERTEX_POINT('',#5902);
#1705=VERTEX_POINT('',#5906);
#1706=VERTEX_POINT('',#5913);
#1707=VERTEX_POINT('',#5919);
#1708=VERTEX_POINT('',#5921);
#1709=VERTEX_POINT('',#5924);
#1710=VERTEX_POINT('',#5929);
#1711=VERTEX_POINT('',#5933);
#1712=VERTEX_POINT('',#5935);
#1713=VERTEX_POINT('',#5940);
#1714=VERTEX_POINT('',#5941);
#1715=VERTEX_POINT('',#5943);
#1716=VERTEX_POINT('',#5945);
#1717=VERTEX_POINT('',#5947);
#1718=VERTEX_POINT('',#5949);
#1719=VERTEX_POINT('',#5951);
#1720=VERTEX_POINT('',#5954);
#1721=VERTEX_POINT('',#5957);
#1722=VERTEX_POINT('',#5959);
#1723=VERTEX_POINT('',#5963);
#1724=VERTEX_POINT('',#5967);
#1725=VERTEX_POINT('',#5971);
#1726=VERTEX_POINT('',#5975);
#1727=VERTEX_POINT('',#5979);
#1728=VERTEX_POINT('',#5986);
#1729=VERTEX_POINT('',#5992);
#1730=VERTEX_POINT('',#5994);
#1731=VERTEX_POINT('',#5997);
#1732=VERTEX_POINT('',#6002);
#1733=VERTEX_POINT('',#6004);
#1734=VERTEX_POINT('',#6007);
#1735=VERTEX_POINT('',#6012);
#1736=VERTEX_POINT('',#6016);
#1737=VERTEX_POINT('',#6020);
#1738=VERTEX_POINT('',#6021);
#1739=VERTEX_POINT('',#6023);
#1740=VERTEX_POINT('',#6025);
#1741=VERTEX_POINT('',#6027);
#1742=VERTEX_POINT('',#6029);
#1743=VERTEX_POINT('',#6031);
#1744=VERTEX_POINT('',#6034);
#1745=VERTEX_POINT('',#6037);
#1746=VERTEX_POINT('',#6039);
#1747=VERTEX_POINT('',#6043);
#1748=VERTEX_POINT('',#6047);
#1749=VERTEX_POINT('',#6051);
#1750=VERTEX_POINT('',#6055);
#1751=VERTEX_POINT('',#6059);
#1752=VERTEX_POINT('',#6066);
#1753=VERTEX_POINT('',#6072);
#1754=VERTEX_POINT('',#6073);
#1755=VERTEX_POINT('',#6075);
#1756=VERTEX_POINT('',#6077);
#1757=VERTEX_POINT('',#6079);
#1758=VERTEX_POINT('',#6083);
#1759=VERTEX_POINT('',#6085);
#1760=VERTEX_POINT('',#6087);
#1761=VERTEX_POINT('',#6089);
#1762=VERTEX_POINT('',#6091);
#1763=VERTEX_POINT('',#6093);
#1764=VERTEX_POINT('',#6097);
#1765=VERTEX_POINT('',#6099);
#1766=VERTEX_POINT('',#6101);
#1767=VERTEX_POINT('',#6105);
#1768=VERTEX_POINT('',#6107);
#1769=VERTEX_POINT('',#6111);
#1770=VERTEX_POINT('',#6117);
#1771=VERTEX_POINT('',#6123);
#1772=VERTEX_POINT('',#6127);
#1773=VERTEX_POINT('',#6133);
#1774=VERTEX_POINT('',#6134);
#1775=VERTEX_POINT('',#6136);
#1776=VERTEX_POINT('',#6138);
#1777=VERTEX_POINT('',#6142);
#1778=VERTEX_POINT('',#6144);
#1779=VERTEX_POINT('',#6146);
#1780=VERTEX_POINT('',#6148);
#1781=VERTEX_POINT('',#6150);
#1782=VERTEX_POINT('',#6152);
#1783=VERTEX_POINT('',#6156);
#1784=VERTEX_POINT('',#6158);
#1785=VERTEX_POINT('',#6162);
#1786=VERTEX_POINT('',#6164);
#1787=VERTEX_POINT('',#6168);
#1788=VERTEX_POINT('',#6170);
#1789=VERTEX_POINT('',#6174);
#1790=VERTEX_POINT('',#6177);
#1791=VERTEX_POINT('',#6180);
#1792=VERTEX_POINT('',#6186);
#1793=VERTEX_POINT('',#6190);
#1794=VERTEX_POINT('',#6197);
#1795=EDGE_CURVE('',#1510,#1510,#1360,.T.);
#1796=EDGE_CURVE('',#1510,#1511,#814,.T.);
#1797=EDGE_CURVE('',#1511,#1511,#1361,.T.);
#1798=EDGE_CURVE('',#1512,#1512,#1362,.T.);
#1799=EDGE_CURVE('',#1512,#1513,#815,.T.);
#1800=EDGE_CURVE('',#1513,#1513,#1363,.T.);
#1801=EDGE_CURVE('',#1514,#1514,#1364,.T.);
#1802=EDGE_CURVE('',#1514,#1515,#816,.T.);
#1803=EDGE_CURVE('',#1515,#1515,#1365,.T.);
#1804=EDGE_CURVE('',#1516,#1516,#1366,.T.);
#1805=EDGE_CURVE('',#1516,#1517,#817,.T.);
#1806=EDGE_CURVE('',#1517,#1517,#1367,.T.);
#1807=EDGE_CURVE('',#1518,#1519,#1368,.T.);
#1808=EDGE_CURVE('',#1520,#1518,#818,.T.);
#1809=EDGE_CURVE('',#1521,#1520,#819,.T.);
#1810=EDGE_CURVE('',#1521,#1519,#820,.T.);
#1811=EDGE_CURVE('',#1519,#1522,#821,.T.);
#1812=EDGE_CURVE('',#1522,#1523,#1369,.T.);
#1813=EDGE_CURVE('',#1523,#1518,#822,.T.);
#1814=EDGE_CURVE('',#1524,#1522,#823,.T.);
#1815=EDGE_CURVE('',#1525,#1524,#824,.T.);
#1816=EDGE_CURVE('',#1525,#1523,#825,.T.);
#1817=EDGE_CURVE('',#1524,#1521,#826,.T.);
#1818=EDGE_CURVE('',#1526,#1526,#1370,.T.);
#1819=EDGE_CURVE('',#1526,#1527,#827,.T.);
#1820=EDGE_CURVE('',#1527,#1527,#1371,.T.);
#1821=EDGE_CURVE('',#1528,#1528,#1372,.T.);
#1822=EDGE_CURVE('',#1528,#1529,#828,.T.);
#1823=EDGE_CURVE('',#1529,#1529,#1373,.T.);
#1824=EDGE_CURVE('',#1530,#1531,#1374,.T.);
#1825=EDGE_CURVE('',#1531,#1532,#829,.T.);
#1826=EDGE_CURVE('',#1532,#1533,#1375,.T.);
#1827=EDGE_CURVE('',#1533,#1530,#830,.T.);
#1828=EDGE_CURVE('',#1534,#1532,#831,.T.);
#1829=EDGE_CURVE('',#1535,#1534,#1376,.T.);
#1830=EDGE_CURVE('',#1536,#1535,#832,.T.);
#1831=EDGE_CURVE('',#1537,#1536,#833,.T.);
#1832=EDGE_CURVE('',#1537,#1533,#834,.T.);
#1833=EDGE_CURVE('',#1531,#1538,#835,.T.);
#1834=EDGE_CURVE('',#1534,#1538,#836,.T.);
#1835=EDGE_CURVE('',#1538,#1539,#1377,.T.);
#1836=EDGE_CURVE('',#1539,#1535,#837,.T.);
#1837=EDGE_CURVE('',#1540,#1530,#838,.T.);
#1838=EDGE_CURVE('',#1541,#1540,#839,.T.);
#1839=EDGE_CURVE('',#1541,#1539,#840,.T.);
#1840=EDGE_CURVE('',#1540,#1537,#841,.T.);
#1841=EDGE_CURVE('',#1536,#1541,#842,.T.);
#1842=EDGE_CURVE('',#1540,#1541,#1378,.T.);
#1843=EDGE_CURVE('',#1537,#1542,#1379,.T.);
#1844=EDGE_CURVE('',#1542,#1540,#1380,.T.);
#1845=EDGE_CURVE('',#1536,#1537,#1381,.T.);
#1846=EDGE_CURVE('',#1541,#1536,#1382,.T.);
#1847=EDGE_CURVE('',#1542,#1543,#843,.T.);
#1848=EDGE_CURVE('',#1543,#1543,#1383,.T.);
#1849=EDGE_CURVE('',#1544,#1545,#844,.T.);
#1850=EDGE_CURVE('',#1545,#1546,#845,.T.);
#1851=EDGE_CURVE('',#1547,#1546,#846,.T.);
#1852=EDGE_CURVE('',#1544,#1547,#847,.T.);
#1853=EDGE_CURVE('',#1548,#1544,#848,.T.);
#1854=EDGE_CURVE('',#1549,#1547,#849,.T.);
#1855=EDGE_CURVE('',#1548,#1549,#850,.T.);
#1856=EDGE_CURVE('',#1550,#1548,#851,.T.);
#1857=EDGE_CURVE('',#1551,#1549,#852,.T.);
#1858=EDGE_CURVE('',#1550,#1551,#853,.T.);
#1859=EDGE_CURVE('',#1546,#1525,#854,.T.);
#1860=EDGE_CURVE('',#1545,#1550,#855,.T.);
#1861=EDGE_CURVE('',#1520,#1551,#856,.T.);
#1862=EDGE_CURVE('',#1552,#1552,#1384,.T.);
#1863=EDGE_CURVE('',#1553,#1553,#1385,.T.);
#1864=EDGE_CURVE('',#1553,#1552,#857,.T.);
#1865=EDGE_CURVE('',#1554,#1554,#1386,.T.);
#1866=EDGE_CURVE('',#1554,#1555,#858,.T.);
#1867=EDGE_CURVE('',#1555,#1555,#73,.T.);
#1868=EDGE_CURVE('',#1556,#1556,#1387,.T.);
#1869=EDGE_CURVE('',#1556,#1557,#859,.T.);
#1870=EDGE_CURVE('',#1557,#1557,#1388,.T.);
#1871=EDGE_CURVE('',#1558,#1558,#1389,.T.);
#1872=EDGE_CURVE('',#1558,#1559,#860,.T.);
#1873=EDGE_CURVE('',#1559,#1559,#1390,.T.);
#1874=EDGE_CURVE('',#1560,#1560,#1391,.T.);
#1875=EDGE_CURVE('',#1560,#1561,#861,.T.);
#1876=EDGE_CURVE('',#1561,#1561,#1392,.T.);
#1877=EDGE_CURVE('',#1562,#1563,#862,.T.);
#1878=EDGE_CURVE('',#1562,#1564,#863,.T.);
#1879=EDGE_CURVE('',#1565,#1564,#864,.T.);
#1880=EDGE_CURVE('',#1563,#1565,#865,.T.);
#1881=EDGE_CURVE('',#1563,#1566,#866,.T.);
#1882=EDGE_CURVE('',#1567,#1565,#867,.T.);
#1883=EDGE_CURVE('',#1566,#1567,#868,.T.);
#1884=EDGE_CURVE('',#1566,#1568,#869,.T.);
#1885=EDGE_CURVE('',#1569,#1567,#870,.T.);
#1886=EDGE_CURVE('',#1568,#1569,#871,.T.);
#1887=EDGE_CURVE('',#1568,#1562,#872,.T.);
#1888=EDGE_CURVE('',#1564,#1569,#873,.T.);
#1889=EDGE_CURVE('',#1570,#1570,#1393,.T.);
#1890=EDGE_CURVE('',#1570,#1571,#874,.T.);
#1891=EDGE_CURVE('',#1571,#1571,#1394,.T.);
#1892=EDGE_CURVE('',#1572,#1573,#875,.T.);
#1893=EDGE_CURVE('',#1572,#1574,#876,.T.);
#1894=EDGE_CURVE('',#1575,#1574,#877,.T.);
#1895=EDGE_CURVE('',#1573,#1575,#878,.T.);
#1896=EDGE_CURVE('',#1574,#1576,#1395,.T.);
#1897=EDGE_CURVE('',#1576,#1575,#1396,.T.);
#1898=EDGE_CURVE('',#1576,#1577,#879,.T.);
#1899=EDGE_CURVE('',#1577,#1577,#1397,.T.);
#1900=EDGE_CURVE('',#1573,#1572,#1398,.T.);
#1901=EDGE_CURVE('',#1578,#1578,#1399,.T.);
#1902=EDGE_CURVE('',#1578,#1579,#880,.T.);
#1903=EDGE_CURVE('',#1579,#1579,#1400,.T.);
#1904=EDGE_CURVE('',#1580,#1580,#1401,.T.);
#1905=EDGE_CURVE('',#1581,#1582,#1402,.T.);
#1906=EDGE_CURVE('',#1582,#1583,#881,.T.);
#1907=EDGE_CURVE('',#1584,#1583,#1403,.T.);
#1908=EDGE_CURVE('',#1581,#1584,#882,.T.);
#1909=EDGE_CURVE('',#1585,#1585,#1404,.T.);
#1910=EDGE_CURVE('',#1581,#1586,#883,.T.);
#1911=EDGE_CURVE('',#1587,#1586,#1405,.T.);
#1912=EDGE_CURVE('',#1582,#1587,#884,.T.);
#1913=EDGE_CURVE('',#1581,#1580,#885,.T.);
#1914=EDGE_CURVE('',#1588,#1587,#886,.T.);
#1915=EDGE_CURVE('',#1583,#1588,#887,.T.);
#1916=EDGE_CURVE('',#1589,#1588,#1406,.T.);
#1917=EDGE_CURVE('',#1584,#1589,#888,.T.);
#1918=EDGE_CURVE('',#1586,#1589,#889,.T.);
#1919=EDGE_CURVE('',#1585,#1590,#890,.T.);
#1920=EDGE_CURVE('',#1590,#1590,#1407,.T.);
#1921=EDGE_CURVE('',#1591,#1591,#1408,.T.);
#1922=EDGE_CURVE('',#1591,#1592,#891,.T.);
#1923=EDGE_CURVE('',#1592,#1592,#1409,.T.);
#1924=EDGE_CURVE('',#1593,#1593,#1410,.T.);
#1925=EDGE_CURVE('',#1594,#1595,#1411,.T.);
#1926=EDGE_CURVE('',#1595,#1596,#1412,.T.);
#1927=EDGE_CURVE('',#1597,#1596,#892,.T.);
#1928=EDGE_CURVE('',#1598,#1597,#1413,.T.);
#1929=EDGE_CURVE('',#1598,#1594,#893,.T.);
#1930=EDGE_CURVE('',#1599,#1599,#1414,.T.);
#1931=EDGE_CURVE('',#1598,#1600,#894,.T.);
#1932=EDGE_CURVE('',#1601,#1600,#895,.T.);
#1933=EDGE_CURVE('',#1594,#1601,#896,.T.);
#1934=EDGE_CURVE('',#1602,#1601,#1415,.T.);
#1935=EDGE_CURVE('',#1596,#1602,#897,.T.);
#1936=EDGE_CURVE('',#1595,#1593,#898,.T.);
#1937=EDGE_CURVE('',#1603,#1602,#899,.T.);
#1938=EDGE_CURVE('',#1597,#1603,#900,.T.);
#1939=EDGE_CURVE('',#1600,#1603,#1416,.T.);
#1940=EDGE_CURVE('',#1599,#1604,#901,.T.);
#1941=EDGE_CURVE('',#1604,#1604,#1417,.T.);
#1942=EDGE_CURVE('',#1605,#1605,#1418,.T.);
#1943=EDGE_CURVE('',#1605,#1606,#902,.T.);
#1944=EDGE_CURVE('',#1606,#1606,#1419,.T.);
#1945=EDGE_CURVE('',#1607,#1607,#1420,.T.);
#1946=EDGE_CURVE('',#1608,#1609,#1421,.T.);
#1947=EDGE_CURVE('',#1610,#1609,#903,.T.);
#1948=EDGE_CURVE('',#1611,#1610,#1422,.T.);
#1949=EDGE_CURVE('',#1611,#1608,#904,.T.);
#1950=EDGE_CURVE('',#1612,#1612,#1423,.T.);
#1951=EDGE_CURVE('',#1610,#1613,#905,.T.);
#1952=EDGE_CURVE('',#1614,#1613,#1424,.T.);
#1953=EDGE_CURVE('',#1611,#1614,#906,.T.);
#1954=EDGE_CURVE('',#1615,#1614,#907,.T.);
#1955=EDGE_CURVE('',#1608,#1615,#908,.T.);
#1956=EDGE_CURVE('',#1616,#1615,#1425,.T.);
#1957=EDGE_CURVE('',#1616,#1607,#909,.T.);
#1958=EDGE_CURVE('',#1617,#1616,#1426,.T.);
#1959=EDGE_CURVE('',#1609,#1617,#910,.T.);
#1960=EDGE_CURVE('',#1613,#1617,#911,.T.);
#1961=EDGE_CURVE('',#1612,#1618,#912,.T.);
#1962=EDGE_CURVE('',#1618,#1618,#1427,.T.);
#1963=EDGE_CURVE('',#1619,#1619,#1428,.T.);
#1964=EDGE_CURVE('',#1619,#1620,#913,.T.);
#1965=EDGE_CURVE('',#1620,#1620,#1429,.T.);
#1966=EDGE_CURVE('',#1621,#1622,#1430,.T.);
#1967=EDGE_CURVE('',#1621,#1623,#914,.T.);
#1968=EDGE_CURVE('',#1624,#1623,#1431,.T.);
#1969=EDGE_CURVE('',#1622,#1624,#915,.T.);
#1970=EDGE_CURVE('',#1625,#1625,#1432,.T.);
#1971=EDGE_CURVE('',#1621,#1626,#916,.T.);
#1972=EDGE_CURVE('',#1627,#1626,#917,.T.);
#1973=EDGE_CURVE('',#1623,#1627,#918,.T.);
#1974=EDGE_CURVE('',#1628,#1627,#1433,.T.);
#1975=EDGE_CURVE('',#1624,#1628,#919,.T.);
#1976=EDGE_CURVE('',#1629,#1628,#920,.T.);
#1977=EDGE_CURVE('',#1622,#1629,#921,.T.);
#1978=EDGE_CURVE('',#1626,#1629,#1434,.T.);
#1979=EDGE_CURVE('',#1625,#1630,#922,.T.);
#1980=EDGE_CURVE('',#1630,#1630,#1435,.T.);
#1981=EDGE_CURVE('',#1631,#1632,#923,.T.);
#1982=EDGE_CURVE('',#1632,#1633,#924,.T.);
#1983=EDGE_CURVE('',#1633,#1634,#925,.T.);
#1984=EDGE_CURVE('',#1631,#1634,#1436,.T.);
#1985=EDGE_CURVE('',#1635,#1635,#1437,.T.);
#1986=EDGE_CURVE('',#1632,#1636,#926,.T.);
#1987=EDGE_CURVE('',#1637,#1636,#927,.T.);
#1988=EDGE_CURVE('',#1633,#1637,#928,.T.);
#1989=EDGE_CURVE('',#1638,#1637,#929,.T.);
#1990=EDGE_CURVE('',#1634,#1638,#930,.T.);
#1991=EDGE_CURVE('',#1639,#1638,#1438,.T.);
#1992=EDGE_CURVE('',#1631,#1639,#931,.T.);
#1993=EDGE_CURVE('',#1636,#1639,#932,.T.);
#1994=EDGE_CURVE('',#1635,#1640,#933,.T.);
#1995=EDGE_CURVE('',#1640,#1640,#1439,.T.);
#1996=EDGE_CURVE('',#1641,#1642,#74,.T.);
#1997=EDGE_CURVE('',#1643,#1641,#75,.T.);
#1998=EDGE_CURVE('',#1644,#1643,#76,.T.);
#1999=EDGE_CURVE('',#1642,#1644,#77,.T.);
#2000=EDGE_CURVE('',#1642,#1645,#934,.F.);
#2001=EDGE_CURVE('',#1646,#1645,#935,.T.);
#2002=EDGE_CURVE('',#1647,#1646,#936,.F.);
#2003=EDGE_CURVE('',#1647,#1641,#937,.F.);
#2004=EDGE_CURVE('',#1648,#1647,#938,.F.);
#2005=EDGE_CURVE('',#1648,#1643,#939,.F.);
#2006=EDGE_CURVE('',#1649,#1648,#940,.F.);
#2007=EDGE_CURVE('',#1650,#1649,#941,.T.);
#2008=EDGE_CURVE('',#1650,#1644,#942,.F.);
#2009=EDGE_CURVE('',#1645,#1650,#943,.T.);
#2010=EDGE_CURVE('',#1649,#1646,#944,.T.);
#2011=EDGE_CURVE('',#1651,#1652,#78,.T.);
#2012=EDGE_CURVE('',#1652,#1653,#79,.T.);
#2013=EDGE_CURVE('',#1653,#1654,#80,.T.);
#2014=EDGE_CURVE('',#1654,#1651,#81,.T.);
#2015=EDGE_CURVE('',#1655,#1651,#945,.T.);
#2016=EDGE_CURVE('',#1655,#1656,#946,.T.);
#2017=EDGE_CURVE('',#1656,#1657,#947,.T.);
#2018=EDGE_CURVE('',#1652,#1657,#948,.T.);
#2019=EDGE_CURVE('',#1658,#1654,#949,.T.);
#2020=EDGE_CURVE('',#1658,#1655,#950,.T.);
#2021=EDGE_CURVE('',#1659,#1653,#951,.T.);
#2022=EDGE_CURVE('',#1660,#1659,#952,.T.);
#2023=EDGE_CURVE('',#1660,#1658,#953,.T.);
#2024=EDGE_CURVE('',#1656,#1660,#954,.T.);
#2025=EDGE_CURVE('',#1657,#1659,#955,.T.);
#2026=EDGE_CURVE('',#1661,#1661,#1440,.T.);
#2027=EDGE_CURVE('',#1662,#1662,#1441,.T.);
#2028=EDGE_CURVE('',#1663,#1663,#1442,.T.);
#2029=EDGE_CURVE('',#1663,#1661,#956,.T.);
#2030=EDGE_CURVE('',#1664,#1664,#1443,.T.);
#2031=EDGE_CURVE('',#1664,#1665,#957,.T.);
#2032=EDGE_CURVE('',#1665,#1665,#1444,.T.);
#2033=EDGE_CURVE('',#1662,#1666,#958,.T.);
#2034=EDGE_CURVE('',#1666,#1666,#1445,.T.);
#2035=EDGE_CURVE('',#1667,#1668,#1446,.T.);
#2036=EDGE_CURVE('',#1667,#1669,#959,.T.);
#2037=EDGE_CURVE('',#1670,#1669,#1447,.T.);
#2038=EDGE_CURVE('',#1670,#1671,#960,.T.);
#2039=EDGE_CURVE('',#1672,#1671,#1448,.T.);
#2040=EDGE_CURVE('',#1673,#1672,#961,.T.);
#2041=EDGE_CURVE('',#1668,#1673,#962,.T.);
#2042=EDGE_CURVE('',#1674,#1674,#1449,.T.);
#2043=EDGE_CURVE('',#1667,#1675,#963,.T.);
#2044=EDGE_CURVE('',#1676,#1675,#964,.T.);
#2045=EDGE_CURVE('',#1669,#1676,#965,.T.);
#2046=EDGE_CURVE('',#1677,#1676,#1450,.T.);
#2047=EDGE_CURVE('',#1670,#1677,#966,.T.);
#2048=EDGE_CURVE('',#1678,#1677,#967,.T.);
#2049=EDGE_CURVE('',#1671,#1678,#968,.T.);
#2050=EDGE_CURVE('',#1679,#1678,#1451,.T.);
#2051=EDGE_CURVE('',#1672,#1679,#969,.T.);
#2052=EDGE_CURVE('',#1680,#1679,#970,.T.);
#2053=EDGE_CURVE('',#1673,#1680,#971,.T.);
#2054=EDGE_CURVE('',#1681,#1680,#972,.T.);
#2055=EDGE_CURVE('',#1668,#1681,#973,.T.);
#2056=EDGE_CURVE('',#1675,#1681,#1452,.T.);
#2057=EDGE_CURVE('',#1674,#1682,#974,.T.);
#2058=EDGE_CURVE('',#1682,#1682,#1453,.T.);
#2059=EDGE_CURVE('',#1683,#1683,#1454,.T.);
#2060=EDGE_CURVE('',#1684,#1684,#1455,.T.);
#2061=EDGE_CURVE('',#1685,#1685,#1456,.T.);
#2062=EDGE_CURVE('',#1685,#1683,#975,.T.);
#2063=EDGE_CURVE('',#1686,#1686,#1457,.T.);
#2064=EDGE_CURVE('',#1687,#1687,#1458,.T.);
#2065=EDGE_CURVE('',#1688,#1688,#1459,.T.);
#2066=EDGE_CURVE('',#1688,#1686,#976,.T.);
#2067=EDGE_CURVE('',#1684,#1689,#977,.T.);
#2068=EDGE_CURVE('',#1689,#1689,#1460,.T.);
#2069=EDGE_CURVE('',#1687,#1690,#978,.T.);
#2070=EDGE_CURVE('',#1690,#1690,#1461,.T.);
#2071=EDGE_CURVE('',#1691,#1692,#1462,.T.);
#2072=EDGE_CURVE('',#1691,#1693,#979,.T.);
#2073=EDGE_CURVE('',#1694,#1693,#1463,.T.);
#2074=EDGE_CURVE('',#1694,#1695,#980,.T.);
#2075=EDGE_CURVE('',#1696,#1695,#1464,.T.);
#2076=EDGE_CURVE('',#1697,#1696,#981,.T.);
#2077=EDGE_CURVE('',#1692,#1697,#982,.T.);
#2078=EDGE_CURVE('',#1698,#1698,#1465,.T.);
#2079=EDGE_CURVE('',#1691,#1699,#983,.T.);
#2080=EDGE_CURVE('',#1700,#1699,#984,.T.);
#2081=EDGE_CURVE('',#1693,#1700,#985,.T.);
#2082=EDGE_CURVE('',#1701,#1700,#1466,.T.);
#2083=EDGE_CURVE('',#1694,#1701,#986,.T.);
#2084=EDGE_CURVE('',#1702,#1701,#987,.T.);
#2085=EDGE_CURVE('',#1695,#1702,#988,.T.);
#2086=EDGE_CURVE('',#1703,#1702,#1467,.T.);
#2087=EDGE_CURVE('',#1696,#1703,#989,.T.);
#2088=EDGE_CURVE('',#1704,#1703,#990,.T.);
#2089=EDGE_CURVE('',#1697,#1704,#991,.T.);
#2090=EDGE_CURVE('',#1705,#1704,#992,.T.);
#2091=EDGE_CURVE('',#1692,#1705,#993,.T.);
#2092=EDGE_CURVE('',#1699,#1705,#1468,.T.);
#2093=EDGE_CURVE('',#1698,#1706,#994,.T.);
#2094=EDGE_CURVE('',#1706,#1706,#1469,.T.);
#2095=EDGE_CURVE('',#1707,#1707,#1470,.T.);
#2096=EDGE_CURVE('',#1708,#1708,#1471,.T.);
#2097=EDGE_CURVE('',#1709,#1709,#1472,.T.);
#2098=EDGE_CURVE('',#1709,#1707,#995,.T.);
#2099=EDGE_CURVE('',#1708,#1710,#996,.T.);
#2100=EDGE_CURVE('',#1710,#1710,#1473,.T.);
#2101=EDGE_CURVE('',#1711,#1711,#1474,.T.);
#2102=EDGE_CURVE('',#1711,#1712,#997,.T.);
#2103=EDGE_CURVE('',#1712,#1712,#1475,.T.);
#2104=EDGE_CURVE('',#1713,#1714,#1476,.T.);
#2105=EDGE_CURVE('',#1713,#1715,#998,.T.);
#2106=EDGE_CURVE('',#1716,#1715,#1477,.T.);
#2107=EDGE_CURVE('',#1716,#1717,#999,.T.);
#2108=EDGE_CURVE('',#1718,#1717,#1478,.T.);
#2109=EDGE_CURVE('',#1719,#1718,#1000,.T.);
#2110=EDGE_CURVE('',#1714,#1719,#1001,.T.);
#2111=EDGE_CURVE('',#1720,#1720,#1479,.T.);
#2112=EDGE_CURVE('',#1713,#1721,#1002,.T.);
#2113=EDGE_CURVE('',#1722,#1721,#1003,.T.);
#2114=EDGE_CURVE('',#1715,#1722,#1004,.T.);
#2115=EDGE_CURVE('',#1723,#1722,#1480,.T.);
#2116=EDGE_CURVE('',#1716,#1723,#1005,.T.);
#2117=EDGE_CURVE('',#1724,#1723,#1006,.T.);
#2118=EDGE_CURVE('',#1717,#1724,#1007,.T.);
#2119=EDGE_CURVE('',#1725,#1724,#1481,.T.);
#2120=EDGE_CURVE('',#1718,#1725,#1008,.T.);
#2121=EDGE_CURVE('',#1726,#1725,#1009,.T.);
#2122=EDGE_CURVE('',#1719,#1726,#1010,.T.);
#2123=EDGE_CURVE('',#1727,#1726,#1011,.T.);
#2124=EDGE_CURVE('',#1714,#1727,#1012,.T.);
#2125=EDGE_CURVE('',#1721,#1727,#1482,.T.);
#2126=EDGE_CURVE('',#1720,#1728,#1013,.T.);
#2127=EDGE_CURVE('',#1728,#1728,#1483,.T.);
#2128=EDGE_CURVE('',#1729,#1729,#1484,.T.);
#2129=EDGE_CURVE('',#1730,#1730,#1485,.T.);
#2130=EDGE_CURVE('',#1731,#1731,#1486,.T.);
#2131=EDGE_CURVE('',#1731,#1729,#1014,.T.);
#2132=EDGE_CURVE('',#1732,#1732,#1487,.T.);
#2133=EDGE_CURVE('',#1733,#1733,#1488,.T.);
#2134=EDGE_CURVE('',#1734,#1734,#1489,.T.);
#2135=EDGE_CURVE('',#1734,#1732,#1015,.T.);
#2136=EDGE_CURVE('',#1733,#1735,#1016,.T.);
#2137=EDGE_CURVE('',#1735,#1735,#1490,.T.);
#2138=EDGE_CURVE('',#1730,#1736,#1017,.T.);
#2139=EDGE_CURVE('',#1736,#1736,#1491,.T.);
#2140=EDGE_CURVE('',#1737,#1738,#1492,.T.);
#2141=EDGE_CURVE('',#1737,#1739,#1018,.T.);
#2142=EDGE_CURVE('',#1740,#1739,#1493,.T.);
#2143=EDGE_CURVE('',#1740,#1741,#1019,.T.);
#2144=EDGE_CURVE('',#1742,#1741,#1494,.T.);
#2145=EDGE_CURVE('',#1743,#1742,#1020,.T.);
#2146=EDGE_CURVE('',#1738,#1743,#1021,.T.);
#2147=EDGE_CURVE('',#1744,#1744,#1495,.T.);
#2148=EDGE_CURVE('',#1737,#1745,#1022,.T.);
#2149=EDGE_CURVE('',#1746,#1745,#1023,.T.);
#2150=EDGE_CURVE('',#1739,#1746,#1024,.T.);
#2151=EDGE_CURVE('',#1747,#1746,#1496,.T.);
#2152=EDGE_CURVE('',#1740,#1747,#1025,.T.);
#2153=EDGE_CURVE('',#1748,#1747,#1026,.T.);
#2154=EDGE_CURVE('',#1741,#1748,#1027,.T.);
#2155=EDGE_CURVE('',#1749,#1748,#1497,.T.);
#2156=EDGE_CURVE('',#1742,#1749,#1028,.T.);
#2157=EDGE_CURVE('',#1750,#1749,#1029,.T.);
#2158=EDGE_CURVE('',#1743,#1750,#1030,.T.);
#2159=EDGE_CURVE('',#1751,#1750,#1031,.T.);
#2160=EDGE_CURVE('',#1738,#1751,#1032,.T.);
#2161=EDGE_CURVE('',#1745,#1751,#1498,.T.);
#2162=EDGE_CURVE('',#1744,#1752,#1033,.T.);
#2163=EDGE_CURVE('',#1752,#1752,#1499,.T.);
#2164=EDGE_CURVE('',#1753,#1754,#1500,.T.);
#2165=EDGE_CURVE('',#1755,#1753,#1034,.T.);
#2166=EDGE_CURVE('',#1755,#1756,#1035,.T.);
#2167=EDGE_CURVE('',#1756,#1757,#1036,.T.);
#2168=EDGE_CURVE('',#1754,#1757,#1037,.T.);
#2169=EDGE_CURVE('',#1758,#1755,#1038,.T.);
#2170=EDGE_CURVE('',#1753,#1759,#1039,.T.);
#2171=EDGE_CURVE('',#1760,#1759,#1040,.T.);
#2172=EDGE_CURVE('',#1761,#1760,#1041,.T.);
#2173=EDGE_CURVE('',#1762,#1761,#1042,.T.);
#2174=EDGE_CURVE('',#1762,#1763,#1043,.T.);
#2175=EDGE_CURVE('',#1763,#1758,#1044,.T.);
#2176=EDGE_CURVE('',#1764,#1763,#1501,.T.);
#2177=EDGE_CURVE('',#1765,#1764,#1045,.T.);
#2178=EDGE_CURVE('',#1765,#1766,#1046,.T.);
#2179=EDGE_CURVE('',#1766,#1758,#1047,.T.);
#2180=EDGE_CURVE('',#1764,#1767,#1048,.T.);
#2181=EDGE_CURVE('',#1767,#1768,#1049,.F.);
#2182=EDGE_CURVE('',#1765,#1768,#1050,.T.);
#2183=EDGE_CURVE('',#1769,#1754,#1051,.T.);
#2184=EDGE_CURVE('',#1759,#1769,#1502,.T.);
#2185=EDGE_CURVE('',#1767,#1762,#1503,.T.);
#2186=EDGE_CURVE('',#1770,#1757,#1052,.T.);
#2187=EDGE_CURVE('',#1769,#1770,#1053,.T.);
#2188=EDGE_CURVE('',#1756,#1766,#1054,.T.);
#2189=EDGE_CURVE('',#1771,#1770,#1055,.T.);
#2190=EDGE_CURVE('',#1760,#1771,#1056,.T.);
#2191=EDGE_CURVE('',#1772,#1771,#1057,.T.);
#2192=EDGE_CURVE('',#1761,#1772,#1058,.T.);
#2193=EDGE_CURVE('',#1768,#1772,#1059,.T.);
#2194=EDGE_CURVE('',#1773,#1774,#1504,.T.);
#2195=EDGE_CURVE('',#1774,#1775,#1060,.T.);
#2196=EDGE_CURVE('',#1775,#1776,#1505,.T.);
#2197=EDGE_CURVE('',#1776,#1773,#1061,.T.);
#2198=EDGE_CURVE('',#1777,#1776,#1062,.T.);
#2199=EDGE_CURVE('',#1778,#1777,#1063,.T.);
#2200=EDGE_CURVE('',#1779,#1778,#1064,.T.);
#2201=EDGE_CURVE('',#1780,#1779,#1065,.T.);
#2202=EDGE_CURVE('',#1780,#1781,#1066,.T.);
#2203=EDGE_CURVE('',#1781,#1782,#1067,.T.);
#2204=EDGE_CURVE('',#1782,#1773,#1068,.T.);
#2205=EDGE_CURVE('',#1783,#1775,#1069,.T.);
#2206=EDGE_CURVE('',#1784,#1783,#1070,.T.);
#2207=EDGE_CURVE('',#1777,#1784,#1071,.T.);
#2208=EDGE_CURVE('',#1785,#1780,#1506,.T.);
#2209=EDGE_CURVE('',#1779,#1786,#1507,.T.);
#2210=EDGE_CURVE('',#1786,#1785,#1072,.T.);
#2211=EDGE_CURVE('',#1787,#1786,#1073,.T.);
#2212=EDGE_CURVE('',#1787,#1788,#1074,.T.);
#2213=EDGE_CURVE('',#1785,#1788,#1075,.T.);
#2214=EDGE_CURVE('',#1778,#1789,#1076,.T.);
#2215=EDGE_CURVE('',#1789,#1787,#1077,.T.);
#2216=EDGE_CURVE('',#1790,#1790,#1508,.T.);
#2217=EDGE_CURVE('',#1774,#1791,#1078,.T.);
#2218=EDGE_CURVE('',#1791,#1783,#1079,.T.);
#2219=EDGE_CURVE('',#1789,#1784,#1080,.T.);
#2220=EDGE_CURVE('',#1782,#1792,#1081,.T.);
#2221=EDGE_CURVE('',#1792,#1791,#1082,.T.);
#2222=EDGE_CURVE('',#1781,#1793,#1083,.T.);
#2223=EDGE_CURVE('',#1793,#1792,#1084,.T.);
#2224=EDGE_CURVE('',#1788,#1793,#1085,.T.);
#2225=EDGE_CURVE('',#1790,#1794,#1086,.T.);
#2226=EDGE_CURVE('',#1794,#1794,#1509,.T.);
#2227=ORIENTED_EDGE('',*,*,#1795,.F.);
#2228=ORIENTED_EDGE('',*,*,#1796,.T.);
#2229=ORIENTED_EDGE('',*,*,#1797,.F.);
#2230=ORIENTED_EDGE('',*,*,#1796,.F.);
#2231=ORIENTED_EDGE('',*,*,#1795,.T.);
#2232=ORIENTED_EDGE('',*,*,#1798,.F.);
#2233=ORIENTED_EDGE('',*,*,#1799,.T.);
#2234=ORIENTED_EDGE('',*,*,#1800,.F.);
#2235=ORIENTED_EDGE('',*,*,#1799,.F.);
#2236=ORIENTED_EDGE('',*,*,#1798,.T.);
#2237=ORIENTED_EDGE('',*,*,#1801,.F.);
#2238=ORIENTED_EDGE('',*,*,#1802,.T.);
#2239=ORIENTED_EDGE('',*,*,#1803,.F.);
#2240=ORIENTED_EDGE('',*,*,#1802,.F.);
#2241=ORIENTED_EDGE('',*,*,#1801,.T.);
#2242=ORIENTED_EDGE('',*,*,#1804,.F.);
#2243=ORIENTED_EDGE('',*,*,#1805,.T.);
#2244=ORIENTED_EDGE('',*,*,#1806,.F.);
#2245=ORIENTED_EDGE('',*,*,#1805,.F.);
#2246=ORIENTED_EDGE('',*,*,#1804,.T.);
#2247=ORIENTED_EDGE('',*,*,#1807,.F.);
#2248=ORIENTED_EDGE('',*,*,#1808,.F.);
#2249=ORIENTED_EDGE('',*,*,#1809,.F.);
#2250=ORIENTED_EDGE('',*,*,#1810,.T.);
#2251=ORIENTED_EDGE('',*,*,#1797,.T.);
#2252=ORIENTED_EDGE('',*,*,#1807,.T.);
#2253=ORIENTED_EDGE('',*,*,#1811,.T.);
#2254=ORIENTED_EDGE('',*,*,#1812,.T.);
#2255=ORIENTED_EDGE('',*,*,#1813,.T.);
#2256=ORIENTED_EDGE('',*,*,#1812,.F.);
#2257=ORIENTED_EDGE('',*,*,#1814,.F.);
#2258=ORIENTED_EDGE('',*,*,#1815,.F.);
#2259=ORIENTED_EDGE('',*,*,#1816,.T.);
#2260=ORIENTED_EDGE('',*,*,#1806,.T.);
#2261=ORIENTED_EDGE('',*,*,#1811,.F.);
#2262=ORIENTED_EDGE('',*,*,#1810,.F.);
#2263=ORIENTED_EDGE('',*,*,#1817,.F.);
#2264=ORIENTED_EDGE('',*,*,#1814,.T.);
#2265=ORIENTED_EDGE('',*,*,#1818,.F.);
#2266=ORIENTED_EDGE('',*,*,#1819,.T.);
#2267=ORIENTED_EDGE('',*,*,#1820,.F.);
#2268=ORIENTED_EDGE('',*,*,#1819,.F.);
#2269=ORIENTED_EDGE('',*,*,#1818,.T.);
#2270=ORIENTED_EDGE('',*,*,#1821,.F.);
#2271=ORIENTED_EDGE('',*,*,#1822,.T.);
#2272=ORIENTED_EDGE('',*,*,#1823,.F.);
#2273=ORIENTED_EDGE('',*,*,#1822,.F.);
#2274=ORIENTED_EDGE('',*,*,#1821,.T.);
#2275=ORIENTED_EDGE('',*,*,#1824,.T.);
#2276=ORIENTED_EDGE('',*,*,#1825,.T.);
#2277=ORIENTED_EDGE('',*,*,#1826,.T.);
#2278=ORIENTED_EDGE('',*,*,#1827,.T.);
#2279=ORIENTED_EDGE('',*,*,#1826,.F.);
#2280=ORIENTED_EDGE('',*,*,#1828,.F.);
#2281=ORIENTED_EDGE('',*,*,#1829,.F.);
#2282=ORIENTED_EDGE('',*,*,#1830,.F.);
#2283=ORIENTED_EDGE('',*,*,#1831,.F.);
#2284=ORIENTED_EDGE('',*,*,#1832,.T.);
#2285=ORIENTED_EDGE('',*,*,#1823,.T.);
#2286=ORIENTED_EDGE('',*,*,#1825,.F.);
#2287=ORIENTED_EDGE('',*,*,#1833,.T.);
#2288=ORIENTED_EDGE('',*,*,#1834,.F.);
#2289=ORIENTED_EDGE('',*,*,#1828,.T.);
#2290=ORIENTED_EDGE('',*,*,#1829,.T.);
#2291=ORIENTED_EDGE('',*,*,#1834,.T.);
#2292=ORIENTED_EDGE('',*,*,#1835,.T.);
#2293=ORIENTED_EDGE('',*,*,#1836,.T.);
#2294=ORIENTED_EDGE('',*,*,#1824,.F.);
#2295=ORIENTED_EDGE('',*,*,#1837,.F.);
#2296=ORIENTED_EDGE('',*,*,#1838,.F.);
#2297=ORIENTED_EDGE('',*,*,#1839,.T.);
#2298=ORIENTED_EDGE('',*,*,#1835,.F.);
#2299=ORIENTED_EDGE('',*,*,#1833,.F.);
#2300=ORIENTED_EDGE('',*,*,#1827,.F.);
#2301=ORIENTED_EDGE('',*,*,#1832,.F.);
#2302=ORIENTED_EDGE('',*,*,#1840,.F.);
#2303=ORIENTED_EDGE('',*,*,#1837,.T.);
#2304=ORIENTED_EDGE('',*,*,#1836,.F.);
#2305=ORIENTED_EDGE('',*,*,#1839,.F.);
#2306=ORIENTED_EDGE('',*,*,#1841,.F.);
#2307=ORIENTED_EDGE('',*,*,#1830,.T.);
#2308=ORIENTED_EDGE('',*,*,#1838,.T.);
#2309=ORIENTED_EDGE('',*,*,#1842,.T.);
#2310=ORIENTED_EDGE('',*,*,#1840,.T.);
#2311=ORIENTED_EDGE('',*,*,#1843,.T.);
#2312=ORIENTED_EDGE('',*,*,#1844,.T.);
#2313=ORIENTED_EDGE('',*,*,#1831,.T.);
#2314=ORIENTED_EDGE('',*,*,#1845,.T.);
#2315=ORIENTED_EDGE('',*,*,#1841,.T.);
#2316=ORIENTED_EDGE('',*,*,#1846,.T.);
#2317=ORIENTED_EDGE('',*,*,#1843,.F.);
#2318=ORIENTED_EDGE('',*,*,#1845,.F.);
#2319=ORIENTED_EDGE('',*,*,#1846,.F.);
#2320=ORIENTED_EDGE('',*,*,#1842,.F.);
#2321=ORIENTED_EDGE('',*,*,#1844,.F.);
#2322=ORIENTED_EDGE('',*,*,#1847,.T.);
#2323=ORIENTED_EDGE('',*,*,#1848,.F.);
#2324=ORIENTED_EDGE('',*,*,#1847,.F.);
#2325=ORIENTED_EDGE('',*,*,#1849,.T.);
#2326=ORIENTED_EDGE('',*,*,#1850,.T.);
#2327=ORIENTED_EDGE('',*,*,#1851,.F.);
#2328=ORIENTED_EDGE('',*,*,#1852,.F.);
#2329=ORIENTED_EDGE('',*,*,#1853,.T.);
#2330=ORIENTED_EDGE('',*,*,#1852,.T.);
#2331=ORIENTED_EDGE('',*,*,#1854,.F.);
#2332=ORIENTED_EDGE('',*,*,#1855,.F.);
#2333=ORIENTED_EDGE('',*,*,#1856,.T.);
#2334=ORIENTED_EDGE('',*,*,#1855,.T.);
#2335=ORIENTED_EDGE('',*,*,#1857,.F.);
#2336=ORIENTED_EDGE('',*,*,#1858,.F.);
#2337=ORIENTED_EDGE('',*,*,#1813,.F.);
#2338=ORIENTED_EDGE('',*,*,#1816,.F.);
#2339=ORIENTED_EDGE('',*,*,#1859,.F.);
#2340=ORIENTED_EDGE('',*,*,#1850,.F.);
#2341=ORIENTED_EDGE('',*,*,#1860,.T.);
#2342=ORIENTED_EDGE('',*,*,#1858,.T.);
#2343=ORIENTED_EDGE('',*,*,#1861,.F.);
#2344=ORIENTED_EDGE('',*,*,#1808,.T.);
#2345=ORIENTED_EDGE('',*,*,#1809,.T.);
#2346=ORIENTED_EDGE('',*,*,#1861,.T.);
#2347=ORIENTED_EDGE('',*,*,#1857,.T.);
#2348=ORIENTED_EDGE('',*,*,#1854,.T.);
#2349=ORIENTED_EDGE('',*,*,#1851,.T.);
#2350=ORIENTED_EDGE('',*,*,#1859,.T.);
#2351=ORIENTED_EDGE('',*,*,#1815,.T.);
#2352=ORIENTED_EDGE('',*,*,#1817,.T.);
#2353=ORIENTED_EDGE('',*,*,#1800,.T.);
#2354=ORIENTED_EDGE('',*,*,#1803,.T.);
#2355=ORIENTED_EDGE('',*,*,#1820,.T.);
#2356=ORIENTED_EDGE('',*,*,#1848,.T.);
#2357=ORIENTED_EDGE('',*,*,#1860,.F.);
#2358=ORIENTED_EDGE('',*,*,#1849,.F.);
#2359=ORIENTED_EDGE('',*,*,#1853,.F.);
#2360=ORIENTED_EDGE('',*,*,#1856,.F.);
#2361=ORIENTED_EDGE('',*,*,#1862,.T.);
#2362=ORIENTED_EDGE('',*,*,#1863,.F.);
#2363=ORIENTED_EDGE('',*,*,#1864,.T.);
#2364=ORIENTED_EDGE('',*,*,#1862,.F.);
#2365=ORIENTED_EDGE('',*,*,#1864,.F.);
#2366=ORIENTED_EDGE('',*,*,#1863,.T.);
#2367=ORIENTED_EDGE('',*,*,#1865,.F.);
#2368=ORIENTED_EDGE('',*,*,#1866,.T.);
#2369=ORIENTED_EDGE('',*,*,#1867,.F.);
#2370=ORIENTED_EDGE('',*,*,#1866,.F.);
#2371=ORIENTED_EDGE('',*,*,#1865,.T.);
#2372=ORIENTED_EDGE('',*,*,#1868,.F.);
#2373=ORIENTED_EDGE('',*,*,#1869,.T.);
#2374=ORIENTED_EDGE('',*,*,#1870,.T.);
#2375=ORIENTED_EDGE('',*,*,#1869,.F.);
#2376=ORIENTED_EDGE('',*,*,#1867,.T.);
#2377=ORIENTED_EDGE('',*,*,#1868,.T.);
#2378=ORIENTED_EDGE('',*,*,#1870,.F.);
#2379=ORIENTED_EDGE('',*,*,#1871,.F.);
#2380=ORIENTED_EDGE('',*,*,#1872,.T.);
#2381=ORIENTED_EDGE('',*,*,#1873,.F.);
#2382=ORIENTED_EDGE('',*,*,#1872,.F.);
#2383=ORIENTED_EDGE('',*,*,#1874,.F.);
#2384=ORIENTED_EDGE('',*,*,#1875,.T.);
#2385=ORIENTED_EDGE('',*,*,#1876,.F.);
#2386=ORIENTED_EDGE('',*,*,#1875,.F.);
#2387=ORIENTED_EDGE('',*,*,#1874,.T.);
#2388=ORIENTED_EDGE('',*,*,#1871,.T.);
#2389=ORIENTED_EDGE('',*,*,#1877,.F.);
#2390=ORIENTED_EDGE('',*,*,#1878,.T.);
#2391=ORIENTED_EDGE('',*,*,#1879,.F.);
#2392=ORIENTED_EDGE('',*,*,#1880,.F.);
#2393=ORIENTED_EDGE('',*,*,#1876,.T.);
#2394=ORIENTED_EDGE('',*,*,#1873,.T.);
#2395=ORIENTED_EDGE('',*,*,#1881,.F.);
#2396=ORIENTED_EDGE('',*,*,#1880,.T.);
#2397=ORIENTED_EDGE('',*,*,#1882,.F.);
#2398=ORIENTED_EDGE('',*,*,#1883,.F.);
#2399=ORIENTED_EDGE('',*,*,#1884,.F.);
#2400=ORIENTED_EDGE('',*,*,#1883,.T.);
#2401=ORIENTED_EDGE('',*,*,#1885,.F.);
#2402=ORIENTED_EDGE('',*,*,#1886,.F.);
#2403=ORIENTED_EDGE('',*,*,#1887,.F.);
#2404=ORIENTED_EDGE('',*,*,#1886,.T.);
#2405=ORIENTED_EDGE('',*,*,#1888,.F.);
#2406=ORIENTED_EDGE('',*,*,#1878,.F.);
#2407=ORIENTED_EDGE('',*,*,#1888,.T.);
#2408=ORIENTED_EDGE('',*,*,#1885,.T.);
#2409=ORIENTED_EDGE('',*,*,#1882,.T.);
#2410=ORIENTED_EDGE('',*,*,#1879,.T.);
#2411=ORIENTED_EDGE('',*,*,#1887,.T.);
#2412=ORIENTED_EDGE('',*,*,#1877,.T.);
#2413=ORIENTED_EDGE('',*,*,#1881,.T.);
#2414=ORIENTED_EDGE('',*,*,#1884,.T.);
#2415=ORIENTED_EDGE('',*,*,#1889,.F.);
#2416=ORIENTED_EDGE('',*,*,#1890,.T.);
#2417=ORIENTED_EDGE('',*,*,#1891,.F.);
#2418=ORIENTED_EDGE('',*,*,#1890,.F.);
#2419=ORIENTED_EDGE('',*,*,#1889,.T.);
#2420=ORIENTED_EDGE('',*,*,#1892,.F.);
#2421=ORIENTED_EDGE('',*,*,#1893,.T.);
#2422=ORIENTED_EDGE('',*,*,#1894,.F.);
#2423=ORIENTED_EDGE('',*,*,#1895,.F.);
#2424=ORIENTED_EDGE('',*,*,#1891,.T.);
#2425=ORIENTED_EDGE('',*,*,#1896,.T.);
#2426=ORIENTED_EDGE('',*,*,#1897,.T.);
#2427=ORIENTED_EDGE('',*,*,#1894,.T.);
#2428=ORIENTED_EDGE('',*,*,#1895,.T.);
#2429=ORIENTED_EDGE('',*,*,#1897,.F.);
#2430=ORIENTED_EDGE('',*,*,#1898,.T.);
#2431=ORIENTED_EDGE('',*,*,#1899,.T.);
#2432=ORIENTED_EDGE('',*,*,#1898,.F.);
#2433=ORIENTED_EDGE('',*,*,#1896,.F.);
#2434=ORIENTED_EDGE('',*,*,#1893,.F.);
#2435=ORIENTED_EDGE('',*,*,#1900,.F.);
#2436=ORIENTED_EDGE('',*,*,#1892,.T.);
#2437=ORIENTED_EDGE('',*,*,#1900,.T.);
#2438=ORIENTED_EDGE('',*,*,#1899,.F.);
#2439=ORIENTED_EDGE('',*,*,#1901,.F.);
#2440=ORIENTED_EDGE('',*,*,#1902,.T.);
#2441=ORIENTED_EDGE('',*,*,#1903,.F.);
#2442=ORIENTED_EDGE('',*,*,#1902,.F.);
#2443=ORIENTED_EDGE('',*,*,#1901,.T.);
#2444=ORIENTED_EDGE('',*,*,#1904,.T.);
#2445=ORIENTED_EDGE('',*,*,#1903,.T.);
#2446=ORIENTED_EDGE('',*,*,#1905,.T.);
#2447=ORIENTED_EDGE('',*,*,#1906,.T.);
#2448=ORIENTED_EDGE('',*,*,#1907,.F.);
#2449=ORIENTED_EDGE('',*,*,#1908,.F.);
#2450=ORIENTED_EDGE('',*,*,#1909,.T.);
#2451=ORIENTED_EDGE('',*,*,#1910,.T.);
#2452=ORIENTED_EDGE('',*,*,#1911,.F.);
#2453=ORIENTED_EDGE('',*,*,#1912,.F.);
#2454=ORIENTED_EDGE('',*,*,#1905,.F.);
#2455=ORIENTED_EDGE('',*,*,#1913,.T.);
#2456=ORIENTED_EDGE('',*,*,#1904,.F.);
#2457=ORIENTED_EDGE('',*,*,#1913,.F.);
#2458=ORIENTED_EDGE('',*,*,#1906,.F.);
#2459=ORIENTED_EDGE('',*,*,#1912,.T.);
#2460=ORIENTED_EDGE('',*,*,#1914,.F.);
#2461=ORIENTED_EDGE('',*,*,#1915,.F.);
#2462=ORIENTED_EDGE('',*,*,#1907,.T.);
#2463=ORIENTED_EDGE('',*,*,#1915,.T.);
#2464=ORIENTED_EDGE('',*,*,#1916,.F.);
#2465=ORIENTED_EDGE('',*,*,#1917,.F.);
#2466=ORIENTED_EDGE('',*,*,#1908,.T.);
#2467=ORIENTED_EDGE('',*,*,#1917,.T.);
#2468=ORIENTED_EDGE('',*,*,#1918,.F.);
#2469=ORIENTED_EDGE('',*,*,#1910,.F.);
#2470=ORIENTED_EDGE('',*,*,#1918,.T.);
#2471=ORIENTED_EDGE('',*,*,#1916,.T.);
#2472=ORIENTED_EDGE('',*,*,#1914,.T.);
#2473=ORIENTED_EDGE('',*,*,#1911,.T.);
#2474=ORIENTED_EDGE('',*,*,#1909,.F.);
#2475=ORIENTED_EDGE('',*,*,#1919,.T.);
#2476=ORIENTED_EDGE('',*,*,#1920,.T.);
#2477=ORIENTED_EDGE('',*,*,#1919,.F.);
#2478=ORIENTED_EDGE('',*,*,#1920,.F.);
#2479=ORIENTED_EDGE('',*,*,#1921,.F.);
#2480=ORIENTED_EDGE('',*,*,#1922,.T.);
#2481=ORIENTED_EDGE('',*,*,#1923,.F.);
#2482=ORIENTED_EDGE('',*,*,#1922,.F.);
#2483=ORIENTED_EDGE('',*,*,#1921,.T.);
#2484=ORIENTED_EDGE('',*,*,#1924,.T.);
#2485=ORIENTED_EDGE('',*,*,#1923,.T.);
#2486=ORIENTED_EDGE('',*,*,#1925,.T.);
#2487=ORIENTED_EDGE('',*,*,#1926,.T.);
#2488=ORIENTED_EDGE('',*,*,#1927,.F.);
#2489=ORIENTED_EDGE('',*,*,#1928,.F.);
#2490=ORIENTED_EDGE('',*,*,#1929,.T.);
#2491=ORIENTED_EDGE('',*,*,#1930,.T.);
#2492=ORIENTED_EDGE('',*,*,#1929,.F.);
#2493=ORIENTED_EDGE('',*,*,#1931,.T.);
#2494=ORIENTED_EDGE('',*,*,#1932,.F.);
#2495=ORIENTED_EDGE('',*,*,#1933,.F.);
#2496=ORIENTED_EDGE('',*,*,#1933,.T.);
#2497=ORIENTED_EDGE('',*,*,#1934,.F.);
#2498=ORIENTED_EDGE('',*,*,#1935,.F.);
#2499=ORIENTED_EDGE('',*,*,#1926,.F.);
#2500=ORIENTED_EDGE('',*,*,#1936,.T.);
#2501=ORIENTED_EDGE('',*,*,#1924,.F.);
#2502=ORIENTED_EDGE('',*,*,#1936,.F.);
#2503=ORIENTED_EDGE('',*,*,#1925,.F.);
#2504=ORIENTED_EDGE('',*,*,#1927,.T.);
#2505=ORIENTED_EDGE('',*,*,#1935,.T.);
#2506=ORIENTED_EDGE('',*,*,#1937,.F.);
#2507=ORIENTED_EDGE('',*,*,#1938,.F.);
#2508=ORIENTED_EDGE('',*,*,#1928,.T.);
#2509=ORIENTED_EDGE('',*,*,#1938,.T.);
#2510=ORIENTED_EDGE('',*,*,#1939,.F.);
#2511=ORIENTED_EDGE('',*,*,#1931,.F.);
#2512=ORIENTED_EDGE('',*,*,#1939,.T.);
#2513=ORIENTED_EDGE('',*,*,#1937,.T.);
#2514=ORIENTED_EDGE('',*,*,#1934,.T.);
#2515=ORIENTED_EDGE('',*,*,#1932,.T.);
#2516=ORIENTED_EDGE('',*,*,#1930,.F.);
#2517=ORIENTED_EDGE('',*,*,#1940,.T.);
#2518=ORIENTED_EDGE('',*,*,#1941,.T.);
#2519=ORIENTED_EDGE('',*,*,#1940,.F.);
#2520=ORIENTED_EDGE('',*,*,#1941,.F.);
#2521=ORIENTED_EDGE('',*,*,#1942,.F.);
#2522=ORIENTED_EDGE('',*,*,#1943,.T.);
#2523=ORIENTED_EDGE('',*,*,#1944,.F.);
#2524=ORIENTED_EDGE('',*,*,#1943,.F.);
#2525=ORIENTED_EDGE('',*,*,#1942,.T.);
#2526=ORIENTED_EDGE('',*,*,#1945,.T.);
#2527=ORIENTED_EDGE('',*,*,#1944,.T.);
#2528=ORIENTED_EDGE('',*,*,#1946,.T.);
#2529=ORIENTED_EDGE('',*,*,#1947,.F.);
#2530=ORIENTED_EDGE('',*,*,#1948,.F.);
#2531=ORIENTED_EDGE('',*,*,#1949,.T.);
#2532=ORIENTED_EDGE('',*,*,#1950,.T.);
#2533=ORIENTED_EDGE('',*,*,#1948,.T.);
#2534=ORIENTED_EDGE('',*,*,#1951,.T.);
#2535=ORIENTED_EDGE('',*,*,#1952,.F.);
#2536=ORIENTED_EDGE('',*,*,#1953,.F.);
#2537=ORIENTED_EDGE('',*,*,#1949,.F.);
#2538=ORIENTED_EDGE('',*,*,#1953,.T.);
#2539=ORIENTED_EDGE('',*,*,#1954,.F.);
#2540=ORIENTED_EDGE('',*,*,#1955,.F.);
#2541=ORIENTED_EDGE('',*,*,#1955,.T.);
#2542=ORIENTED_EDGE('',*,*,#1956,.F.);
#2543=ORIENTED_EDGE('',*,*,#1957,.T.);
#2544=ORIENTED_EDGE('',*,*,#1945,.F.);
#2545=ORIENTED_EDGE('',*,*,#1957,.F.);
#2546=ORIENTED_EDGE('',*,*,#1958,.F.);
#2547=ORIENTED_EDGE('',*,*,#1959,.F.);
#2548=ORIENTED_EDGE('',*,*,#1946,.F.);
#2549=ORIENTED_EDGE('',*,*,#1947,.T.);
#2550=ORIENTED_EDGE('',*,*,#1959,.T.);
#2551=ORIENTED_EDGE('',*,*,#1960,.F.);
#2552=ORIENTED_EDGE('',*,*,#1951,.F.);
#2553=ORIENTED_EDGE('',*,*,#1960,.T.);
#2554=ORIENTED_EDGE('',*,*,#1958,.T.);
#2555=ORIENTED_EDGE('',*,*,#1956,.T.);
#2556=ORIENTED_EDGE('',*,*,#1954,.T.);
#2557=ORIENTED_EDGE('',*,*,#1952,.T.);
#2558=ORIENTED_EDGE('',*,*,#1950,.F.);
#2559=ORIENTED_EDGE('',*,*,#1961,.T.);
#2560=ORIENTED_EDGE('',*,*,#1962,.T.);
#2561=ORIENTED_EDGE('',*,*,#1961,.F.);
#2562=ORIENTED_EDGE('',*,*,#1962,.F.);
#2563=ORIENTED_EDGE('',*,*,#1963,.F.);
#2564=ORIENTED_EDGE('',*,*,#1964,.T.);
#2565=ORIENTED_EDGE('',*,*,#1965,.F.);
#2566=ORIENTED_EDGE('',*,*,#1964,.F.);
#2567=ORIENTED_EDGE('',*,*,#1963,.T.);
#2568=ORIENTED_EDGE('',*,*,#1966,.F.);
#2569=ORIENTED_EDGE('',*,*,#1967,.T.);
#2570=ORIENTED_EDGE('',*,*,#1968,.F.);
#2571=ORIENTED_EDGE('',*,*,#1969,.F.);
#2572=ORIENTED_EDGE('',*,*,#1965,.T.);
#2573=ORIENTED_EDGE('',*,*,#1970,.T.);
#2574=ORIENTED_EDGE('',*,*,#1967,.F.);
#2575=ORIENTED_EDGE('',*,*,#1971,.T.);
#2576=ORIENTED_EDGE('',*,*,#1972,.F.);
#2577=ORIENTED_EDGE('',*,*,#1973,.F.);
#2578=ORIENTED_EDGE('',*,*,#1968,.T.);
#2579=ORIENTED_EDGE('',*,*,#1973,.T.);
#2580=ORIENTED_EDGE('',*,*,#1974,.F.);
#2581=ORIENTED_EDGE('',*,*,#1975,.F.);
#2582=ORIENTED_EDGE('',*,*,#1969,.T.);
#2583=ORIENTED_EDGE('',*,*,#1975,.T.);
#2584=ORIENTED_EDGE('',*,*,#1976,.F.);
#2585=ORIENTED_EDGE('',*,*,#1977,.F.);
#2586=ORIENTED_EDGE('',*,*,#1966,.T.);
#2587=ORIENTED_EDGE('',*,*,#1977,.T.);
#2588=ORIENTED_EDGE('',*,*,#1978,.F.);
#2589=ORIENTED_EDGE('',*,*,#1971,.F.);
#2590=ORIENTED_EDGE('',*,*,#1978,.T.);
#2591=ORIENTED_EDGE('',*,*,#1976,.T.);
#2592=ORIENTED_EDGE('',*,*,#1974,.T.);
#2593=ORIENTED_EDGE('',*,*,#1972,.T.);
#2594=ORIENTED_EDGE('',*,*,#1970,.F.);
#2595=ORIENTED_EDGE('',*,*,#1979,.T.);
#2596=ORIENTED_EDGE('',*,*,#1980,.T.);
#2597=ORIENTED_EDGE('',*,*,#1979,.F.);
#2598=ORIENTED_EDGE('',*,*,#1980,.F.);
#2599=ORIENTED_EDGE('',*,*,#1981,.T.);
#2600=ORIENTED_EDGE('',*,*,#1982,.T.);
#2601=ORIENTED_EDGE('',*,*,#1983,.T.);
#2602=ORIENTED_EDGE('',*,*,#1984,.F.);
#2603=ORIENTED_EDGE('',*,*,#1985,.T.);
#2604=ORIENTED_EDGE('',*,*,#1982,.F.);
#2605=ORIENTED_EDGE('',*,*,#1986,.T.);
#2606=ORIENTED_EDGE('',*,*,#1987,.F.);
#2607=ORIENTED_EDGE('',*,*,#1988,.F.);
#2608=ORIENTED_EDGE('',*,*,#1983,.F.);
#2609=ORIENTED_EDGE('',*,*,#1988,.T.);
#2610=ORIENTED_EDGE('',*,*,#1989,.F.);
#2611=ORIENTED_EDGE('',*,*,#1990,.F.);
#2612=ORIENTED_EDGE('',*,*,#1984,.T.);
#2613=ORIENTED_EDGE('',*,*,#1990,.T.);
#2614=ORIENTED_EDGE('',*,*,#1991,.F.);
#2615=ORIENTED_EDGE('',*,*,#1992,.F.);
#2616=ORIENTED_EDGE('',*,*,#1981,.F.);
#2617=ORIENTED_EDGE('',*,*,#1992,.T.);
#2618=ORIENTED_EDGE('',*,*,#1993,.F.);
#2619=ORIENTED_EDGE('',*,*,#1986,.F.);
#2620=ORIENTED_EDGE('',*,*,#1993,.T.);
#2621=ORIENTED_EDGE('',*,*,#1991,.T.);
#2622=ORIENTED_EDGE('',*,*,#1989,.T.);
#2623=ORIENTED_EDGE('',*,*,#1987,.T.);
#2624=ORIENTED_EDGE('',*,*,#1985,.F.);
#2625=ORIENTED_EDGE('',*,*,#1994,.T.);
#2626=ORIENTED_EDGE('',*,*,#1995,.T.);
#2627=ORIENTED_EDGE('',*,*,#1994,.F.);
#2628=ORIENTED_EDGE('',*,*,#1995,.F.);
#2629=ORIENTED_EDGE('',*,*,#1996,.F.);
#2630=ORIENTED_EDGE('',*,*,#1997,.F.);
#2631=ORIENTED_EDGE('',*,*,#1998,.F.);
#2632=ORIENTED_EDGE('',*,*,#1999,.F.);
#2633=ORIENTED_EDGE('',*,*,#1996,.T.);
#2634=ORIENTED_EDGE('',*,*,#2000,.T.);
#2635=ORIENTED_EDGE('',*,*,#2001,.F.);
#2636=ORIENTED_EDGE('',*,*,#2002,.F.);
#2637=ORIENTED_EDGE('',*,*,#2003,.T.);
#2638=ORIENTED_EDGE('',*,*,#1997,.T.);
#2639=ORIENTED_EDGE('',*,*,#2003,.F.);
#2640=ORIENTED_EDGE('',*,*,#2004,.F.);
#2641=ORIENTED_EDGE('',*,*,#2005,.T.);
#2642=ORIENTED_EDGE('',*,*,#1998,.T.);
#2643=ORIENTED_EDGE('',*,*,#2005,.F.);
#2644=ORIENTED_EDGE('',*,*,#2006,.F.);
#2645=ORIENTED_EDGE('',*,*,#2007,.F.);
#2646=ORIENTED_EDGE('',*,*,#2008,.T.);
#2647=ORIENTED_EDGE('',*,*,#1999,.T.);
#2648=ORIENTED_EDGE('',*,*,#2008,.F.);
#2649=ORIENTED_EDGE('',*,*,#2009,.F.);
#2650=ORIENTED_EDGE('',*,*,#2000,.F.);
#2651=ORIENTED_EDGE('',*,*,#2002,.T.);
#2652=ORIENTED_EDGE('',*,*,#2010,.F.);
#2653=ORIENTED_EDGE('',*,*,#2006,.T.);
#2654=ORIENTED_EDGE('',*,*,#2004,.T.);
#2655=ORIENTED_EDGE('',*,*,#2011,.T.);
#2656=ORIENTED_EDGE('',*,*,#2012,.T.);
#2657=ORIENTED_EDGE('',*,*,#2013,.T.);
#2658=ORIENTED_EDGE('',*,*,#2014,.T.);
#2659=ORIENTED_EDGE('',*,*,#2011,.F.);
#2660=ORIENTED_EDGE('',*,*,#2015,.F.);
#2661=ORIENTED_EDGE('',*,*,#2016,.T.);
#2662=ORIENTED_EDGE('',*,*,#2017,.T.);
#2663=ORIENTED_EDGE('',*,*,#2018,.F.);
#2664=ORIENTED_EDGE('',*,*,#2014,.F.);
#2665=ORIENTED_EDGE('',*,*,#2019,.F.);
#2666=ORIENTED_EDGE('',*,*,#2020,.T.);
#2667=ORIENTED_EDGE('',*,*,#2015,.T.);
#2668=ORIENTED_EDGE('',*,*,#2013,.F.);
#2669=ORIENTED_EDGE('',*,*,#2021,.F.);
#2670=ORIENTED_EDGE('',*,*,#2022,.F.);
#2671=ORIENTED_EDGE('',*,*,#2023,.T.);
#2672=ORIENTED_EDGE('',*,*,#2019,.T.);
#2673=ORIENTED_EDGE('',*,*,#2024,.T.);
#2674=ORIENTED_EDGE('',*,*,#2022,.T.);
#2675=ORIENTED_EDGE('',*,*,#2025,.F.);
#2676=ORIENTED_EDGE('',*,*,#2017,.F.);
#2677=ORIENTED_EDGE('',*,*,#2007,.T.);
#2678=ORIENTED_EDGE('',*,*,#2010,.T.);
#2679=ORIENTED_EDGE('',*,*,#2001,.T.);
#2680=ORIENTED_EDGE('',*,*,#2009,.T.);
#2681=ORIENTED_EDGE('',*,*,#2012,.F.);
#2682=ORIENTED_EDGE('',*,*,#2018,.T.);
#2683=ORIENTED_EDGE('',*,*,#2025,.T.);
#2684=ORIENTED_EDGE('',*,*,#2021,.T.);
#2685=ORIENTED_EDGE('',*,*,#2016,.F.);
#2686=ORIENTED_EDGE('',*,*,#2020,.F.);
#2687=ORIENTED_EDGE('',*,*,#2023,.F.);
#2688=ORIENTED_EDGE('',*,*,#2024,.F.);
#2689=ORIENTED_EDGE('',*,*,#2026,.F.);
#2690=ORIENTED_EDGE('',*,*,#2027,.T.);
#2691=ORIENTED_EDGE('',*,*,#2028,.F.);
#2692=ORIENTED_EDGE('',*,*,#2029,.T.);
#2693=ORIENTED_EDGE('',*,*,#2026,.T.);
#2694=ORIENTED_EDGE('',*,*,#2029,.F.);
#2695=ORIENTED_EDGE('',*,*,#2028,.T.);
#2696=ORIENTED_EDGE('',*,*,#2030,.F.);
#2697=ORIENTED_EDGE('',*,*,#2031,.T.);
#2698=ORIENTED_EDGE('',*,*,#2032,.F.);
#2699=ORIENTED_EDGE('',*,*,#2031,.F.);
#2700=ORIENTED_EDGE('',*,*,#2030,.T.);
#2701=ORIENTED_EDGE('',*,*,#2027,.F.);
#2702=ORIENTED_EDGE('',*,*,#2033,.T.);
#2703=ORIENTED_EDGE('',*,*,#2034,.F.);
#2704=ORIENTED_EDGE('',*,*,#2033,.F.);
#2705=ORIENTED_EDGE('',*,*,#2035,.F.);
#2706=ORIENTED_EDGE('',*,*,#2036,.T.);
#2707=ORIENTED_EDGE('',*,*,#2037,.F.);
#2708=ORIENTED_EDGE('',*,*,#2038,.T.);
#2709=ORIENTED_EDGE('',*,*,#2039,.F.);
#2710=ORIENTED_EDGE('',*,*,#2040,.F.);
#2711=ORIENTED_EDGE('',*,*,#2041,.F.);
#2712=ORIENTED_EDGE('',*,*,#2042,.T.);
#2713=ORIENTED_EDGE('',*,*,#2036,.F.);
#2714=ORIENTED_EDGE('',*,*,#2043,.T.);
#2715=ORIENTED_EDGE('',*,*,#2044,.F.);
#2716=ORIENTED_EDGE('',*,*,#2045,.F.);
#2717=ORIENTED_EDGE('',*,*,#2037,.T.);
#2718=ORIENTED_EDGE('',*,*,#2045,.T.);
#2719=ORIENTED_EDGE('',*,*,#2046,.F.);
#2720=ORIENTED_EDGE('',*,*,#2047,.F.);
#2721=ORIENTED_EDGE('',*,*,#2038,.F.);
#2722=ORIENTED_EDGE('',*,*,#2047,.T.);
#2723=ORIENTED_EDGE('',*,*,#2048,.F.);
#2724=ORIENTED_EDGE('',*,*,#2049,.F.);
#2725=ORIENTED_EDGE('',*,*,#2039,.T.);
#2726=ORIENTED_EDGE('',*,*,#2049,.T.);
#2727=ORIENTED_EDGE('',*,*,#2050,.F.);
#2728=ORIENTED_EDGE('',*,*,#2051,.F.);
#2729=ORIENTED_EDGE('',*,*,#2040,.T.);
#2730=ORIENTED_EDGE('',*,*,#2051,.T.);
#2731=ORIENTED_EDGE('',*,*,#2052,.F.);
#2732=ORIENTED_EDGE('',*,*,#2053,.F.);
#2733=ORIENTED_EDGE('',*,*,#2041,.T.);
#2734=ORIENTED_EDGE('',*,*,#2053,.T.);
#2735=ORIENTED_EDGE('',*,*,#2054,.F.);
#2736=ORIENTED_EDGE('',*,*,#2055,.F.);
#2737=ORIENTED_EDGE('',*,*,#2035,.T.);
#2738=ORIENTED_EDGE('',*,*,#2055,.T.);
#2739=ORIENTED_EDGE('',*,*,#2056,.F.);
#2740=ORIENTED_EDGE('',*,*,#2043,.F.);
#2741=ORIENTED_EDGE('',*,*,#2056,.T.);
#2742=ORIENTED_EDGE('',*,*,#2054,.T.);
#2743=ORIENTED_EDGE('',*,*,#2052,.T.);
#2744=ORIENTED_EDGE('',*,*,#2050,.T.);
#2745=ORIENTED_EDGE('',*,*,#2048,.T.);
#2746=ORIENTED_EDGE('',*,*,#2046,.T.);
#2747=ORIENTED_EDGE('',*,*,#2044,.T.);
#2748=ORIENTED_EDGE('',*,*,#2032,.T.);
#2749=ORIENTED_EDGE('',*,*,#2034,.T.);
#2750=ORIENTED_EDGE('',*,*,#2042,.F.);
#2751=ORIENTED_EDGE('',*,*,#2057,.T.);
#2752=ORIENTED_EDGE('',*,*,#2058,.T.);
#2753=ORIENTED_EDGE('',*,*,#2057,.F.);
#2754=ORIENTED_EDGE('',*,*,#2058,.F.);
#2755=ORIENTED_EDGE('',*,*,#2059,.F.);
#2756=ORIENTED_EDGE('',*,*,#2060,.T.);
#2757=ORIENTED_EDGE('',*,*,#2061,.F.);
#2758=ORIENTED_EDGE('',*,*,#2062,.T.);
#2759=ORIENTED_EDGE('',*,*,#2059,.T.);
#2760=ORIENTED_EDGE('',*,*,#2062,.F.);
#2761=ORIENTED_EDGE('',*,*,#2061,.T.);
#2762=ORIENTED_EDGE('',*,*,#2063,.F.);
#2763=ORIENTED_EDGE('',*,*,#2064,.T.);
#2764=ORIENTED_EDGE('',*,*,#2065,.F.);
#2765=ORIENTED_EDGE('',*,*,#2066,.T.);
#2766=ORIENTED_EDGE('',*,*,#2063,.T.);
#2767=ORIENTED_EDGE('',*,*,#2066,.F.);
#2768=ORIENTED_EDGE('',*,*,#2065,.T.);
#2769=ORIENTED_EDGE('',*,*,#2060,.F.);
#2770=ORIENTED_EDGE('',*,*,#2067,.T.);
#2771=ORIENTED_EDGE('',*,*,#2068,.F.);
#2772=ORIENTED_EDGE('',*,*,#2067,.F.);
#2773=ORIENTED_EDGE('',*,*,#2064,.F.);
#2774=ORIENTED_EDGE('',*,*,#2069,.T.);
#2775=ORIENTED_EDGE('',*,*,#2070,.F.);
#2776=ORIENTED_EDGE('',*,*,#2069,.F.);
#2777=ORIENTED_EDGE('',*,*,#2071,.F.);
#2778=ORIENTED_EDGE('',*,*,#2072,.T.);
#2779=ORIENTED_EDGE('',*,*,#2073,.F.);
#2780=ORIENTED_EDGE('',*,*,#2074,.T.);
#2781=ORIENTED_EDGE('',*,*,#2075,.F.);
#2782=ORIENTED_EDGE('',*,*,#2076,.F.);
#2783=ORIENTED_EDGE('',*,*,#2077,.F.);
#2784=ORIENTED_EDGE('',*,*,#2078,.T.);
#2785=ORIENTED_EDGE('',*,*,#2072,.F.);
#2786=ORIENTED_EDGE('',*,*,#2079,.T.);
#2787=ORIENTED_EDGE('',*,*,#2080,.F.);
#2788=ORIENTED_EDGE('',*,*,#2081,.F.);
#2789=ORIENTED_EDGE('',*,*,#2073,.T.);
#2790=ORIENTED_EDGE('',*,*,#2081,.T.);
#2791=ORIENTED_EDGE('',*,*,#2082,.F.);
#2792=ORIENTED_EDGE('',*,*,#2083,.F.);
#2793=ORIENTED_EDGE('',*,*,#2074,.F.);
#2794=ORIENTED_EDGE('',*,*,#2083,.T.);
#2795=ORIENTED_EDGE('',*,*,#2084,.F.);
#2796=ORIENTED_EDGE('',*,*,#2085,.F.);
#2797=ORIENTED_EDGE('',*,*,#2075,.T.);
#2798=ORIENTED_EDGE('',*,*,#2085,.T.);
#2799=ORIENTED_EDGE('',*,*,#2086,.F.);
#2800=ORIENTED_EDGE('',*,*,#2087,.F.);
#2801=ORIENTED_EDGE('',*,*,#2076,.T.);
#2802=ORIENTED_EDGE('',*,*,#2087,.T.);
#2803=ORIENTED_EDGE('',*,*,#2088,.F.);
#2804=ORIENTED_EDGE('',*,*,#2089,.F.);
#2805=ORIENTED_EDGE('',*,*,#2077,.T.);
#2806=ORIENTED_EDGE('',*,*,#2089,.T.);
#2807=ORIENTED_EDGE('',*,*,#2090,.F.);
#2808=ORIENTED_EDGE('',*,*,#2091,.F.);
#2809=ORIENTED_EDGE('',*,*,#2071,.T.);
#2810=ORIENTED_EDGE('',*,*,#2091,.T.);
#2811=ORIENTED_EDGE('',*,*,#2092,.F.);
#2812=ORIENTED_EDGE('',*,*,#2079,.F.);
#2813=ORIENTED_EDGE('',*,*,#2092,.T.);
#2814=ORIENTED_EDGE('',*,*,#2090,.T.);
#2815=ORIENTED_EDGE('',*,*,#2088,.T.);
#2816=ORIENTED_EDGE('',*,*,#2086,.T.);
#2817=ORIENTED_EDGE('',*,*,#2084,.T.);
#2818=ORIENTED_EDGE('',*,*,#2082,.T.);
#2819=ORIENTED_EDGE('',*,*,#2080,.T.);
#2820=ORIENTED_EDGE('',*,*,#2068,.T.);
#2821=ORIENTED_EDGE('',*,*,#2070,.T.);
#2822=ORIENTED_EDGE('',*,*,#2078,.F.);
#2823=ORIENTED_EDGE('',*,*,#2093,.T.);
#2824=ORIENTED_EDGE('',*,*,#2094,.T.);
#2825=ORIENTED_EDGE('',*,*,#2093,.F.);
#2826=ORIENTED_EDGE('',*,*,#2094,.F.);
#2827=ORIENTED_EDGE('',*,*,#2095,.F.);
#2828=ORIENTED_EDGE('',*,*,#2096,.T.);
#2829=ORIENTED_EDGE('',*,*,#2097,.F.);
#2830=ORIENTED_EDGE('',*,*,#2098,.T.);
#2831=ORIENTED_EDGE('',*,*,#2095,.T.);
#2832=ORIENTED_EDGE('',*,*,#2098,.F.);
#2833=ORIENTED_EDGE('',*,*,#2097,.T.);
#2834=ORIENTED_EDGE('',*,*,#2096,.F.);
#2835=ORIENTED_EDGE('',*,*,#2099,.T.);
#2836=ORIENTED_EDGE('',*,*,#2100,.F.);
#2837=ORIENTED_EDGE('',*,*,#2099,.F.);
#2838=ORIENTED_EDGE('',*,*,#2101,.F.);
#2839=ORIENTED_EDGE('',*,*,#2102,.T.);
#2840=ORIENTED_EDGE('',*,*,#2103,.F.);
#2841=ORIENTED_EDGE('',*,*,#2102,.F.);
#2842=ORIENTED_EDGE('',*,*,#2101,.T.);
#2843=ORIENTED_EDGE('',*,*,#2104,.F.);
#2844=ORIENTED_EDGE('',*,*,#2105,.T.);
#2845=ORIENTED_EDGE('',*,*,#2106,.F.);
#2846=ORIENTED_EDGE('',*,*,#2107,.T.);
#2847=ORIENTED_EDGE('',*,*,#2108,.F.);
#2848=ORIENTED_EDGE('',*,*,#2109,.F.);
#2849=ORIENTED_EDGE('',*,*,#2110,.F.);
#2850=ORIENTED_EDGE('',*,*,#2111,.T.);
#2851=ORIENTED_EDGE('',*,*,#2105,.F.);
#2852=ORIENTED_EDGE('',*,*,#2112,.T.);
#2853=ORIENTED_EDGE('',*,*,#2113,.F.);
#2854=ORIENTED_EDGE('',*,*,#2114,.F.);
#2855=ORIENTED_EDGE('',*,*,#2106,.T.);
#2856=ORIENTED_EDGE('',*,*,#2114,.T.);
#2857=ORIENTED_EDGE('',*,*,#2115,.F.);
#2858=ORIENTED_EDGE('',*,*,#2116,.F.);
#2859=ORIENTED_EDGE('',*,*,#2107,.F.);
#2860=ORIENTED_EDGE('',*,*,#2116,.T.);
#2861=ORIENTED_EDGE('',*,*,#2117,.F.);
#2862=ORIENTED_EDGE('',*,*,#2118,.F.);
#2863=ORIENTED_EDGE('',*,*,#2108,.T.);
#2864=ORIENTED_EDGE('',*,*,#2118,.T.);
#2865=ORIENTED_EDGE('',*,*,#2119,.F.);
#2866=ORIENTED_EDGE('',*,*,#2120,.F.);
#2867=ORIENTED_EDGE('',*,*,#2109,.T.);
#2868=ORIENTED_EDGE('',*,*,#2120,.T.);
#2869=ORIENTED_EDGE('',*,*,#2121,.F.);
#2870=ORIENTED_EDGE('',*,*,#2122,.F.);
#2871=ORIENTED_EDGE('',*,*,#2110,.T.);
#2872=ORIENTED_EDGE('',*,*,#2122,.T.);
#2873=ORIENTED_EDGE('',*,*,#2123,.F.);
#2874=ORIENTED_EDGE('',*,*,#2124,.F.);
#2875=ORIENTED_EDGE('',*,*,#2104,.T.);
#2876=ORIENTED_EDGE('',*,*,#2124,.T.);
#2877=ORIENTED_EDGE('',*,*,#2125,.F.);
#2878=ORIENTED_EDGE('',*,*,#2112,.F.);
#2879=ORIENTED_EDGE('',*,*,#2125,.T.);
#2880=ORIENTED_EDGE('',*,*,#2123,.T.);
#2881=ORIENTED_EDGE('',*,*,#2121,.T.);
#2882=ORIENTED_EDGE('',*,*,#2119,.T.);
#2883=ORIENTED_EDGE('',*,*,#2117,.T.);
#2884=ORIENTED_EDGE('',*,*,#2115,.T.);
#2885=ORIENTED_EDGE('',*,*,#2113,.T.);
#2886=ORIENTED_EDGE('',*,*,#2100,.T.);
#2887=ORIENTED_EDGE('',*,*,#2103,.T.);
#2888=ORIENTED_EDGE('',*,*,#2111,.F.);
#2889=ORIENTED_EDGE('',*,*,#2126,.T.);
#2890=ORIENTED_EDGE('',*,*,#2127,.T.);
#2891=ORIENTED_EDGE('',*,*,#2126,.F.);
#2892=ORIENTED_EDGE('',*,*,#2127,.F.);
#2893=ORIENTED_EDGE('',*,*,#2128,.F.);
#2894=ORIENTED_EDGE('',*,*,#2129,.T.);
#2895=ORIENTED_EDGE('',*,*,#2130,.F.);
#2896=ORIENTED_EDGE('',*,*,#2131,.T.);
#2897=ORIENTED_EDGE('',*,*,#2128,.T.);
#2898=ORIENTED_EDGE('',*,*,#2131,.F.);
#2899=ORIENTED_EDGE('',*,*,#2130,.T.);
#2900=ORIENTED_EDGE('',*,*,#2132,.F.);
#2901=ORIENTED_EDGE('',*,*,#2133,.T.);
#2902=ORIENTED_EDGE('',*,*,#2134,.F.);
#2903=ORIENTED_EDGE('',*,*,#2135,.T.);
#2904=ORIENTED_EDGE('',*,*,#2132,.T.);
#2905=ORIENTED_EDGE('',*,*,#2135,.F.);
#2906=ORIENTED_EDGE('',*,*,#2134,.T.);
#2907=ORIENTED_EDGE('',*,*,#2133,.F.);
#2908=ORIENTED_EDGE('',*,*,#2136,.T.);
#2909=ORIENTED_EDGE('',*,*,#2137,.F.);
#2910=ORIENTED_EDGE('',*,*,#2136,.F.);
#2911=ORIENTED_EDGE('',*,*,#2129,.F.);
#2912=ORIENTED_EDGE('',*,*,#2138,.T.);
#2913=ORIENTED_EDGE('',*,*,#2139,.F.);
#2914=ORIENTED_EDGE('',*,*,#2138,.F.);
#2915=ORIENTED_EDGE('',*,*,#2140,.F.);
#2916=ORIENTED_EDGE('',*,*,#2141,.T.);
#2917=ORIENTED_EDGE('',*,*,#2142,.F.);
#2918=ORIENTED_EDGE('',*,*,#2143,.T.);
#2919=ORIENTED_EDGE('',*,*,#2144,.F.);
#2920=ORIENTED_EDGE('',*,*,#2145,.F.);
#2921=ORIENTED_EDGE('',*,*,#2146,.F.);
#2922=ORIENTED_EDGE('',*,*,#2147,.T.);
#2923=ORIENTED_EDGE('',*,*,#2141,.F.);
#2924=ORIENTED_EDGE('',*,*,#2148,.T.);
#2925=ORIENTED_EDGE('',*,*,#2149,.F.);
#2926=ORIENTED_EDGE('',*,*,#2150,.F.);
#2927=ORIENTED_EDGE('',*,*,#2142,.T.);
#2928=ORIENTED_EDGE('',*,*,#2150,.T.);
#2929=ORIENTED_EDGE('',*,*,#2151,.F.);
#2930=ORIENTED_EDGE('',*,*,#2152,.F.);
#2931=ORIENTED_EDGE('',*,*,#2143,.F.);
#2932=ORIENTED_EDGE('',*,*,#2152,.T.);
#2933=ORIENTED_EDGE('',*,*,#2153,.F.);
#2934=ORIENTED_EDGE('',*,*,#2154,.F.);
#2935=ORIENTED_EDGE('',*,*,#2144,.T.);
#2936=ORIENTED_EDGE('',*,*,#2154,.T.);
#2937=ORIENTED_EDGE('',*,*,#2155,.F.);
#2938=ORIENTED_EDGE('',*,*,#2156,.F.);
#2939=ORIENTED_EDGE('',*,*,#2145,.T.);
#2940=ORIENTED_EDGE('',*,*,#2156,.T.);
#2941=ORIENTED_EDGE('',*,*,#2157,.F.);
#2942=ORIENTED_EDGE('',*,*,#2158,.F.);
#2943=ORIENTED_EDGE('',*,*,#2146,.T.);
#2944=ORIENTED_EDGE('',*,*,#2158,.T.);
#2945=ORIENTED_EDGE('',*,*,#2159,.F.);
#2946=ORIENTED_EDGE('',*,*,#2160,.F.);
#2947=ORIENTED_EDGE('',*,*,#2140,.T.);
#2948=ORIENTED_EDGE('',*,*,#2160,.T.);
#2949=ORIENTED_EDGE('',*,*,#2161,.F.);
#2950=ORIENTED_EDGE('',*,*,#2148,.F.);
#2951=ORIENTED_EDGE('',*,*,#2161,.T.);
#2952=ORIENTED_EDGE('',*,*,#2159,.T.);
#2953=ORIENTED_EDGE('',*,*,#2157,.T.);
#2954=ORIENTED_EDGE('',*,*,#2155,.T.);
#2955=ORIENTED_EDGE('',*,*,#2153,.T.);
#2956=ORIENTED_EDGE('',*,*,#2151,.T.);
#2957=ORIENTED_EDGE('',*,*,#2149,.T.);
#2958=ORIENTED_EDGE('',*,*,#2137,.T.);
#2959=ORIENTED_EDGE('',*,*,#2139,.T.);
#2960=ORIENTED_EDGE('',*,*,#2147,.F.);
#2961=ORIENTED_EDGE('',*,*,#2162,.T.);
#2962=ORIENTED_EDGE('',*,*,#2163,.T.);
#2963=ORIENTED_EDGE('',*,*,#2162,.F.);
#2964=ORIENTED_EDGE('',*,*,#2163,.F.);
#2965=ORIENTED_EDGE('',*,*,#2164,.F.);
#2966=ORIENTED_EDGE('',*,*,#2165,.F.);
#2967=ORIENTED_EDGE('',*,*,#2166,.T.);
#2968=ORIENTED_EDGE('',*,*,#2167,.T.);
#2969=ORIENTED_EDGE('',*,*,#2168,.F.);
#2970=ORIENTED_EDGE('',*,*,#2169,.T.);
#2971=ORIENTED_EDGE('',*,*,#2165,.T.);
#2972=ORIENTED_EDGE('',*,*,#2170,.T.);
#2973=ORIENTED_EDGE('',*,*,#2171,.F.);
#2974=ORIENTED_EDGE('',*,*,#2172,.F.);
#2975=ORIENTED_EDGE('',*,*,#2173,.F.);
#2976=ORIENTED_EDGE('',*,*,#2174,.T.);
#2977=ORIENTED_EDGE('',*,*,#2175,.T.);
#2978=ORIENTED_EDGE('',*,*,#2176,.F.);
#2979=ORIENTED_EDGE('',*,*,#2177,.F.);
#2980=ORIENTED_EDGE('',*,*,#2178,.T.);
#2981=ORIENTED_EDGE('',*,*,#2179,.T.);
#2982=ORIENTED_EDGE('',*,*,#2175,.F.);
#2983=ORIENTED_EDGE('',*,*,#2177,.T.);
#2984=ORIENTED_EDGE('',*,*,#2180,.T.);
#2985=ORIENTED_EDGE('',*,*,#2181,.T.);
#2986=ORIENTED_EDGE('',*,*,#2182,.F.);
#2987=ORIENTED_EDGE('',*,*,#2164,.T.);
#2988=ORIENTED_EDGE('',*,*,#2183,.F.);
#2989=ORIENTED_EDGE('',*,*,#2184,.F.);
#2990=ORIENTED_EDGE('',*,*,#2170,.F.);
#2991=ORIENTED_EDGE('',*,*,#2176,.T.);
#2992=ORIENTED_EDGE('',*,*,#2174,.F.);
#2993=ORIENTED_EDGE('',*,*,#2185,.F.);
#2994=ORIENTED_EDGE('',*,*,#2180,.F.);
#2995=ORIENTED_EDGE('',*,*,#2168,.T.);
#2996=ORIENTED_EDGE('',*,*,#2186,.F.);
#2997=ORIENTED_EDGE('',*,*,#2187,.F.);
#2998=ORIENTED_EDGE('',*,*,#2183,.T.);
#2999=ORIENTED_EDGE('',*,*,#2169,.F.);
#3000=ORIENTED_EDGE('',*,*,#2179,.F.);
#3001=ORIENTED_EDGE('',*,*,#2188,.F.);
#3002=ORIENTED_EDGE('',*,*,#2166,.F.);
#3003=ORIENTED_EDGE('',*,*,#2184,.T.);
#3004=ORIENTED_EDGE('',*,*,#2187,.T.);
#3005=ORIENTED_EDGE('',*,*,#2189,.F.);
#3006=ORIENTED_EDGE('',*,*,#2190,.F.);
#3007=ORIENTED_EDGE('',*,*,#2171,.T.);
#3008=ORIENTED_EDGE('',*,*,#2172,.T.);
#3009=ORIENTED_EDGE('',*,*,#2190,.T.);
#3010=ORIENTED_EDGE('',*,*,#2191,.F.);
#3011=ORIENTED_EDGE('',*,*,#2192,.F.);
#3012=ORIENTED_EDGE('',*,*,#2185,.T.);
#3013=ORIENTED_EDGE('',*,*,#2173,.T.);
#3014=ORIENTED_EDGE('',*,*,#2192,.T.);
#3015=ORIENTED_EDGE('',*,*,#2193,.F.);
#3016=ORIENTED_EDGE('',*,*,#2181,.F.);
#3017=ORIENTED_EDGE('',*,*,#2194,.T.);
#3018=ORIENTED_EDGE('',*,*,#2195,.T.);
#3019=ORIENTED_EDGE('',*,*,#2196,.T.);
#3020=ORIENTED_EDGE('',*,*,#2197,.T.);
#3021=ORIENTED_EDGE('',*,*,#2197,.F.);
#3022=ORIENTED_EDGE('',*,*,#2198,.F.);
#3023=ORIENTED_EDGE('',*,*,#2199,.F.);
#3024=ORIENTED_EDGE('',*,*,#2200,.F.);
#3025=ORIENTED_EDGE('',*,*,#2201,.F.);
#3026=ORIENTED_EDGE('',*,*,#2202,.T.);
#3027=ORIENTED_EDGE('',*,*,#2203,.T.);
#3028=ORIENTED_EDGE('',*,*,#2204,.T.);
#3029=ORIENTED_EDGE('',*,*,#2196,.F.);
#3030=ORIENTED_EDGE('',*,*,#2205,.F.);
#3031=ORIENTED_EDGE('',*,*,#2206,.F.);
#3032=ORIENTED_EDGE('',*,*,#2207,.F.);
#3033=ORIENTED_EDGE('',*,*,#2198,.T.);
#3034=ORIENTED_EDGE('',*,*,#2208,.T.);
#3035=ORIENTED_EDGE('',*,*,#2201,.T.);
#3036=ORIENTED_EDGE('',*,*,#2209,.T.);
#3037=ORIENTED_EDGE('',*,*,#2210,.T.);
#3038=ORIENTED_EDGE('',*,*,#2210,.F.);
#3039=ORIENTED_EDGE('',*,*,#2211,.F.);
#3040=ORIENTED_EDGE('',*,*,#2212,.T.);
#3041=ORIENTED_EDGE('',*,*,#2213,.F.);
#3042=ORIENTED_EDGE('',*,*,#2209,.F.);
#3043=ORIENTED_EDGE('',*,*,#2200,.T.);
#3044=ORIENTED_EDGE('',*,*,#2214,.T.);
#3045=ORIENTED_EDGE('',*,*,#2215,.T.);
#3046=ORIENTED_EDGE('',*,*,#2211,.T.);
#3047=ORIENTED_EDGE('',*,*,#2216,.T.);
#3048=ORIENTED_EDGE('',*,*,#2195,.F.);
#3049=ORIENTED_EDGE('',*,*,#2217,.T.);
#3050=ORIENTED_EDGE('',*,*,#2218,.T.);
#3051=ORIENTED_EDGE('',*,*,#2205,.T.);
#3052=ORIENTED_EDGE('',*,*,#2207,.T.);
#3053=ORIENTED_EDGE('',*,*,#2219,.F.);
#3054=ORIENTED_EDGE('',*,*,#2214,.F.);
#3055=ORIENTED_EDGE('',*,*,#2199,.T.);
#3056=ORIENTED_EDGE('',*,*,#2194,.F.);
#3057=ORIENTED_EDGE('',*,*,#2204,.F.);
#3058=ORIENTED_EDGE('',*,*,#2220,.T.);
#3059=ORIENTED_EDGE('',*,*,#2221,.T.);
#3060=ORIENTED_EDGE('',*,*,#2217,.F.);
#3061=ORIENTED_EDGE('',*,*,#2203,.F.);
#3062=ORIENTED_EDGE('',*,*,#2222,.T.);
#3063=ORIENTED_EDGE('',*,*,#2223,.T.);
#3064=ORIENTED_EDGE('',*,*,#2220,.F.);
#3065=ORIENTED_EDGE('',*,*,#2223,.F.);
#3066=ORIENTED_EDGE('',*,*,#2224,.F.);
#3067=ORIENTED_EDGE('',*,*,#2212,.F.);
#3068=ORIENTED_EDGE('',*,*,#2215,.F.);
#3069=ORIENTED_EDGE('',*,*,#2219,.T.);
#3070=ORIENTED_EDGE('',*,*,#2206,.T.);
#3071=ORIENTED_EDGE('',*,*,#2218,.F.);
#3072=ORIENTED_EDGE('',*,*,#2221,.F.);
#3073=ORIENTED_EDGE('',*,*,#2182,.T.);
#3074=ORIENTED_EDGE('',*,*,#2193,.T.);
#3075=ORIENTED_EDGE('',*,*,#2191,.T.);
#3076=ORIENTED_EDGE('',*,*,#2189,.T.);
#3077=ORIENTED_EDGE('',*,*,#2186,.T.);
#3078=ORIENTED_EDGE('',*,*,#2167,.F.);
#3079=ORIENTED_EDGE('',*,*,#2188,.T.);
#3080=ORIENTED_EDGE('',*,*,#2178,.F.);
#3081=ORIENTED_EDGE('',*,*,#2208,.F.);
#3082=ORIENTED_EDGE('',*,*,#2213,.T.);
#3083=ORIENTED_EDGE('',*,*,#2224,.T.);
#3084=ORIENTED_EDGE('',*,*,#2222,.F.);
#3085=ORIENTED_EDGE('',*,*,#2202,.F.);
#3086=ORIENTED_EDGE('',*,*,#2216,.F.);
#3087=ORIENTED_EDGE('',*,*,#2225,.T.);
#3088=ORIENTED_EDGE('',*,*,#2226,.T.);
#3089=ORIENTED_EDGE('',*,*,#2225,.F.);
#3090=ORIENTED_EDGE('',*,*,#2226,.F.);
#3091=CYLINDRICAL_SURFACE('',#3565,7.5);
#3092=CYLINDRICAL_SURFACE('',#3569,10.);
#3093=CYLINDRICAL_SURFACE('',#3573,10.);
#3094=CYLINDRICAL_SURFACE('',#3577,7.5);
#3095=CYLINDRICAL_SURFACE('',#3583,10.);
#3096=CYLINDRICAL_SURFACE('',#3587,25.);
#3097=CYLINDRICAL_SURFACE('',#3591,5.);
#3098=CYLINDRICAL_SURFACE('',#3595,11.3);
#3099=CYLINDRICAL_SURFACE('',#3601,11.3);
#3100=CYLINDRICAL_SURFACE('',#3615,12.5);
#3101=CYLINDRICAL_SURFACE('',#3625,7.5);
#3102=CYLINDRICAL_SURFACE('',#3629,10.);
#3103=CYLINDRICAL_SURFACE('',#3632,17.5);
#3104=CYLINDRICAL_SURFACE('',#3638,10.);
#3105=CYLINDRICAL_SURFACE('',#3641,12.5);
#3106=CYLINDRICAL_SURFACE('',#3653,7.5);
#3107=CYLINDRICAL_SURFACE('',#3661,25.);
#3108=CYLINDRICAL_SURFACE('',#3667,7.5);
#3109=CYLINDRICAL_SURFACE('',#3677,24.5);
#3110=CYLINDRICAL_SURFACE('',#3680,24.5);
#3111=CYLINDRICAL_SURFACE('',#3684,7.5);
#3112=CYLINDRICAL_SURFACE('',#3688,7.5);
#3113=CYLINDRICAL_SURFACE('',#3700,24.5);
#3114=CYLINDRICAL_SURFACE('',#3703,24.5);
#3115=CYLINDRICAL_SURFACE('',#3706,7.50000000000001);
#3116=CYLINDRICAL_SURFACE('',#3710,7.5);
#3117=CYLINDRICAL_SURFACE('',#3720,24.5);
#3118=CYLINDRICAL_SURFACE('',#3723,24.5);
#3119=CYLINDRICAL_SURFACE('',#3728,7.5);
#3120=CYLINDRICAL_SURFACE('',#3732,7.5);
#3121=CYLINDRICAL_SURFACE('',#3741,12.5);
#3122=CYLINDRICAL_SURFACE('',#3744,12.5);
#3123=CYLINDRICAL_SURFACE('',#3747,7.5);
#3124=CYLINDRICAL_SURFACE('',#3756,20.);
#3125=CYLINDRICAL_SURFACE('',#3760,7.5);
#3126=CYLINDRICAL_SURFACE('',#3779,30.);
#3127=CYLINDRICAL_SURFACE('',#3782,7.5);
#3128=CYLINDRICAL_SURFACE('',#3786,7.5);
#3129=CYLINDRICAL_SURFACE('',#3794,10.);
#3130=CYLINDRICAL_SURFACE('',#3797,10.);
#3131=CYLINDRICAL_SURFACE('',#3801,10.);
#3132=CYLINDRICAL_SURFACE('',#3804,7.5);
#3133=CYLINDRICAL_SURFACE('',#3811,30.);
#3134=CYLINDRICAL_SURFACE('',#3817,30.);
#3135=CYLINDRICAL_SURFACE('',#3820,7.5);
#3136=CYLINDRICAL_SURFACE('',#3822,7.5);
#3137=CYLINDRICAL_SURFACE('',#3830,10.);
#3138=CYLINDRICAL_SURFACE('',#3833,10.);
#3139=CYLINDRICAL_SURFACE('',#3837,10.);
#3140=CYLINDRICAL_SURFACE('',#3840,7.5);
#3141=CYLINDRICAL_SURFACE('',#3847,30.);
#3142=CYLINDRICAL_SURFACE('',#3850,7.5);
#3143=CYLINDRICAL_SURFACE('',#3852,7.5);
#3144=CYLINDRICAL_SURFACE('',#3862,10.);
#3145=CYLINDRICAL_SURFACE('',#3865,10.);
#3146=CYLINDRICAL_SURFACE('',#3869,10.);
#3147=CYLINDRICAL_SURFACE('',#3872,7.5);
#3148=CYLINDRICAL_SURFACE('',#3879,30.);
#3149=CYLINDRICAL_SURFACE('',#3885,30.);
#3150=CYLINDRICAL_SURFACE('',#3888,7.5);
#3151=CYLINDRICAL_SURFACE('',#3890,7.5);
#3152=CYLINDRICAL_SURFACE('',#3898,10.);
#3153=CYLINDRICAL_SURFACE('',#3901,10.);
#3154=CYLINDRICAL_SURFACE('',#3905,10.);
#3155=CYLINDRICAL_SURFACE('',#3908,7.5);
#3156=CYLINDRICAL_SURFACE('',#3918,18.);
#3157=CYLINDRICAL_SURFACE('',#3920,18.);
#3158=CYLINDRICAL_SURFACE('',#3927,20.);
#3159=CYLINDRICAL_SURFACE('',#3932,20.);
#3160=CYLINDRICAL_SURFACE('',#3944,7.5);
#3161=ADVANCED_FACE('',(#333),#3091,.T.);
#3162=ADVANCED_FACE('',(#334),#185,.T.);
#3163=ADVANCED_FACE('',(#335),#3092,.T.);
#3164=ADVANCED_FACE('',(#336),#186,.T.);
#3165=ADVANCED_FACE('',(#337),#3093,.T.);
#3166=ADVANCED_FACE('',(#338),#187,.T.);
#3167=ADVANCED_FACE('',(#339),#3094,.T.);
#3168=ADVANCED_FACE('',(#340),#188,.T.);
#3169=ADVANCED_FACE('',(#341,#144),#189,.T.);
#3170=ADVANCED_FACE('',(#342),#3095,.T.);
#3171=ADVANCED_FACE('',(#343,#145),#190,.T.);
#3172=ADVANCED_FACE('',(#344),#191,.T.);
#3173=ADVANCED_FACE('',(#345),#3096,.T.);
#3174=ADVANCED_FACE('',(#346),#192,.T.);
#3175=ADVANCED_FACE('',(#347),#3097,.T.);
#3176=ADVANCED_FACE('',(#348),#193,.T.);
#3177=ADVANCED_FACE('',(#349),#3098,.T.);
#3178=ADVANCED_FACE('',(#350,#146),#194,.T.);
#3179=ADVANCED_FACE('',(#351),#195,.T.);
#3180=ADVANCED_FACE('',(#352),#3099,.T.);
#3181=ADVANCED_FACE('',(#353),#196,.T.);
#3182=ADVANCED_FACE('',(#354),#197,.T.);
#3183=ADVANCED_FACE('',(#355),#198,.T.);
#3184=ADVANCED_FACE('',(#356),#199,.T.);
#3185=ADVANCED_FACE('',(#357),#200,.T.);
#3186=ADVANCED_FACE('',(#358),#201,.T.);
#3187=ADVANCED_FACE('',(#359),#202,.T.);
#3188=ADVANCED_FACE('',(#360),#3100,.T.);
#3189=ADVANCED_FACE('',(#361),#203,.T.);
#3190=ADVANCED_FACE('',(#362),#204,.T.);
#3191=ADVANCED_FACE('',(#363),#205,.T.);
#3192=ADVANCED_FACE('',(#364),#206,.T.);
#3193=ADVANCED_FACE('',(#365,#147,#148,#149,#150),#207,.T.);
#3194=ADVANCED_FACE('',(#366),#208,.F.);
#3195=ADVANCED_FACE('',(#367),#209,.F.);
#3196=ADVANCED_FACE('',(#368),#3101,.T.);
#3197=ADVANCED_FACE('',(#369),#210,.T.);
#3198=ADVANCED_FACE('',(#370),#3102,.T.);
#3199=ADVANCED_FACE('',(#371),#211,.T.);
#3200=ADVANCED_FACE('',(#372,#151),#3103,.T.);
#3201=ADVANCED_FACE('',(#373),#212,.T.);
#3202=ADVANCED_FACE('',(#374),#213,.F.);
#3203=ADVANCED_FACE('',(#375),#3104,.F.);
#3204=ADVANCED_FACE('',(#376),#3105,.T.);
#3205=ADVANCED_FACE('',(#377,#152),#214,.T.);
#3206=ADVANCED_FACE('',(#378,#153),#215,.T.);
#3207=ADVANCED_FACE('',(#379),#216,.T.);
#3208=ADVANCED_FACE('',(#380),#217,.T.);
#3209=ADVANCED_FACE('',(#381),#218,.T.);
#3210=ADVANCED_FACE('',(#382),#219,.T.);
#3211=ADVANCED_FACE('',(#383),#220,.T.);
#3212=ADVANCED_FACE('',(#384),#221,.F.);
#3213=ADVANCED_FACE('',(#385),#3106,.T.);
#3214=ADVANCED_FACE('',(#386),#222,.T.);
#3215=ADVANCED_FACE('',(#387,#154),#223,.T.);
#3216=ADVANCED_FACE('',(#388),#224,.T.);
#3217=ADVANCED_FACE('',(#389),#3107,.T.);
#3218=ADVANCED_FACE('',(#390),#225,.T.);
#3219=ADVANCED_FACE('',(#391),#226,.F.);
#3220=ADVANCED_FACE('',(#392),#3108,.T.);
#3221=ADVANCED_FACE('',(#393),#227,.T.);
#3222=ADVANCED_FACE('',(#394,#155),#228,.T.);
#3223=ADVANCED_FACE('',(#395,#156),#229,.F.);
#3224=ADVANCED_FACE('',(#396),#3109,.T.);
#3225=ADVANCED_FACE('',(#397),#230,.T.);
#3226=ADVANCED_FACE('',(#398),#3110,.T.);
#3227=ADVANCED_FACE('',(#399),#231,.T.);
#3228=ADVANCED_FACE('',(#400),#232,.T.);
#3229=ADVANCED_FACE('',(#401),#3111,.T.);
#3230=ADVANCED_FACE('',(#402),#233,.F.);
#3231=ADVANCED_FACE('',(#403),#3112,.T.);
#3232=ADVANCED_FACE('',(#404),#234,.T.);
#3233=ADVANCED_FACE('',(#405,#157),#235,.T.);
#3234=ADVANCED_FACE('',(#406,#158),#236,.F.);
#3235=ADVANCED_FACE('',(#407),#237,.T.);
#3236=ADVANCED_FACE('',(#408),#3113,.T.);
#3237=ADVANCED_FACE('',(#409),#238,.T.);
#3238=ADVANCED_FACE('',(#410),#3114,.T.);
#3239=ADVANCED_FACE('',(#411),#239,.T.);
#3240=ADVANCED_FACE('',(#412),#3115,.T.);
#3241=ADVANCED_FACE('',(#413),#240,.F.);
#3242=ADVANCED_FACE('',(#414),#3116,.T.);
#3243=ADVANCED_FACE('',(#415),#241,.T.);
#3244=ADVANCED_FACE('',(#416,#159),#242,.T.);
#3245=ADVANCED_FACE('',(#417,#160),#243,.F.);
#3246=ADVANCED_FACE('',(#418),#3117,.T.);
#3247=ADVANCED_FACE('',(#419),#244,.T.);
#3248=ADVANCED_FACE('',(#420),#3118,.T.);
#3249=ADVANCED_FACE('',(#421),#245,.T.);
#3250=ADVANCED_FACE('',(#422),#246,.T.);
#3251=ADVANCED_FACE('',(#423),#3119,.T.);
#3252=ADVANCED_FACE('',(#424),#247,.F.);
#3253=ADVANCED_FACE('',(#425),#3120,.T.);
#3254=ADVANCED_FACE('',(#426),#248,.T.);
#3255=ADVANCED_FACE('',(#427,#161,#162),#249,.F.);
#3256=ADVANCED_FACE('',(#428),#250,.T.);
#3257=ADVANCED_FACE('',(#429),#3121,.T.);
#3258=ADVANCED_FACE('',(#430),#251,.T.);
#3259=ADVANCED_FACE('',(#431),#3122,.T.);
#3260=ADVANCED_FACE('',(#432),#252,.T.);
#3261=ADVANCED_FACE('',(#433),#3123,.T.);
#3262=ADVANCED_FACE('',(#434),#253,.F.);
#3263=ADVANCED_FACE('',(#435,#163),#254,.F.);
#3264=ADVANCED_FACE('',(#436),#255,.T.);
#3265=ADVANCED_FACE('',(#437),#256,.T.);
#3266=ADVANCED_FACE('',(#438),#3124,.T.);
#3267=ADVANCED_FACE('',(#439),#257,.T.);
#3268=ADVANCED_FACE('',(#440),#258,.T.);
#3269=ADVANCED_FACE('',(#441),#3125,.T.);
#3270=ADVANCED_FACE('',(#442),#259,.F.);
#3271=ADVANCED_FACE('',(#443),#71,.F.);
#3272=ADVANCED_FACE('',(#444),#260,.F.);
#3273=ADVANCED_FACE('',(#445),#261,.F.);
#3274=ADVANCED_FACE('',(#446),#262,.F.);
#3275=ADVANCED_FACE('',(#447),#263,.F.);
#3276=ADVANCED_FACE('',(#448),#264,.T.);
#3277=ADVANCED_FACE('',(#449),#72,.T.);
#3278=ADVANCED_FACE('',(#450),#265,.T.);
#3279=ADVANCED_FACE('',(#451),#266,.T.);
#3280=ADVANCED_FACE('',(#452),#267,.T.);
#3281=ADVANCED_FACE('',(#453,#164),#268,.T.);
#3282=ADVANCED_FACE('',(#454),#269,.T.);
#3283=ADVANCED_FACE('',(#455),#270,.F.);
#3284=ADVANCED_FACE('',(#456,#165),#271,.F.);
#3285=ADVANCED_FACE('',(#457),#3126,.T.);
#3286=ADVANCED_FACE('',(#458),#272,.T.);
#3287=ADVANCED_FACE('',(#459),#3127,.T.);
#3288=ADVANCED_FACE('',(#460),#273,.T.);
#3289=ADVANCED_FACE('',(#461),#3128,.T.);
#3290=ADVANCED_FACE('',(#462,#166),#274,.F.);
#3291=ADVANCED_FACE('',(#463),#275,.T.);
#3292=ADVANCED_FACE('',(#464),#3129,.T.);
#3293=ADVANCED_FACE('',(#465),#276,.T.);
#3294=ADVANCED_FACE('',(#466),#3130,.T.);
#3295=ADVANCED_FACE('',(#467),#277,.T.);
#3296=ADVANCED_FACE('',(#468),#278,.T.);
#3297=ADVANCED_FACE('',(#469),#3131,.T.);
#3298=ADVANCED_FACE('',(#470,#167,#168),#279,.T.);
#3299=ADVANCED_FACE('',(#471),#3132,.T.);
#3300=ADVANCED_FACE('',(#472),#280,.F.);
#3301=ADVANCED_FACE('',(#473,#169),#281,.F.);
#3302=ADVANCED_FACE('',(#474),#3133,.T.);
#3303=ADVANCED_FACE('',(#475),#282,.T.);
#3304=ADVANCED_FACE('',(#476,#170),#283,.F.);
#3305=ADVANCED_FACE('',(#477),#3134,.T.);
#3306=ADVANCED_FACE('',(#478),#284,.T.);
#3307=ADVANCED_FACE('',(#479),#3135,.T.);
#3308=ADVANCED_FACE('',(#480),#3136,.T.);
#3309=ADVANCED_FACE('',(#481,#171),#285,.F.);
#3310=ADVANCED_FACE('',(#482),#286,.T.);
#3311=ADVANCED_FACE('',(#483),#3137,.T.);
#3312=ADVANCED_FACE('',(#484),#287,.T.);
#3313=ADVANCED_FACE('',(#485),#3138,.T.);
#3314=ADVANCED_FACE('',(#486),#288,.T.);
#3315=ADVANCED_FACE('',(#487),#289,.T.);
#3316=ADVANCED_FACE('',(#488),#3139,.T.);
#3317=ADVANCED_FACE('',(#489,#172,#173),#290,.T.);
#3318=ADVANCED_FACE('',(#490),#3140,.T.);
#3319=ADVANCED_FACE('',(#491),#291,.F.);
#3320=ADVANCED_FACE('',(#492,#174),#292,.F.);
#3321=ADVANCED_FACE('',(#493),#3141,.T.);
#3322=ADVANCED_FACE('',(#494),#293,.T.);
#3323=ADVANCED_FACE('',(#495),#3142,.T.);
#3324=ADVANCED_FACE('',(#496),#3143,.T.);
#3325=ADVANCED_FACE('',(#497),#294,.T.);
#3326=ADVANCED_FACE('',(#498,#175),#295,.F.);
#3327=ADVANCED_FACE('',(#499),#296,.T.);
#3328=ADVANCED_FACE('',(#500),#3144,.T.);
#3329=ADVANCED_FACE('',(#501),#297,.T.);
#3330=ADVANCED_FACE('',(#502),#3145,.T.);
#3331=ADVANCED_FACE('',(#503),#298,.T.);
#3332=ADVANCED_FACE('',(#504),#299,.T.);
#3333=ADVANCED_FACE('',(#505),#3146,.T.);
#3334=ADVANCED_FACE('',(#506,#176,#177),#300,.T.);
#3335=ADVANCED_FACE('',(#507),#3147,.T.);
#3336=ADVANCED_FACE('',(#508),#301,.F.);
#3337=ADVANCED_FACE('',(#509,#178),#302,.F.);
#3338=ADVANCED_FACE('',(#510),#3148,.T.);
#3339=ADVANCED_FACE('',(#511),#303,.T.);
#3340=ADVANCED_FACE('',(#512,#179),#304,.F.);
#3341=ADVANCED_FACE('',(#513),#3149,.T.);
#3342=ADVANCED_FACE('',(#514),#305,.T.);
#3343=ADVANCED_FACE('',(#515),#3150,.T.);
#3344=ADVANCED_FACE('',(#516),#3151,.T.);
#3345=ADVANCED_FACE('',(#517,#180),#306,.F.);
#3346=ADVANCED_FACE('',(#518),#307,.T.);
#3347=ADVANCED_FACE('',(#519),#3152,.T.);
#3348=ADVANCED_FACE('',(#520),#308,.T.);
#3349=ADVANCED_FACE('',(#521),#3153,.T.);
#3350=ADVANCED_FACE('',(#522),#309,.T.);
#3351=ADVANCED_FACE('',(#523),#310,.T.);
#3352=ADVANCED_FACE('',(#524),#3154,.T.);
#3353=ADVANCED_FACE('',(#525,#181,#182),#311,.T.);
#3354=ADVANCED_FACE('',(#526),#3155,.T.);
#3355=ADVANCED_FACE('',(#527),#312,.F.);
#3356=ADVANCED_FACE('',(#528),#313,.F.);
#3357=ADVANCED_FACE('',(#529),#314,.F.);
#3358=ADVANCED_FACE('',(#530),#315,.T.);
#3359=ADVANCED_FACE('',(#531),#316,.F.);
#3360=ADVANCED_FACE('',(#532),#3156,.F.);
#3361=ADVANCED_FACE('',(#533),#3157,.F.);
#3362=ADVANCED_FACE('',(#534),#317,.F.);
#3363=ADVANCED_FACE('',(#535),#318,.F.);
#3364=ADVANCED_FACE('',(#536),#319,.F.);
#3365=ADVANCED_FACE('',(#537),#320,.F.);
#3366=ADVANCED_FACE('',(#538),#321,.F.);
#3367=ADVANCED_FACE('',(#539),#3158,.T.);
#3368=ADVANCED_FACE('',(#540),#322,.T.);
#3369=ADVANCED_FACE('',(#541),#323,.T.);
#3370=ADVANCED_FACE('',(#542),#3159,.T.);
#3371=ADVANCED_FACE('',(#543),#324,.T.);
#3372=ADVANCED_FACE('',(#544,#183),#325,.F.);
#3373=ADVANCED_FACE('',(#545),#326,.T.);
#3374=ADVANCED_FACE('',(#546),#327,.T.);
#3375=ADVANCED_FACE('',(#547),#328,.T.);
#3376=ADVANCED_FACE('',(#548),#329,.T.);
#3377=ADVANCED_FACE('',(#549,#184),#330,.T.);
#3378=ADVANCED_FACE('',(#550),#331,.T.);
#3379=ADVANCED_FACE('',(#551),#3160,.T.);
#3380=ADVANCED_FACE('',(#552),#332,.F.);
#3381=CLOSED_SHELL('',(#3161,#3162,#3163,#3164,#3165,#3166,#3167,#3168,
#3169,#3170,#3171,#3172,#3173,#3174,#3175,#3176,#3177,#3178,#3179,#3180,
#3181,#3182,#3183,#3184,#3185,#3186,#3187,#3188,#3189,#3190,#3191,#3192,
#3193,#3194));
#3382=CLOSED_SHELL('',(#3195,#3196,#3197));
#3383=CLOSED_SHELL('',(#3198,#3199,#3200,#3201,#3202));
#3384=CLOSED_SHELL('',(#3203,#3204,#3205,#3206,#3207,#3208,#3209,#3210,
#3211,#3212));
#3385=CLOSED_SHELL('',(#3213,#3214,#3215,#3216,#3217,#3218,#3219));
#3386=CLOSED_SHELL('',(#3220,#3221,#3222,#3223,#3224,#3225,#3226,#3227,
#3228,#3229,#3230));
#3387=CLOSED_SHELL('',(#3231,#3232,#3233,#3234,#3235,#3236,#3237,#3238,
#3239,#3240,#3241));
#3388=CLOSED_SHELL('',(#3242,#3243,#3244,#3245,#3246,#3247,#3248,#3249,
#3250,#3251,#3252));
#3389=CLOSED_SHELL('',(#3253,#3254,#3255,#3256,#3257,#3258,#3259,#3260,
#3261,#3262));
#3390=CLOSED_SHELL('',(#3263,#3264,#3265,#3266,#3267,#3268,#3269,#3270));
#3391=CLOSED_SHELL('',(#3271,#3272,#3273,#3274,#3275,#3276,#3277,#3278,
#3279,#3280,#3281,#3282,#3283));
#3392=CLOSED_SHELL('',(#3284,#3285,#3286,#3287,#3288,#3289,#3290,#3291,
#3292,#3293,#3294,#3295,#3296,#3297,#3298,#3299,#3300));
#3393=CLOSED_SHELL('',(#3301,#3302,#3303,#3304,#3305,#3306,#3307,#3308,
#3309,#3310,#3311,#3312,#3313,#3314,#3315,#3316,#3317,#3318,#3319));
#3394=CLOSED_SHELL('',(#3320,#3321,#3322,#3323,#3324,#3325,#3326,#3327,
#3328,#3329,#3330,#3331,#3332,#3333,#3334,#3335,#3336));
#3395=CLOSED_SHELL('',(#3337,#3338,#3339,#3340,#3341,#3342,#3343,#3344,
#3345,#3346,#3347,#3348,#3349,#3350,#3351,#3352,#3353,#3354,#3355));
#3396=CLOSED_SHELL('',(#3356,#3357,#3358,#3359,#3360,#3361,#3362,#3363,
#3364,#3365,#3366,#3367,#3368,#3369,#3370,#3371,#3372,#3373,#3374,#3375,
#3376,#3377,#3378,#3379,#3380));
#3397=DERIVED_UNIT_ELEMENT(#3427,1.);
#3398=DERIVED_UNIT_ELEMENT(#6251,-3.);
#3399=DERIVED_UNIT_ELEMENT(#3427,1.);
#3400=DERIVED_UNIT_ELEMENT(#6251,-3.);
#3401=DERIVED_UNIT_ELEMENT(#3427,1.);
#3402=DERIVED_UNIT_ELEMENT(#6251,-3.);
#3403=DERIVED_UNIT_ELEMENT(#3427,1.);
#3404=DERIVED_UNIT_ELEMENT(#6251,-3.);
#3405=DERIVED_UNIT_ELEMENT(#3427,1.);
#3406=DERIVED_UNIT_ELEMENT(#6251,-3.);
#3407=DERIVED_UNIT_ELEMENT(#3427,1.);
#3408=DERIVED_UNIT_ELEMENT(#6251,-3.);
#3409=DERIVED_UNIT_ELEMENT(#3427,1.);
#3410=DERIVED_UNIT_ELEMENT(#6251,-3.);
#3411=DERIVED_UNIT_ELEMENT(#3427,1.);
#3412=DERIVED_UNIT_ELEMENT(#6251,-3.);
#3413=DERIVED_UNIT_ELEMENT(#3427,1.);
#3414=DERIVED_UNIT_ELEMENT(#6251,-3.);
#3415=DERIVED_UNIT_ELEMENT(#3427,1.);
#3416=DERIVED_UNIT_ELEMENT(#6251,-3.);
#3417=DERIVED_UNIT_ELEMENT(#3427,1.);
#3418=DERIVED_UNIT_ELEMENT(#6251,-3.);
#3419=DERIVED_UNIT_ELEMENT(#3427,1.);
#3420=DERIVED_UNIT_ELEMENT(#6251,-3.);
#3421=DERIVED_UNIT_ELEMENT(#3427,1.);
#3422=DERIVED_UNIT_ELEMENT(#6251,-3.);
#3423=DERIVED_UNIT_ELEMENT(#3427,1.);
#3424=DERIVED_UNIT_ELEMENT(#6251,-3.);
#3425=DERIVED_UNIT_ELEMENT(#3427,1.);
#3426=DERIVED_UNIT_ELEMENT(#6251,-3.);
#3427=(
MASS_UNIT()
NAMED_UNIT(*)
SI_UNIT(.KILO.,.GRAM.)
);
#3428=DERIVED_UNIT((#3397,#3398));
#3429=DERIVED_UNIT((#3399,#3400));
#3430=DERIVED_UNIT((#3401,#3402));
#3431=DERIVED_UNIT((#3403,#3404));
#3432=DERIVED_UNIT((#3405,#3406));
#3433=DERIVED_UNIT((#3407,#3408));
#3434=DERIVED_UNIT((#3409,#3410));
#3435=DERIVED_UNIT((#3411,#3412));
#3436=DERIVED_UNIT((#3413,#3414));
#3437=DERIVED_UNIT((#3415,#3416));
#3438=DERIVED_UNIT((#3417,#3418));
#3439=DERIVED_UNIT((#3419,#3420));
#3440=DERIVED_UNIT((#3421,#3422));
#3441=DERIVED_UNIT((#3423,#3424));
#3442=DERIVED_UNIT((#3425,#3426));
#3443=MEASURE_REPRESENTATION_ITEM('density measure',
POSITIVE_RATIO_MEASURE(7850.),#3428);
#3444=MEASURE_REPRESENTATION_ITEM('density measure',
POSITIVE_RATIO_MEASURE(7850.),#3429);
#3445=MEASURE_REPRESENTATION_ITEM('density measure',
POSITIVE_RATIO_MEASURE(7850.),#3430);
#3446=MEASURE_REPRESENTATION_ITEM('density measure',
POSITIVE_RATIO_MEASURE(7850.),#3431);
#3447=MEASURE_REPRESENTATION_ITEM('density measure',
POSITIVE_RATIO_MEASURE(7850.),#3432);
#3448=MEASURE_REPRESENTATION_ITEM('density measure',
POSITIVE_RATIO_MEASURE(7850.),#3433);
#3449=MEASURE_REPRESENTATION_ITEM('density measure',
POSITIVE_RATIO_MEASURE(7850.),#3434);
#3450=MEASURE_REPRESENTATION_ITEM('density measure',
POSITIVE_RATIO_MEASURE(7850.),#3435);
#3451=MEASURE_REPRESENTATION_ITEM('density measure',
POSITIVE_RATIO_MEASURE(7850.),#3436);
#3452=MEASURE_REPRESENTATION_ITEM('density measure',
POSITIVE_RATIO_MEASURE(7850.),#3437);
#3453=MEASURE_REPRESENTATION_ITEM('density measure',
POSITIVE_RATIO_MEASURE(7850.),#3438);
#3454=MEASURE_REPRESENTATION_ITEM('density measure',
POSITIVE_RATIO_MEASURE(7850.),#3439);
#3455=MEASURE_REPRESENTATION_ITEM('density measure',
POSITIVE_RATIO_MEASURE(7850.),#3440);
#3456=MEASURE_REPRESENTATION_ITEM('density measure',
POSITIVE_RATIO_MEASURE(7850.),#3441);
#3457=MEASURE_REPRESENTATION_ITEM('density measure',
POSITIVE_RATIO_MEASURE(7850.),#3442);
#3458=PROPERTY_DEFINITION_REPRESENTATION(#3533,#3488);
#3459=PROPERTY_DEFINITION_REPRESENTATION(#3534,#3489);
#3460=PROPERTY_DEFINITION_REPRESENTATION(#3535,#3490);
#3461=PROPERTY_DEFINITION_REPRESENTATION(#3536,#3491);
#3462=PROPERTY_DEFINITION_REPRESENTATION(#3537,#3492);
#3463=PROPERTY_DEFINITION_REPRESENTATION(#3538,#3493);
#3464=PROPERTY_DEFINITION_REPRESENTATION(#3539,#3494);
#3465=PROPERTY_DEFINITION_REPRESENTATION(#3540,#3495);
#3466=PROPERTY_DEFINITION_REPRESENTATION(#3541,#3496);
#3467=PROPERTY_DEFINITION_REPRESENTATION(#3542,#3497);
#3468=PROPERTY_DEFINITION_REPRESENTATION(#3543,#3498);
#3469=PROPERTY_DEFINITION_REPRESENTATION(#3544,#3499);
#3470=PROPERTY_DEFINITION_REPRESENTATION(#3545,#3500);
#3471=PROPERTY_DEFINITION_REPRESENTATION(#3546,#3501);
#3472=PROPERTY_DEFINITION_REPRESENTATION(#3547,#3502);
#3473=PROPERTY_DEFINITION_REPRESENTATION(#3548,#3503);
#3474=PROPERTY_DEFINITION_REPRESENTATION(#3549,#3504);
#3475=PROPERTY_DEFINITION_REPRESENTATION(#3550,#3505);
#3476=PROPERTY_DEFINITION_REPRESENTATION(#3551,#3506);
#3477=PROPERTY_DEFINITION_REPRESENTATION(#3552,#3507);
#3478=PROPERTY_DEFINITION_REPRESENTATION(#3553,#3508);
#3479=PROPERTY_DEFINITION_REPRESENTATION(#3554,#3509);
#3480=PROPERTY_DEFINITION_REPRESENTATION(#3555,#3510);
#3481=PROPERTY_DEFINITION_REPRESENTATION(#3556,#3511);
#3482=PROPERTY_DEFINITION_REPRESENTATION(#3557,#3512);
#3483=PROPERTY_DEFINITION_REPRESENTATION(#3558,#3513);
#3484=PROPERTY_DEFINITION_REPRESENTATION(#3559,#3514);
#3485=PROPERTY_DEFINITION_REPRESENTATION(#3560,#3515);
#3486=PROPERTY_DEFINITION_REPRESENTATION(#3561,#3516);
#3487=PROPERTY_DEFINITION_REPRESENTATION(#3562,#3517);
#3488=REPRESENTATION('material name',(#3518),#6234);
#3489=REPRESENTATION('density',(#3443),#6234);
#3490=REPRESENTATION('material name',(#3519),#6235);
#3491=REPRESENTATION('density',(#3444),#6235);
#3492=REPRESENTATION('material name',(#3520),#6236);
#3493=REPRESENTATION('density',(#3445),#6236);
#3494=REPRESENTATION('material name',(#3521),#6237);
#3495=REPRESENTATION('density',(#3446),#6237);
#3496=REPRESENTATION('material name',(#3522),#6238);
#3497=REPRESENTATION('density',(#3447),#6238);
#3498=REPRESENTATION('material name',(#3523),#6239);
#3499=REPRESENTATION('density',(#3448),#6239);
#3500=REPRESENTATION('material name',(#3524),#6240);
#3501=REPRESENTATION('density',(#3449),#6240);
#3502=REPRESENTATION('material name',(#3525),#6241);
#3503=REPRESENTATION('density',(#3450),#6241);
#3504=REPRESENTATION('material name',(#3526),#6242);
#3505=REPRESENTATION('density',(#3451),#6242);
#3506=REPRESENTATION('material name',(#3527),#6243);
#3507=REPRESENTATION('density',(#3452),#6243);
#3508=REPRESENTATION('material name',(#3528),#6244);
#3509=REPRESENTATION('density',(#3453),#6244);
#3510=REPRESENTATION('material name',(#3529),#6245);
#3511=REPRESENTATION('density',(#3454),#6245);
#3512=REPRESENTATION('material name',(#3530),#6246);
#3513=REPRESENTATION('density',(#3455),#6246);
#3514=REPRESENTATION('material name',(#3531),#6247);
#3515=REPRESENTATION('density',(#3456),#6247);
#3516=REPRESENTATION('material name',(#3532),#6248);
#3517=REPRESENTATION('density',(#3457),#6248);
#3518=DESCRIPTIVE_REPRESENTATION_ITEM('Steel','Steel');
#3519=DESCRIPTIVE_REPRESENTATION_ITEM('Steel','Steel');
#3520=DESCRIPTIVE_REPRESENTATION_ITEM('Steel','Steel');
#3521=DESCRIPTIVE_REPRESENTATION_ITEM('Steel','Steel');
#3522=DESCRIPTIVE_REPRESENTATION_ITEM('Steel','Steel');
#3523=DESCRIPTIVE_REPRESENTATION_ITEM('Steel','Steel');
#3524=DESCRIPTIVE_REPRESENTATION_ITEM('Steel','Steel');
#3525=DESCRIPTIVE_REPRESENTATION_ITEM('Steel','Steel');
#3526=DESCRIPTIVE_REPRESENTATION_ITEM('Steel','Steel');
#3527=DESCRIPTIVE_REPRESENTATION_ITEM('Steel','Steel');
#3528=DESCRIPTIVE_REPRESENTATION_ITEM('Steel','Steel');
#3529=DESCRIPTIVE_REPRESENTATION_ITEM('Steel','Steel');
#3530=DESCRIPTIVE_REPRESENTATION_ITEM('Steel','Steel');
#3531=DESCRIPTIVE_REPRESENTATION_ITEM('Steel','Steel');
#3532=DESCRIPTIVE_REPRESENTATION_ITEM('Steel','Steel');
#3533=PROPERTY_DEFINITION('material property','material name',#6319);
#3534=PROPERTY_DEFINITION('material property','density of part',#6319);
#3535=PROPERTY_DEFINITION('material property','material name',#6320);
#3536=PROPERTY_DEFINITION('material property','density of part',#6320);
#3537=PROPERTY_DEFINITION('material property','material name',#6321);
#3538=PROPERTY_DEFINITION('material property','density of part',#6321);
#3539=PROPERTY_DEFINITION('material property','material name',#6322);
#3540=PROPERTY_DEFINITION('material property','density of part',#6322);
#3541=PROPERTY_DEFINITION('material property','material name',#6323);
#3542=PROPERTY_DEFINITION('material property','density of part',#6323);
#3543=PROPERTY_DEFINITION('material property','material name',#6324);
#3544=PROPERTY_DEFINITION('material property','density of part',#6324);
#3545=PROPERTY_DEFINITION('material property','material name',#6325);
#3546=PROPERTY_DEFINITION('material property','density of part',#6325);
#3547=PROPERTY_DEFINITION('material property','material name',#6326);
#3548=PROPERTY_DEFINITION('material property','density of part',#6326);
#3549=PROPERTY_DEFINITION('material property','material name',#6327);
#3550=PROPERTY_DEFINITION('material property','density of part',#6327);
#3551=PROPERTY_DEFINITION('material property','material name',#6328);
#3552=PROPERTY_DEFINITION('material property','density of part',#6328);
#3553=PROPERTY_DEFINITION('material property','material name',#6329);
#3554=PROPERTY_DEFINITION('material property','density of part',#6329);
#3555=PROPERTY_DEFINITION('material property','material name',#6330);
#3556=PROPERTY_DEFINITION('material property','density of part',#6330);
#3557=PROPERTY_DEFINITION('material property','material name',#6331);
#3558=PROPERTY_DEFINITION('material property','density of part',#6331);
#3559=PROPERTY_DEFINITION('material property','material name',#6332);
#3560=PROPERTY_DEFINITION('material property','density of part',#6332);
#3561=PROPERTY_DEFINITION('material property','material name',#6333);
#3562=PROPERTY_DEFINITION('material property','density of part',#6333);
#3563=AXIS2_PLACEMENT_3D('',#5033,#3962,#3963);
#3564=AXIS2_PLACEMENT_3D('',#5034,#3964,#3965);
#3565=AXIS2_PLACEMENT_3D('',#5035,#3966,#3967);
#3566=AXIS2_PLACEMENT_3D('',#5037,#3968,#3969);
#3567=AXIS2_PLACEMENT_3D('',#5040,#3971,#3972);
#3568=AXIS2_PLACEMENT_3D('',#5041,#3973,#3974);
#3569=AXIS2_PLACEMENT_3D('',#5042,#3975,#3976);
#3570=AXIS2_PLACEMENT_3D('',#5044,#3977,#3978);
#3571=AXIS2_PLACEMENT_3D('',#5047,#3980,#3981);
#3572=AXIS2_PLACEMENT_3D('',#5048,#3982,#3983);
#3573=AXIS2_PLACEMENT_3D('',#5049,#3984,#3985);
#3574=AXIS2_PLACEMENT_3D('',#5051,#3986,#3987);
#3575=AXIS2_PLACEMENT_3D('',#5054,#3989,#3990);
#3576=AXIS2_PLACEMENT_3D('',#5055,#3991,#3992);
#3577=AXIS2_PLACEMENT_3D('',#5056,#3993,#3994);
#3578=AXIS2_PLACEMENT_3D('',#5058,#3995,#3996);
#3579=AXIS2_PLACEMENT_3D('',#5061,#3998,#3999);
#3580=AXIS2_PLACEMENT_3D('',#5062,#4000,#4001);
#3581=AXIS2_PLACEMENT_3D('',#5063,#4002,#4003);
#3582=AXIS2_PLACEMENT_3D('',#5066,#4004,#4005);
#3583=AXIS2_PLACEMENT_3D('',#5072,#4009,#4010);
#3584=AXIS2_PLACEMENT_3D('',#5076,#4012,#4013);
#3585=AXIS2_PLACEMENT_3D('',#5078,#4015,#4016);
#3586=AXIS2_PLACEMENT_3D('',#5084,#4020,#4021);
#3587=AXIS2_PLACEMENT_3D('',#5086,#4023,#4024);
#3588=AXIS2_PLACEMENT_3D('',#5088,#4025,#4026);
#3589=AXIS2_PLACEMENT_3D('',#5091,#4028,#4029);
#3590=AXIS2_PLACEMENT_3D('',#5092,#4030,#4031);
#3591=AXIS2_PLACEMENT_3D('',#5093,#4032,#4033);
#3592=AXIS2_PLACEMENT_3D('',#5095,#4034,#4035);
#3593=AXIS2_PLACEMENT_3D('',#5098,#4037,#4038);
#3594=AXIS2_PLACEMENT_3D('',#5099,#4039,#4040);
#3595=AXIS2_PLACEMENT_3D('',#5100,#4041,#4042);
#3596=AXIS2_PLACEMENT_3D('',#5103,#4043,#4044);
#3597=AXIS2_PLACEMENT_3D('',#5107,#4046,#4047);
#3598=AXIS2_PLACEMENT_3D('',#5109,#4049,#4050);
#3599=AXIS2_PLACEMENT_3D('',#5113,#4052,#4053);
#3600=AXIS2_PLACEMENT_3D('',#5119,#4057,#4058);
#3601=AXIS2_PLACEMENT_3D('',#5123,#4061,#4062);
#3602=AXIS2_PLACEMENT_3D('',#5125,#4063,#4064);
#3603=AXIS2_PLACEMENT_3D('',#5127,#4066,#4067);
#3604=AXIS2_PLACEMENT_3D('',#5133,#4071,#4072);
#3605=AXIS2_PLACEMENT_3D('',#5135,#4074,#4075);
#3606=AXIS2_PLACEMENT_3D('',#5137,#4077,#4078);
#3607=AXIS2_PLACEMENT_3D('',#5138,#4079,#4080);
#3608=AXIS2_PLACEMENT_3D('',#5139,#4081,#4082);
#3609=AXIS2_PLACEMENT_3D('',#5141,#4083,#4084);
#3610=AXIS2_PLACEMENT_3D('',#5142,#4085,#4086);
#3611=AXIS2_PLACEMENT_3D('',#5143,#4087,#4088);
#3612=AXIS2_PLACEMENT_3D('',#5144,#4089,#4090);
#3613=AXIS2_PLACEMENT_3D('',#5145,#4091,#4092);
#3614=AXIS2_PLACEMENT_3D('',#5146,#4093,#4094);
#3615=AXIS2_PLACEMENT_3D('',#5147,#4095,#4096);
#3616=AXIS2_PLACEMENT_3D('',#5150,#4098,#4099);
#3617=AXIS2_PLACEMENT_3D('',#5151,#4100,#4101);
#3618=AXIS2_PLACEMENT_3D('',#5160,#4106,#4107);
#3619=AXIS2_PLACEMENT_3D('',#5166,#4111,#4112);
#3620=AXIS2_PLACEMENT_3D('',#5172,#4116,#4117);
#3621=AXIS2_PLACEMENT_3D('',#5176,#4121,#4122);
#3622=AXIS2_PLACEMENT_3D('',#5177,#4123,#4124);
#3623=AXIS2_PLACEMENT_3D('',#5178,#4125,#4126);
#3624=AXIS2_PLACEMENT_3D('',#5180,#4127,#4128);
#3625=AXIS2_PLACEMENT_3D('',#5181,#4129,#4130);
#3626=AXIS2_PLACEMENT_3D('',#5183,#4131,#4132);
#3627=AXIS2_PLACEMENT_3D('',#5185,#4134,#4135);
#3628=AXIS2_PLACEMENT_3D('',#5186,#4136,#4137);
#3629=AXIS2_PLACEMENT_3D('',#5187,#4138,#4139);
#3630=AXIS2_PLACEMENT_3D('',#5189,#4140,#4141);
#3631=AXIS2_PLACEMENT_3D('',#5234,#4143,#4144);
#3632=AXIS2_PLACEMENT_3D('',#5235,#4145,#4146);
#3633=AXIS2_PLACEMENT_3D('',#5237,#4147,#4148);
#3634=AXIS2_PLACEMENT_3D('',#5240,#4150,#4151);
#3635=AXIS2_PLACEMENT_3D('',#5241,#4152,#4153);
#3636=AXIS2_PLACEMENT_3D('',#5242,#4154,#4155);
#3637=AXIS2_PLACEMENT_3D('',#5243,#4156,#4157);
#3638=AXIS2_PLACEMENT_3D('',#5244,#4158,#4159);
#3639=AXIS2_PLACEMENT_3D('',#5246,#4160,#4161);
#3640=AXIS2_PLACEMENT_3D('',#5249,#4163,#4164);
#3641=AXIS2_PLACEMENT_3D('',#5250,#4165,#4166);
#3642=AXIS2_PLACEMENT_3D('',#5252,#4167,#4168);
#3643=AXIS2_PLACEMENT_3D('',#5255,#4170,#4171);
#3644=AXIS2_PLACEMENT_3D('',#5256,#4172,#4173);
#3645=AXIS2_PLACEMENT_3D('',#5257,#4174,#4175);
#3646=AXIS2_PLACEMENT_3D('',#5266,#4180,#4181);
#3647=AXIS2_PLACEMENT_3D('',#5267,#4182,#4183);
#3648=AXIS2_PLACEMENT_3D('',#5273,#4187,#4188);
#3649=AXIS2_PLACEMENT_3D('',#5279,#4192,#4193);
#3650=AXIS2_PLACEMENT_3D('',#5282,#4196,#4197);
#3651=AXIS2_PLACEMENT_3D('',#5283,#4198,#4199);
#3652=AXIS2_PLACEMENT_3D('',#5284,#4200,#4201);
#3653=AXIS2_PLACEMENT_3D('',#5285,#4202,#4203);
#3654=AXIS2_PLACEMENT_3D('',#5287,#4204,#4205);
#3655=AXIS2_PLACEMENT_3D('',#5290,#4207,#4208);
#3656=AXIS2_PLACEMENT_3D('',#5291,#4209,#4210);
#3657=AXIS2_PLACEMENT_3D('',#5292,#4211,#4212);
#3658=AXIS2_PLACEMENT_3D('',#5301,#4217,#4218);
#3659=AXIS2_PLACEMENT_3D('',#5303,#4219,#4220);
#3660=AXIS2_PLACEMENT_3D('',#5304,#4221,#4222);
#3661=AXIS2_PLACEMENT_3D('',#5305,#4223,#4224);
#3662=AXIS2_PLACEMENT_3D('',#5308,#4226,#4227);
#3663=AXIS2_PLACEMENT_3D('',#5309,#4228,#4229);
#3664=AXIS2_PLACEMENT_3D('',#5310,#4230,#4231);
#3665=AXIS2_PLACEMENT_3D('',#5311,#4232,#4233);
#3666=AXIS2_PLACEMENT_3D('',#5312,#4234,#4235);
#3667=AXIS2_PLACEMENT_3D('',#5313,#4236,#4237);
#3668=AXIS2_PLACEMENT_3D('',#5315,#4238,#4239);
#3669=AXIS2_PLACEMENT_3D('',#5318,#4241,#4242);
#3670=AXIS2_PLACEMENT_3D('',#5319,#4243,#4244);
#3671=AXIS2_PLACEMENT_3D('',#5320,#4245,#4246);
#3672=AXIS2_PLACEMENT_3D('',#5322,#4247,#4248);
#3673=AXIS2_PLACEMENT_3D('',#5323,#4249,#4250);
#3674=AXIS2_PLACEMENT_3D('',#5326,#4251,#4252);
#3675=AXIS2_PLACEMENT_3D('',#5330,#4254,#4255);
#3676=AXIS2_PLACEMENT_3D('',#5333,#4257,#4258);
#3677=AXIS2_PLACEMENT_3D('',#5334,#4259,#4260);
#3678=AXIS2_PLACEMENT_3D('',#5338,#4262,#4263);
#3679=AXIS2_PLACEMENT_3D('',#5341,#4266,#4267);
#3680=AXIS2_PLACEMENT_3D('',#5345,#4270,#4271);
#3681=AXIS2_PLACEMENT_3D('',#5347,#4272,#4273);
#3682=AXIS2_PLACEMENT_3D('',#5349,#4275,#4276);
#3683=AXIS2_PLACEMENT_3D('',#5351,#4278,#4279);
#3684=AXIS2_PLACEMENT_3D('',#5352,#4280,#4281);
#3685=AXIS2_PLACEMENT_3D('',#5355,#4283,#4284);
#3686=AXIS2_PLACEMENT_3D('',#5356,#4285,#4286);
#3687=AXIS2_PLACEMENT_3D('',#5357,#4287,#4288);
#3688=AXIS2_PLACEMENT_3D('',#5358,#4289,#4290);
#3689=AXIS2_PLACEMENT_3D('',#5360,#4291,#4292);
#3690=AXIS2_PLACEMENT_3D('',#5363,#4294,#4295);
#3691=AXIS2_PLACEMENT_3D('',#5364,#4296,#4297);
#3692=AXIS2_PLACEMENT_3D('',#5365,#4298,#4299);
#3693=AXIS2_PLACEMENT_3D('',#5367,#4300,#4301);
#3694=AXIS2_PLACEMENT_3D('',#5368,#4302,#4303);
#3695=AXIS2_PLACEMENT_3D('',#5371,#4304,#4305);
#3696=AXIS2_PLACEMENT_3D('',#5373,#4306,#4307);
#3697=AXIS2_PLACEMENT_3D('',#5377,#4309,#4310);
#3698=AXIS2_PLACEMENT_3D('',#5380,#4312,#4313);
#3699=AXIS2_PLACEMENT_3D('',#5381,#4314,#4315);
#3700=AXIS2_PLACEMENT_3D('',#5387,#4319,#4320);
#3701=AXIS2_PLACEMENT_3D('',#5389,#4321,#4322);
#3702=AXIS2_PLACEMENT_3D('',#5392,#4325,#4326);
#3703=AXIS2_PLACEMENT_3D('',#5396,#4329,#4330);
#3704=AXIS2_PLACEMENT_3D('',#5397,#4331,#4332);
#3705=AXIS2_PLACEMENT_3D('',#5398,#4333,#4334);
#3706=AXIS2_PLACEMENT_3D('',#5399,#4335,#4336);
#3707=AXIS2_PLACEMENT_3D('',#5402,#4338,#4339);
#3708=AXIS2_PLACEMENT_3D('',#5403,#4340,#4341);
#3709=AXIS2_PLACEMENT_3D('',#5404,#4342,#4343);
#3710=AXIS2_PLACEMENT_3D('',#5405,#4344,#4345);
#3711=AXIS2_PLACEMENT_3D('',#5407,#4346,#4347);
#3712=AXIS2_PLACEMENT_3D('',#5410,#4349,#4350);
#3713=AXIS2_PLACEMENT_3D('',#5411,#4351,#4352);
#3714=AXIS2_PLACEMENT_3D('',#5412,#4353,#4354);
#3715=AXIS2_PLACEMENT_3D('',#5414,#4355,#4356);
#3716=AXIS2_PLACEMENT_3D('',#5415,#4357,#4358);
#3717=AXIS2_PLACEMENT_3D('',#5418,#4359,#4360);
#3718=AXIS2_PLACEMENT_3D('',#5422,#4362,#4363);
#3719=AXIS2_PLACEMENT_3D('',#5425,#4365,#4366);
#3720=AXIS2_PLACEMENT_3D('',#5426,#4367,#4368);
#3721=AXIS2_PLACEMENT_3D('',#5430,#4370,#4371);
#3722=AXIS2_PLACEMENT_3D('',#5432,#4373,#4374);
#3723=AXIS2_PLACEMENT_3D('',#5436,#4377,#4378);
#3724=AXIS2_PLACEMENT_3D('',#5438,#4379,#4380);
#3725=AXIS2_PLACEMENT_3D('',#5441,#4382,#4383);
#3726=AXIS2_PLACEMENT_3D('',#5443,#4385,#4386);
#3727=AXIS2_PLACEMENT_3D('',#5445,#4388,#4389);
#3728=AXIS2_PLACEMENT_3D('',#5446,#4390,#4391);
#3729=AXIS2_PLACEMENT_3D('',#5449,#4393,#4394);
#3730=AXIS2_PLACEMENT_3D('',#5450,#4395,#4396);
#3731=AXIS2_PLACEMENT_3D('',#5451,#4397,#4398);
#3732=AXIS2_PLACEMENT_3D('',#5452,#4399,#4400);
#3733=AXIS2_PLACEMENT_3D('',#5454,#4401,#4402);
#3734=AXIS2_PLACEMENT_3D('',#5457,#4404,#4405);
#3735=AXIS2_PLACEMENT_3D('',#5458,#4406,#4407);
#3736=AXIS2_PLACEMENT_3D('',#5459,#4408,#4409);
#3737=AXIS2_PLACEMENT_3D('',#5462,#4410,#4411);
#3738=AXIS2_PLACEMENT_3D('',#5466,#4413,#4414);
#3739=AXIS2_PLACEMENT_3D('',#5469,#4416,#4417);
#3740=AXIS2_PLACEMENT_3D('',#5470,#4418,#4419);
#3741=AXIS2_PLACEMENT_3D('',#5476,#4423,#4424);
#3742=AXIS2_PLACEMENT_3D('',#5478,#4425,#4426);
#3743=AXIS2_PLACEMENT_3D('',#5480,#4428,#4429);
#3744=AXIS2_PLACEMENT_3D('',#5484,#4432,#4433);
#3745=AXIS2_PLACEMENT_3D('',#5485,#4434,#4435);
#3746=AXIS2_PLACEMENT_3D('',#5486,#4436,#4437);
#3747=AXIS2_PLACEMENT_3D('',#5487,#4438,#4439);
#3748=AXIS2_PLACEMENT_3D('',#5490,#4441,#4442);
#3749=AXIS2_PLACEMENT_3D('',#5491,#4443,#4444);
#3750=AXIS2_PLACEMENT_3D('',#5492,#4445,#4446);
#3751=AXIS2_PLACEMENT_3D('',#5493,#4447,#4448);
#3752=AXIS2_PLACEMENT_3D('',#5501,#4452,#4453);
#3753=AXIS2_PLACEMENT_3D('',#5503,#4454,#4455);
#3754=AXIS2_PLACEMENT_3D('',#5504,#4456,#4457);
#3755=AXIS2_PLACEMENT_3D('',#5510,#4461,#4462);
#3756=AXIS2_PLACEMENT_3D('',#5514,#4465,#4466);
#3757=AXIS2_PLACEMENT_3D('',#5516,#4467,#4468);
#3758=AXIS2_PLACEMENT_3D('',#5518,#4470,#4471);
#3759=AXIS2_PLACEMENT_3D('',#5520,#4473,#4474);
#3760=AXIS2_PLACEMENT_3D('',#5521,#4475,#4476);
#3761=AXIS2_PLACEMENT_3D('',#5524,#4478,#4479);
#3762=AXIS2_PLACEMENT_3D('',#5525,#4480,#4481);
#3763=AXIS2_PLACEMENT_3D('',#5526,#4482,#4483);
#3764=AXIS2_PLACEMENT_3D('',#5623,#4484,#4485);
#3765=AXIS2_PLACEMENT_3D('',#5631,#4490,#4491);
#3766=AXIS2_PLACEMENT_3D('',#5635,#4494,#4495);
#3767=AXIS2_PLACEMENT_3D('',#5641,#4499,#4500);
#3768=AXIS2_PLACEMENT_3D('',#5643,#4502,#4503);
#3769=AXIS2_PLACEMENT_3D('',#5741,#4505,#4506);
#3770=AXIS2_PLACEMENT_3D('',#5749,#4511,#4512);
#3771=AXIS2_PLACEMENT_3D('',#5753,#4515,#4516);
#3772=AXIS2_PLACEMENT_3D('',#5759,#4520,#4521);
#3773=AXIS2_PLACEMENT_3D('',#5762,#4524,#4525);
#3774=AXIS2_PLACEMENT_3D('',#5763,#4526,#4527);
#3775=AXIS2_PLACEMENT_3D('',#5764,#4528,#4529);
#3776=AXIS2_PLACEMENT_3D('',#5765,#4530,#4531);
#3777=AXIS2_PLACEMENT_3D('',#5767,#4532,#4533);
#3778=AXIS2_PLACEMENT_3D('',#5769,#4534,#4535);
#3779=AXIS2_PLACEMENT_3D('',#5770,#4536,#4537);
#3780=AXIS2_PLACEMENT_3D('',#5772,#4538,#4539);
#3781=AXIS2_PLACEMENT_3D('',#5774,#4541,#4542);
#3782=AXIS2_PLACEMENT_3D('',#5775,#4543,#4544);
#3783=AXIS2_PLACEMENT_3D('',#5777,#4545,#4546);
#3784=AXIS2_PLACEMENT_3D('',#5780,#4548,#4549);
#3785=AXIS2_PLACEMENT_3D('',#5781,#4550,#4551);
#3786=AXIS2_PLACEMENT_3D('',#5782,#4552,#4553);
#3787=AXIS2_PLACEMENT_3D('',#5785,#4555,#4556);
#3788=AXIS2_PLACEMENT_3D('',#5786,#4557,#4558);
#3789=AXIS2_PLACEMENT_3D('',#5789,#4559,#4560);
#3790=AXIS2_PLACEMENT_3D('',#5793,#4562,#4563);
#3791=AXIS2_PLACEMENT_3D('',#5797,#4565,#4566);
#3792=AXIS2_PLACEMENT_3D('',#5802,#4569,#4570);
#3793=AXIS2_PLACEMENT_3D('',#5803,#4571,#4572);
#3794=AXIS2_PLACEMENT_3D('',#5809,#4576,#4577);
#3795=AXIS2_PLACEMENT_3D('',#5811,#4578,#4579);
#3796=AXIS2_PLACEMENT_3D('',#5813,#4581,#4582);
#3797=AXIS2_PLACEMENT_3D('',#5817,#4585,#4586);
#3798=AXIS2_PLACEMENT_3D('',#5819,#4587,#4588);
#3799=AXIS2_PLACEMENT_3D('',#5821,#4590,#4591);
#3800=AXIS2_PLACEMENT_3D('',#5825,#4594,#4595);
#3801=AXIS2_PLACEMENT_3D('',#5829,#4598,#4599);
#3802=AXIS2_PLACEMENT_3D('',#5830,#4600,#4601);
#3803=AXIS2_PLACEMENT_3D('',#5831,#4602,#4603);
#3804=AXIS2_PLACEMENT_3D('',#5832,#4604,#4605);
#3805=AXIS2_PLACEMENT_3D('',#5835,#4607,#4608);
#3806=AXIS2_PLACEMENT_3D('',#5836,#4609,#4610);
#3807=AXIS2_PLACEMENT_3D('',#5837,#4611,#4612);
#3808=AXIS2_PLACEMENT_3D('',#5838,#4613,#4614);
#3809=AXIS2_PLACEMENT_3D('',#5840,#4615,#4616);
#3810=AXIS2_PLACEMENT_3D('',#5842,#4617,#4618);
#3811=AXIS2_PLACEMENT_3D('',#5843,#4619,#4620);
#3812=AXIS2_PLACEMENT_3D('',#5845,#4621,#4622);
#3813=AXIS2_PLACEMENT_3D('',#5847,#4624,#4625);
#3814=AXIS2_PLACEMENT_3D('',#5848,#4626,#4627);
#3815=AXIS2_PLACEMENT_3D('',#5850,#4628,#4629);
#3816=AXIS2_PLACEMENT_3D('',#5852,#4630,#4631);
#3817=AXIS2_PLACEMENT_3D('',#5853,#4632,#4633);
#3818=AXIS2_PLACEMENT_3D('',#5855,#4634,#4635);
#3819=AXIS2_PLACEMENT_3D('',#5857,#4637,#4638);
#3820=AXIS2_PLACEMENT_3D('',#5858,#4639,#4640);
#3821=AXIS2_PLACEMENT_3D('',#5861,#4642,#4643);
#3822=AXIS2_PLACEMENT_3D('',#5862,#4644,#4645);
#3823=AXIS2_PLACEMENT_3D('',#5865,#4647,#4648);
#3824=AXIS2_PLACEMENT_3D('',#5866,#4649,#4650);
#3825=AXIS2_PLACEMENT_3D('',#5869,#4651,#4652);
#3826=AXIS2_PLACEMENT_3D('',#5873,#4654,#4655);
#3827=AXIS2_PLACEMENT_3D('',#5877,#4657,#4658);
#3828=AXIS2_PLACEMENT_3D('',#5882,#4661,#4662);
#3829=AXIS2_PLACEMENT_3D('',#5883,#4663,#4664);
#3830=AXIS2_PLACEMENT_3D('',#5889,#4668,#4669);
#3831=AXIS2_PLACEMENT_3D('',#5891,#4670,#4671);
#3832=AXIS2_PLACEMENT_3D('',#5893,#4673,#4674);
#3833=AXIS2_PLACEMENT_3D('',#5897,#4677,#4678);
#3834=AXIS2_PLACEMENT_3D('',#5899,#4679,#4680);
#3835=AXIS2_PLACEMENT_3D('',#5901,#4682,#4683);
#3836=AXIS2_PLACEMENT_3D('',#5905,#4686,#4687);
#3837=AXIS2_PLACEMENT_3D('',#5909,#4690,#4691);
#3838=AXIS2_PLACEMENT_3D('',#5910,#4692,#4693);
#3839=AXIS2_PLACEMENT_3D('',#5911,#4694,#4695);
#3840=AXIS2_PLACEMENT_3D('',#5912,#4696,#4697);
#3841=AXIS2_PLACEMENT_3D('',#5915,#4699,#4700);
#3842=AXIS2_PLACEMENT_3D('',#5916,#4701,#4702);
#3843=AXIS2_PLACEMENT_3D('',#5917,#4703,#4704);
#3844=AXIS2_PLACEMENT_3D('',#5918,#4705,#4706);
#3845=AXIS2_PLACEMENT_3D('',#5920,#4707,#4708);
#3846=AXIS2_PLACEMENT_3D('',#5922,#4709,#4710);
#3847=AXIS2_PLACEMENT_3D('',#5923,#4711,#4712);
#3848=AXIS2_PLACEMENT_3D('',#5925,#4713,#4714);
#3849=AXIS2_PLACEMENT_3D('',#5927,#4716,#4717);
#3850=AXIS2_PLACEMENT_3D('',#5928,#4718,#4719);
#3851=AXIS2_PLACEMENT_3D('',#5931,#4721,#4722);
#3852=AXIS2_PLACEMENT_3D('',#5932,#4723,#4724);
#3853=AXIS2_PLACEMENT_3D('',#5934,#4725,#4726);
#3854=AXIS2_PLACEMENT_3D('',#5937,#4728,#4729);
#3855=AXIS2_PLACEMENT_3D('',#5938,#4730,#4731);
#3856=AXIS2_PLACEMENT_3D('',#5939,#4732,#4733);
#3857=AXIS2_PLACEMENT_3D('',#5942,#4734,#4735);
#3858=AXIS2_PLACEMENT_3D('',#5946,#4737,#4738);
#3859=AXIS2_PLACEMENT_3D('',#5950,#4740,#4741);
#3860=AXIS2_PLACEMENT_3D('',#5955,#4744,#4745);
#3861=AXIS2_PLACEMENT_3D('',#5956,#4746,#4747);
#3862=AXIS2_PLACEMENT_3D('',#5962,#4751,#4752);
#3863=AXIS2_PLACEMENT_3D('',#5964,#4753,#4754);
#3864=AXIS2_PLACEMENT_3D('',#5966,#4756,#4757);
#3865=AXIS2_PLACEMENT_3D('',#5970,#4760,#4761);
#3866=AXIS2_PLACEMENT_3D('',#5972,#4762,#4763);
#3867=AXIS2_PLACEMENT_3D('',#5974,#4765,#4766);
#3868=AXIS2_PLACEMENT_3D('',#5978,#4769,#4770);
#3869=AXIS2_PLACEMENT_3D('',#5982,#4773,#4774);
#3870=AXIS2_PLACEMENT_3D('',#5983,#4775,#4776);
#3871=AXIS2_PLACEMENT_3D('',#5984,#4777,#4778);
#3872=AXIS2_PLACEMENT_3D('',#5985,#4779,#4780);
#3873=AXIS2_PLACEMENT_3D('',#5988,#4782,#4783);
#3874=AXIS2_PLACEMENT_3D('',#5989,#4784,#4785);
#3875=AXIS2_PLACEMENT_3D('',#5990,#4786,#4787);
#3876=AXIS2_PLACEMENT_3D('',#5991,#4788,#4789);
#3877=AXIS2_PLACEMENT_3D('',#5993,#4790,#4791);
#3878=AXIS2_PLACEMENT_3D('',#5995,#4792,#4793);
#3879=AXIS2_PLACEMENT_3D('',#5996,#4794,#4795);
#3880=AXIS2_PLACEMENT_3D('',#5998,#4796,#4797);
#3881=AXIS2_PLACEMENT_3D('',#6000,#4799,#4800);
#3882=AXIS2_PLACEMENT_3D('',#6001,#4801,#4802);
#3883=AXIS2_PLACEMENT_3D('',#6003,#4803,#4804);
#3884=AXIS2_PLACEMENT_3D('',#6005,#4805,#4806);
#3885=AXIS2_PLACEMENT_3D('',#6006,#4807,#4808);
#3886=AXIS2_PLACEMENT_3D('',#6008,#4809,#4810);
#3887=AXIS2_PLACEMENT_3D('',#6010,#4812,#4813);
#3888=AXIS2_PLACEMENT_3D('',#6011,#4814,#4815);
#3889=AXIS2_PLACEMENT_3D('',#6014,#4817,#4818);
#3890=AXIS2_PLACEMENT_3D('',#6015,#4819,#4820);
#3891=AXIS2_PLACEMENT_3D('',#6018,#4822,#4823);
#3892=AXIS2_PLACEMENT_3D('',#6019,#4824,#4825);
#3893=AXIS2_PLACEMENT_3D('',#6022,#4826,#4827);
#3894=AXIS2_PLACEMENT_3D('',#6026,#4829,#4830);
#3895=AXIS2_PLACEMENT_3D('',#6030,#4832,#4833);
#3896=AXIS2_PLACEMENT_3D('',#6035,#4836,#4837);
#3897=AXIS2_PLACEMENT_3D('',#6036,#4838,#4839);
#3898=AXIS2_PLACEMENT_3D('',#6042,#4843,#4844);
#3899=AXIS2_PLACEMENT_3D('',#6044,#4845,#4846);
#3900=AXIS2_PLACEMENT_3D('',#6046,#4848,#4849);
#3901=AXIS2_PLACEMENT_3D('',#6050,#4852,#4853);
#3902=AXIS2_PLACEMENT_3D('',#6052,#4854,#4855);
#3903=AXIS2_PLACEMENT_3D('',#6054,#4857,#4858);
#3904=AXIS2_PLACEMENT_3D('',#6058,#4861,#4862);
#3905=AXIS2_PLACEMENT_3D('',#6062,#4865,#4866);
#3906=AXIS2_PLACEMENT_3D('',#6063,#4867,#4868);
#3907=AXIS2_PLACEMENT_3D('',#6064,#4869,#4870);
#3908=AXIS2_PLACEMENT_3D('',#6065,#4871,#4872);
#3909=AXIS2_PLACEMENT_3D('',#6068,#4874,#4875);
#3910=AXIS2_PLACEMENT_3D('',#6069,#4876,#4877);
#3911=AXIS2_PLACEMENT_3D('',#6070,#4878,#4879);
#3912=AXIS2_PLACEMENT_3D('',#6071,#4880,#4881);
#3913=AXIS2_PLACEMENT_3D('',#6074,#4882,#4883);
#3914=AXIS2_PLACEMENT_3D('',#6082,#4888,#4889);
#3915=AXIS2_PLACEMENT_3D('',#6096,#4897,#4898);
#3916=AXIS2_PLACEMENT_3D('',#6098,#4899,#4900);
#3917=AXIS2_PLACEMENT_3D('',#6104,#4904,#4905);
#3918=AXIS2_PLACEMENT_3D('',#6110,#4909,#4910);
#3919=AXIS2_PLACEMENT_3D('',#6113,#4912,#4913);
#3920=AXIS2_PLACEMENT_3D('',#6114,#4914,#4915);
#3921=AXIS2_PLACEMENT_3D('',#6115,#4916,#4917);
#3922=AXIS2_PLACEMENT_3D('',#6116,#4918,#4919);
#3923=AXIS2_PLACEMENT_3D('',#6120,#4922,#4923);
#3924=AXIS2_PLACEMENT_3D('',#6122,#4925,#4926);
#3925=AXIS2_PLACEMENT_3D('',#6126,#4929,#4930);
#3926=AXIS2_PLACEMENT_3D('',#6130,#4933,#4934);
#3927=AXIS2_PLACEMENT_3D('',#6132,#4936,#4937);
#3928=AXIS2_PLACEMENT_3D('',#6135,#4938,#4939);
#3929=AXIS2_PLACEMENT_3D('',#6139,#4941,#4942);
#3930=AXIS2_PLACEMENT_3D('',#6141,#4944,#4945);
#3931=AXIS2_PLACEMENT_3D('',#6155,#4953,#4954);
#3932=AXIS2_PLACEMENT_3D('',#6161,#4958,#4959);
#3933=AXIS2_PLACEMENT_3D('',#6163,#4960,#4961);
#3934=AXIS2_PLACEMENT_3D('',#6165,#4962,#4963);
#3935=AXIS2_PLACEMENT_3D('',#6167,#4965,#4966);
#3936=AXIS2_PLACEMENT_3D('',#6173,#4970,#4971);
#3937=AXIS2_PLACEMENT_3D('',#6178,#4974,#4975);
#3938=AXIS2_PLACEMENT_3D('',#6179,#4976,#4977);
#3939=AXIS2_PLACEMENT_3D('',#6183,#4980,#4981);
#3940=AXIS2_PLACEMENT_3D('',#6185,#4983,#4984);
#3941=AXIS2_PLACEMENT_3D('',#6189,#4987,#4988);
#3942=AXIS2_PLACEMENT_3D('',#6193,#4991,#4992);
#3943=AXIS2_PLACEMENT_3D('',#6195,#4994,#4995);
#3944=AXIS2_PLACEMENT_3D('',#6196,#4996,#4997);
#3945=AXIS2_PLACEMENT_3D('',#6199,#4999,#5000);
#3946=AXIS2_PLACEMENT_3D('',#6200,#5001,#5002);
#3947=AXIS2_PLACEMENT_3D('',#6201,#5003,#5004);
#3948=AXIS2_PLACEMENT_3D('',#6202,#5005,#5006);
#3949=AXIS2_PLACEMENT_3D('',#6203,#5007,#5008);
#3950=AXIS2_PLACEMENT_3D('',#6204,#5009,#5010);
#3951=AXIS2_PLACEMENT_3D('',#6205,#5011,#5012);
#3952=AXIS2_PLACEMENT_3D('',#6206,#5013,#5014);
#3953=AXIS2_PLACEMENT_3D('',#6207,#5015,#5016);
#3954=AXIS2_PLACEMENT_3D('',#6208,#5017,#5018);
#3955=AXIS2_PLACEMENT_3D('',#6209,#5019,#5020);
#3956=AXIS2_PLACEMENT_3D('',#6210,#5021,#5022);
#3957=AXIS2_PLACEMENT_3D('',#6211,#5023,#5024);
#3958=AXIS2_PLACEMENT_3D('',#6212,#5025,#5026);
#3959=AXIS2_PLACEMENT_3D('',#6213,#5027,#5028);
#3960=AXIS2_PLACEMENT_3D('',#6214,#5029,#5030);
#3961=AXIS2_PLACEMENT_3D('',#6215,#5031,#5032);
#3962=DIRECTION('axis',(0.,0.,1.));
#3963=DIRECTION('refdir',(1.,0.,0.));
#3964=DIRECTION('axis',(0.,0.,1.));
#3965=DIRECTION('refdir',(1.,0.,0.));
#3966=DIRECTION('center_axis',(0.,1.,0.));
#3967=DIRECTION('ref_axis',(-1.,0.,0.));
#3968=DIRECTION('center_axis',(0.,1.,0.));
#3969=DIRECTION('ref_axis',(-1.,0.,0.));
#3970=DIRECTION('',(0.,-1.,0.));
#3971=DIRECTION('center_axis',(0.,-1.,0.));
#3972=DIRECTION('ref_axis',(-1.,0.,0.));
#3973=DIRECTION('center_axis',(0.,1.,0.));
#3974=DIRECTION('ref_axis',(-1.,0.,0.));
#3975=DIRECTION('center_axis',(0.,0.,1.));
#3976=DIRECTION('ref_axis',(-1.,0.,0.));
#3977=DIRECTION('center_axis',(0.,0.,1.));
#3978=DIRECTION('ref_axis',(-1.,0.,0.));
#3979=DIRECTION('',(0.,0.,-1.));
#3980=DIRECTION('center_axis',(0.,0.,-1.));
#3981=DIRECTION('ref_axis',(-1.,0.,0.));
#3982=DIRECTION('center_axis',(0.,0.,1.));
#3983=DIRECTION('ref_axis',(-1.,0.,0.));
#3984=DIRECTION('center_axis',(0.,0.,1.));
#3985=DIRECTION('ref_axis',(-1.,0.,0.));
#3986=DIRECTION('center_axis',(0.,0.,1.));
#3987=DIRECTION('ref_axis',(-1.,0.,0.));
#3988=DIRECTION('',(0.,0.,-1.));
#3989=DIRECTION('center_axis',(0.,0.,-1.));
#3990=DIRECTION('ref_axis',(-1.,0.,0.));
#3991=DIRECTION('center_axis',(0.,0.,1.));
#3992=DIRECTION('ref_axis',(-1.,0.,0.));
#3993=DIRECTION('center_axis',(0.,-1.,0.));
#3994=DIRECTION('ref_axis',(1.,0.,0.));
#3995=DIRECTION('center_axis',(0.,-1.,0.));
#3996=DIRECTION('ref_axis',(1.,0.,0.));
#3997=DIRECTION('',(0.,1.,0.));
#3998=DIRECTION('center_axis',(0.,1.,0.));
#3999=DIRECTION('ref_axis',(1.,0.,0.));
#4000=DIRECTION('center_axis',(0.,-1.,0.));
#4001=DIRECTION('ref_axis',(1.,0.,0.));
#4002=DIRECTION('center_axis',(0.,1.,0.));
#4003=DIRECTION('ref_axis',(-1.,0.,0.));
#4004=DIRECTION('center_axis',(0.,-1.,0.));
#4005=DIRECTION('ref_axis',(-0.707106781186547,0.,0.707106781186547));
#4006=DIRECTION('',(0.,0.,1.));
#4007=DIRECTION('',(1.,0.,0.));
#4008=DIRECTION('',(0.,0.,1.));
#4009=DIRECTION('center_axis',(0.,1.,0.));
#4010=DIRECTION('ref_axis',(0.707106781186547,0.,0.707106781186547));
#4011=DIRECTION('',(0.,-1.,0.));
#4012=DIRECTION('center_axis',(0.,1.,0.));
#4013=DIRECTION('ref_axis',(0.707106781186547,0.,0.707106781186547));
#4014=DIRECTION('',(0.,1.,0.));
#4015=DIRECTION('center_axis',(0.,-1.,0.));
#4016=DIRECTION('ref_axis',(1.,0.,0.));
#4017=DIRECTION('',(0.,0.,1.));
#4018=DIRECTION('',(-1.,0.,0.));
#4019=DIRECTION('',(0.,0.,1.));
#4020=DIRECTION('center_axis',(-1.,0.,0.));
#4021=DIRECTION('ref_axis',(0.,-1.,0.));
#4022=DIRECTION('',(0.,1.,0.));
#4023=DIRECTION('center_axis',(0.,0.,1.));
#4024=DIRECTION('ref_axis',(-1.,0.,0.));
#4025=DIRECTION('center_axis',(0.,0.,1.));
#4026=DIRECTION('ref_axis',(-1.,0.,0.));
#4027=DIRECTION('',(0.,0.,-1.));
#4028=DIRECTION('center_axis',(0.,0.,-1.));
#4029=DIRECTION('ref_axis',(-1.,0.,0.));
#4030=DIRECTION('center_axis',(0.,0.,1.));
#4031=DIRECTION('ref_axis',(-1.,0.,0.));
#4032=DIRECTION('center_axis',(0.,-1.,0.));
#4033=DIRECTION('ref_axis',(1.,0.,0.));
#4034=DIRECTION('center_axis',(0.,-1.,0.));
#4035=DIRECTION('ref_axis',(1.,0.,0.));
#4036=DIRECTION('',(0.,1.,0.));
#4037=DIRECTION('center_axis',(0.,1.,0.));
#4038=DIRECTION('ref_axis',(1.,0.,0.));
#4039=DIRECTION('center_axis',(0.,-1.,0.));
#4040=DIRECTION('ref_axis',(1.,0.,0.));
#4041=DIRECTION('center_axis',(0.,1.,0.));
#4042=DIRECTION('ref_axis',(0.707106781186548,0.,0.707106781186548));
#4043=DIRECTION('center_axis',(0.,-1.,0.));
#4044=DIRECTION('ref_axis',(0.707106781186548,0.,0.707106781186548));
#4045=DIRECTION('',(0.,-1.,0.));
#4046=DIRECTION('center_axis',(0.,1.,0.));
#4047=DIRECTION('ref_axis',(0.707106781186548,0.,0.707106781186548));
#4048=DIRECTION('',(0.,1.,0.));
#4049=DIRECTION('center_axis',(0.,-1.,0.));
#4050=DIRECTION('ref_axis',(1.,0.,0.));
#4051=DIRECTION('',(1.,0.,0.));
#4052=DIRECTION('center_axis',(0.,1.,0.));
#4053=DIRECTION('ref_axis',(-0.707106781186548,0.,0.707106781186547));
#4054=DIRECTION('',(0.,0.,1.));
#4055=DIRECTION('',(-1.,0.,0.));
#4056=DIRECTION('',(0.,0.,1.));
#4057=DIRECTION('center_axis',(0.,0.,1.));
#4058=DIRECTION('ref_axis',(1.,0.,0.));
#4059=DIRECTION('',(-1.,0.,0.));
#4060=DIRECTION('',(0.,1.,0.));
#4061=DIRECTION('center_axis',(0.,-1.,0.));
#4062=DIRECTION('ref_axis',(-0.707106781186548,0.,0.707106781186547));
#4063=DIRECTION('center_axis',(0.,-1.,0.));
#4064=DIRECTION('ref_axis',(-0.707106781186548,0.,0.707106781186547));
#4065=DIRECTION('',(0.,-1.,0.));
#4066=DIRECTION('center_axis',(0.,1.,0.));
#4067=DIRECTION('ref_axis',(-1.,0.,0.));
#4068=DIRECTION('',(0.,0.,1.));
#4069=DIRECTION('',(1.,0.,0.));
#4070=DIRECTION('',(0.,0.,1.));
#4071=DIRECTION('center_axis',(1.,0.,0.));
#4072=DIRECTION('ref_axis',(0.,1.,0.));
#4073=DIRECTION('',(0.,-1.,0.));
#4074=DIRECTION('center_axis',(-1.,0.,0.));
#4075=DIRECTION('ref_axis',(0.,-1.,0.));
#4076=DIRECTION('',(0.,1.,0.));
#4077=DIRECTION('center_axis',(0.,0.,1.));
#4078=DIRECTION('ref_axis',(-1.,0.,0.));
#4079=DIRECTION('center_axis',(0.,0.,1.));
#4080=DIRECTION('ref_axis',(-1.,0.,0.));
#4081=DIRECTION('center_axis',(0.,0.,1.));
#4082=DIRECTION('ref_axis',(-1.,0.,0.));
#4083=DIRECTION('center_axis',(0.,0.,1.));
#4084=DIRECTION('ref_axis',(-1.,0.,0.));
#4085=DIRECTION('center_axis',(0.,0.,1.));
#4086=DIRECTION('ref_axis',(-1.,0.,0.));
#4087=DIRECTION('center_axis',(0.,0.,1.));
#4088=DIRECTION('ref_axis',(-1.,0.,0.));
#4089=DIRECTION('center_axis',(0.,0.,1.));
#4090=DIRECTION('ref_axis',(-1.,0.,0.));
#4091=DIRECTION('center_axis',(0.,0.,1.));
#4092=DIRECTION('ref_axis',(-1.,0.,0.));
#4093=DIRECTION('center_axis',(0.,0.,1.));
#4094=DIRECTION('ref_axis',(-1.,0.,0.));
#4095=DIRECTION('center_axis',(0.,0.,1.));
#4096=DIRECTION('ref_axis',(-1.,0.,0.));
#4097=DIRECTION('',(0.,0.,-1.));
#4098=DIRECTION('center_axis',(0.,0.,-1.));
#4099=DIRECTION('ref_axis',(-1.,0.,0.));
#4100=DIRECTION('center_axis',(0.,-1.,0.));
#4101=DIRECTION('ref_axis',(1.,0.,0.));
#4102=DIRECTION('',(1.,0.,0.));
#4103=DIRECTION('',(0.,0.,1.));
#4104=DIRECTION('',(1.,0.,0.));
#4105=DIRECTION('',(0.,0.,1.));
#4106=DIRECTION('center_axis',(-1.,8.88178419700125E-17,0.));
#4107=DIRECTION('ref_axis',(-8.88178419700125E-17,-1.,0.));
#4108=DIRECTION('',(-8.88178419700125E-17,-1.,0.));
#4109=DIRECTION('',(-8.88178419700125E-17,-1.,0.));
#4110=DIRECTION('',(0.,0.,1.));
#4111=DIRECTION('center_axis',(8.88178419700125E-17,1.,0.));
#4112=DIRECTION('ref_axis',(-1.,8.88178419700125E-17,0.));
#4113=DIRECTION('',(-1.,8.88178419700125E-17,0.));
#4114=DIRECTION('',(-1.,8.88178419700125E-17,0.));
#4115=DIRECTION('',(0.,0.,1.));
#4116=DIRECTION('center_axis',(1.,0.,0.));
#4117=DIRECTION('ref_axis',(0.,1.,0.));
#4118=DIRECTION('',(0.,1.,0.));
#4119=DIRECTION('',(0.,1.,0.));
#4120=DIRECTION('',(0.,1.,0.));
#4121=DIRECTION('center_axis',(0.,0.,1.));
#4122=DIRECTION('ref_axis',(1.,0.,0.));
#4123=DIRECTION('center_axis',(0.,0.,1.));
#4124=DIRECTION('ref_axis',(1.,0.,0.));
#4125=DIRECTION('center_axis',(0.,-1.,0.));
#4126=DIRECTION('ref_axis',(1.,0.,0.));
#4127=DIRECTION('center_axis',(0.,1.,0.));
#4128=DIRECTION('ref_axis',(1.,0.,0.));
#4129=DIRECTION('center_axis',(0.,-1.,0.));
#4130=DIRECTION('ref_axis',(1.,0.,0.));
#4131=DIRECTION('center_axis',(0.,-1.,0.));
#4132=DIRECTION('ref_axis',(1.,0.,0.));
#4133=DIRECTION('',(0.,1.,0.));
#4134=DIRECTION('center_axis',(0.,-1.,0.));
#4135=DIRECTION('ref_axis',(1.,0.,0.));
#4136=DIRECTION('axis',(0.,0.,1.));
#4137=DIRECTION('refdir',(1.,0.,0.));
#4138=DIRECTION('center_axis',(0.,0.,1.));
#4139=DIRECTION('ref_axis',(1.,0.,0.));
#4140=DIRECTION('center_axis',(0.,0.,1.));
#4141=DIRECTION('ref_axis',(1.,0.,0.));
#4142=DIRECTION('',(0.,0.,-1.));
#4143=DIRECTION('center_axis',(0.,0.,1.));
#4144=DIRECTION('ref_axis',(1.,0.,0.));
#4145=DIRECTION('center_axis',(0.,-1.,0.));
#4146=DIRECTION('ref_axis',(1.,0.,0.));
#4147=DIRECTION('center_axis',(0.,-1.,0.));
#4148=DIRECTION('ref_axis',(1.,0.,0.));
#4149=DIRECTION('',(0.,1.,0.));
#4150=DIRECTION('center_axis',(0.,-1.,0.));
#4151=DIRECTION('ref_axis',(1.,0.,0.));
#4152=DIRECTION('center_axis',(0.,-1.,0.));
#4153=DIRECTION('ref_axis',(1.,0.,0.));
#4154=DIRECTION('center_axis',(0.,-1.,0.));
#4155=DIRECTION('ref_axis',(1.,0.,0.));
#4156=DIRECTION('axis',(0.,0.,1.));
#4157=DIRECTION('refdir',(1.,0.,0.));
#4158=DIRECTION('center_axis',(-1.,0.,0.));
#4159=DIRECTION('ref_axis',(0.,-1.,0.));
#4160=DIRECTION('center_axis',(1.,0.,0.));
#4161=DIRECTION('ref_axis',(0.,-1.,0.));
#4162=DIRECTION('',(1.,0.,0.));
#4163=DIRECTION('center_axis',(-1.,0.,0.));
#4164=DIRECTION('ref_axis',(0.,-1.,0.));
#4165=DIRECTION('center_axis',(-1.,0.,0.));
#4166=DIRECTION('ref_axis',(0.,-1.,0.));
#4167=DIRECTION('center_axis',(-1.,0.,0.));
#4168=DIRECTION('ref_axis',(0.,-1.,0.));
#4169=DIRECTION('',(1.,0.,0.));
#4170=DIRECTION('center_axis',(1.,0.,0.));
#4171=DIRECTION('ref_axis',(0.,-1.,0.));
#4172=DIRECTION('center_axis',(-1.,0.,0.));
#4173=DIRECTION('ref_axis',(0.,-1.,0.));
#4174=DIRECTION('center_axis',(-1.,0.,0.));
#4175=DIRECTION('ref_axis',(0.,-1.,0.));
#4176=DIRECTION('',(0.,1.,0.));
#4177=DIRECTION('',(0.,0.,1.));
#4178=DIRECTION('',(0.,-1.,0.));
#4179=DIRECTION('',(0.,0.,1.));
#4180=DIRECTION('center_axis',(-1.,0.,0.));
#4181=DIRECTION('ref_axis',(0.,-1.,0.));
#4182=DIRECTION('center_axis',(0.,1.,0.));
#4183=DIRECTION('ref_axis',(-1.,0.,0.));
#4184=DIRECTION('',(1.,0.,0.));
#4185=DIRECTION('',(-1.,0.,0.));
#4186=DIRECTION('',(0.,0.,1.));
#4187=DIRECTION('center_axis',(1.,0.,0.));
#4188=DIRECTION('ref_axis',(0.,1.,0.));
#4189=DIRECTION('',(0.,-1.,0.));
#4190=DIRECTION('',(0.,1.,0.));
#4191=DIRECTION('',(0.,0.,1.));
#4192=DIRECTION('center_axis',(0.,-1.,0.));
#4193=DIRECTION('ref_axis',(1.,0.,0.));
#4194=DIRECTION('',(-1.,0.,0.));
#4195=DIRECTION('',(1.,0.,0.));
#4196=DIRECTION('center_axis',(0.,0.,1.));
#4197=DIRECTION('ref_axis',(1.,0.,0.));
#4198=DIRECTION('center_axis',(0.,0.,1.));
#4199=DIRECTION('ref_axis',(-1.,0.,0.));
#4200=DIRECTION('axis',(0.,0.,1.));
#4201=DIRECTION('refdir',(1.,0.,0.));
#4202=DIRECTION('center_axis',(0.,-1.,0.));
#4203=DIRECTION('ref_axis',(1.,0.,0.));
#4204=DIRECTION('center_axis',(0.,-1.,0.));
#4205=DIRECTION('ref_axis',(1.,0.,0.));
#4206=DIRECTION('',(0.,1.,0.));
#4207=DIRECTION('center_axis',(0.,1.,0.));
#4208=DIRECTION('ref_axis',(1.,0.,0.));
#4209=DIRECTION('center_axis',(0.,-1.,0.));
#4210=DIRECTION('ref_axis',(1.,0.,0.));
#4211=DIRECTION('center_axis',(0.,-1.,0.));
#4212=DIRECTION('ref_axis',(1.,0.,0.));
#4213=DIRECTION('',(-1.,0.,0.));
#4214=DIRECTION('',(0.,0.,1.));
#4215=DIRECTION('',(1.,0.,0.));
#4216=DIRECTION('',(0.,0.,1.));
#4217=DIRECTION('center_axis',(0.,0.,1.));
#4218=DIRECTION('ref_axis',(-1.,0.,0.));
#4219=DIRECTION('center_axis',(0.,0.,1.));
#4220=DIRECTION('ref_axis',(0.979795907455005,-0.199999949336052,0.));
#4221=DIRECTION('center_axis',(0.,0.,1.));
#4222=DIRECTION('ref_axis',(0.979795907455005,-0.199999949336052,0.));
#4223=DIRECTION('center_axis',(0.,0.,1.));
#4224=DIRECTION('ref_axis',(-1.,0.,0.));
#4225=DIRECTION('',(0.,0.,-1.));
#4226=DIRECTION('center_axis',(0.,0.,1.));
#4227=DIRECTION('ref_axis',(-1.,0.,0.));
#4228=DIRECTION('center_axis',(0.,0.,1.));
#4229=DIRECTION('ref_axis',(-1.,0.,0.));
#4230=DIRECTION('center_axis',(0.,0.,1.));
#4231=DIRECTION('ref_axis',(-1.,0.,0.));
#4232=DIRECTION('center_axis',(0.,0.,1.));
#4233=DIRECTION('ref_axis',(-1.,0.,0.));
#4234=DIRECTION('axis',(0.,0.,1.));
#4235=DIRECTION('refdir',(1.,0.,0.));
#4236=DIRECTION('center_axis',(0.,1.,0.));
#4237=DIRECTION('ref_axis',(-1.,0.,0.));
#4238=DIRECTION('center_axis',(0.,1.,0.));
#4239=DIRECTION('ref_axis',(-1.,0.,0.));
#4240=DIRECTION('',(0.,-1.,0.));
#4241=DIRECTION('center_axis',(0.,-1.,0.));
#4242=DIRECTION('ref_axis',(-1.,0.,0.));
#4243=DIRECTION('center_axis',(0.,1.,0.));
#4244=DIRECTION('ref_axis',(-1.,0.,0.));
#4245=DIRECTION('center_axis',(0.,1.,0.));
#4246=DIRECTION('ref_axis',(-1.,0.,0.));
#4247=DIRECTION('center_axis',(0.,1.,0.));
#4248=DIRECTION('ref_axis',(-1.,0.,0.));
#4249=DIRECTION('center_axis',(0.,-1.,0.));
#4250=DIRECTION('ref_axis',(1.,0.,0.));
#4251=DIRECTION('center_axis',(0.,-1.,0.));
#4252=DIRECTION('ref_axis',(-1.,0.,0.));
#4253=DIRECTION('',(-1.33226762955019E-16,0.,-1.));
#4254=DIRECTION('center_axis',(0.,-1.,0.));
#4255=DIRECTION('ref_axis',(1.,0.,0.));
#4256=DIRECTION('',(-1.77635683940025E-16,0.,-1.));
#4257=DIRECTION('center_axis',(-2.77555756156289E-16,-1.,-2.77607338459126E-16));
#4258=DIRECTION('ref_axis',(1.,-2.77555756156289E-16,-1.66533453693773E-16));
#4259=DIRECTION('center_axis',(0.,-1.,0.));
#4260=DIRECTION('ref_axis',(1.,0.,0.));
#4261=DIRECTION('',(0.,-1.,0.));
#4262=DIRECTION('center_axis',(0.,-1.,0.));
#4263=DIRECTION('ref_axis',(1.,0.,0.));
#4264=DIRECTION('',(0.,-1.,0.));
#4265=DIRECTION('',(0.,1.,0.));
#4266=DIRECTION('center_axis',(1.,0.,-1.33226762955019E-16));
#4267=DIRECTION('ref_axis',(1.33226762955019E-16,0.,1.));
#4268=DIRECTION('',(1.33226762955019E-16,0.,1.));
#4269=DIRECTION('',(0.,-1.,0.));
#4270=DIRECTION('center_axis',(0.,-1.,0.));
#4271=DIRECTION('ref_axis',(1.,0.,0.));
#4272=DIRECTION('center_axis',(0.,-1.,0.));
#4273=DIRECTION('ref_axis',(1.,0.,0.));
#4274=DIRECTION('',(0.,-1.,0.));
#4275=DIRECTION('center_axis',(-1.,0.,1.77635683940025E-16));
#4276=DIRECTION('ref_axis',(-1.77635683940025E-16,0.,-1.));
#4277=DIRECTION('',(-1.77635683940025E-16,0.,-1.));
#4278=DIRECTION('center_axis',(0.,-1.,0.));
#4279=DIRECTION('ref_axis',(1.,0.,0.));
#4280=DIRECTION('center_axis',(0.,-1.,0.));
#4281=DIRECTION('ref_axis',(1.,0.,-1.66533453693773E-16));
#4282=DIRECTION('',(0.,1.,0.));
#4283=DIRECTION('center_axis',(-2.77555756156289E-16,-1.,-2.77607338459126E-16));
#4284=DIRECTION('ref_axis',(1.,-2.77555756156289E-16,-1.66533453693773E-16));
#4285=DIRECTION('center_axis',(-2.77555756156289E-16,-1.,-2.77607338459126E-16));
#4286=DIRECTION('ref_axis',(1.,-2.77555756156289E-16,-1.66533453693773E-16));
#4287=DIRECTION('axis',(0.,0.,1.));
#4288=DIRECTION('refdir',(1.,0.,0.));
#4289=DIRECTION('center_axis',(0.,-1.,0.));
#4290=DIRECTION('ref_axis',(1.,0.,0.));
#4291=DIRECTION('center_axis',(0.,-1.,0.));
#4292=DIRECTION('ref_axis',(1.,0.,0.));
#4293=DIRECTION('',(0.,1.,0.));
#4294=DIRECTION('center_axis',(0.,1.,0.));
#4295=DIRECTION('ref_axis',(1.,0.,0.));
#4296=DIRECTION('center_axis',(0.,-1.,0.));
#4297=DIRECTION('ref_axis',(1.,0.,0.));
#4298=DIRECTION('center_axis',(0.,-1.,0.));
#4299=DIRECTION('ref_axis',(1.,0.,0.));
#4300=DIRECTION('center_axis',(0.,-1.,0.));
#4301=DIRECTION('ref_axis',(1.,0.,0.));
#4302=DIRECTION('center_axis',(0.,1.,0.));
#4303=DIRECTION('ref_axis',(-1.,0.,0.));
#4304=DIRECTION('center_axis',(0.,1.,0.));
#4305=DIRECTION('ref_axis',(1.,0.,0.));
#4306=DIRECTION('center_axis',(0.,1.,0.));
#4307=DIRECTION('ref_axis',(1.,0.,0.));
#4308=DIRECTION('',(-0.766044443118978,0.,0.642787609686539));
#4309=DIRECTION('center_axis',(0.,1.,0.));
#4310=DIRECTION('ref_axis',(-1.,0.,0.));
#4311=DIRECTION('',(-0.766044443118978,0.,0.642787609686539));
#4312=DIRECTION('center_axis',(-2.08166817117217E-17,1.,2.87320970664871E-17));
#4313=DIRECTION('ref_axis',(-1.,-2.08166817117217E-17,-5.55111512312578E-17));
#4314=DIRECTION('center_axis',(0.642787609686539,0.,0.766044443118978));
#4315=DIRECTION('ref_axis',(0.766044443118978,0.,-0.642787609686539));
#4316=DIRECTION('',(0.,1.,0.));
#4317=DIRECTION('',(0.766044443118978,0.,-0.642787609686539));
#4318=DIRECTION('',(0.,1.,0.));
#4319=DIRECTION('center_axis',(0.,1.,0.));
#4320=DIRECTION('ref_axis',(-1.,0.,0.));
#4321=DIRECTION('center_axis',(0.,1.,0.));
#4322=DIRECTION('ref_axis',(-1.,0.,0.));
#4323=DIRECTION('',(0.,1.,0.));
#4324=DIRECTION('',(0.,-1.,0.));
#4325=DIRECTION('center_axis',(-0.642787609686539,0.,-0.766044443118978));
#4326=DIRECTION('ref_axis',(-0.766044443118978,0.,0.642787609686539));
#4327=DIRECTION('',(-0.766044443118978,0.,0.642787609686539));
#4328=DIRECTION('',(0.,1.,0.));
#4329=DIRECTION('center_axis',(0.,1.,0.));
#4330=DIRECTION('ref_axis',(0.766044443118979,0.,-0.642787609686539));
#4331=DIRECTION('center_axis',(0.,1.,0.));
#4332=DIRECTION('ref_axis',(-1.,0.,0.));
#4333=DIRECTION('center_axis',(0.,1.,0.));
#4334=DIRECTION('ref_axis',(-1.,0.,0.));
#4335=DIRECTION('center_axis',(0.,1.,0.));
#4336=DIRECTION('ref_axis',(-1.,0.,-5.55111512312578E-17));
#4337=DIRECTION('',(0.,-1.,0.));
#4338=DIRECTION('center_axis',(-2.08166817117217E-17,1.,2.87320970664871E-17));
#4339=DIRECTION('ref_axis',(-1.,-2.08166817117217E-17,-5.55111512312578E-17));
#4340=DIRECTION('center_axis',(-2.08166817117217E-17,1.,2.87320970664871E-17));
#4341=DIRECTION('ref_axis',(-1.,-2.08166817117217E-17,-5.55111512312578E-17));
#4342=DIRECTION('axis',(0.,0.,1.));
#4343=DIRECTION('refdir',(1.,0.,0.));
#4344=DIRECTION('center_axis',(0.,1.,0.));
#4345=DIRECTION('ref_axis',(-1.,0.,0.));
#4346=DIRECTION('center_axis',(0.,1.,0.));
#4347=DIRECTION('ref_axis',(-1.,0.,0.));
#4348=DIRECTION('',(0.,-1.,0.));
#4349=DIRECTION('center_axis',(0.,-1.,0.));
#4350=DIRECTION('ref_axis',(-1.,0.,0.));
#4351=DIRECTION('center_axis',(0.,1.,0.));
#4352=DIRECTION('ref_axis',(-1.,0.,0.));
#4353=DIRECTION('center_axis',(0.,1.,0.));
#4354=DIRECTION('ref_axis',(-1.,0.,0.));
#4355=DIRECTION('center_axis',(0.,1.,0.));
#4356=DIRECTION('ref_axis',(-1.,0.,0.));
#4357=DIRECTION('center_axis',(0.,-1.,0.));
#4358=DIRECTION('ref_axis',(1.,0.,0.));
#4359=DIRECTION('center_axis',(0.,-1.,0.));
#4360=DIRECTION('ref_axis',(-1.,0.,0.));
#4361=DIRECTION('',(-0.766044443118978,0.,-0.642787609686539));
#4362=DIRECTION('center_axis',(0.,-1.,0.));
#4363=DIRECTION('ref_axis',(1.,0.,0.));
#4364=DIRECTION('',(-0.766044443118978,0.,-0.64278760968654));
#4365=DIRECTION('center_axis',(5.55111512312578E-16,-1.,1.14644784445236E-16));
#4366=DIRECTION('ref_axis',(1.,5.55111512312578E-16,4.61853741903931E-47));
#4367=DIRECTION('center_axis',(0.,-1.,0.));
#4368=DIRECTION('ref_axis',(1.,0.,0.));
#4369=DIRECTION('',(0.,-1.,0.));
#4370=DIRECTION('center_axis',(0.,-1.,0.));
#4371=DIRECTION('ref_axis',(1.,0.,0.));
#4372=DIRECTION('',(0.,-1.,0.));
#4373=DIRECTION('center_axis',(0.64278760968654,0.,-0.766044443118978));
#4374=DIRECTION('ref_axis',(0.766044443118978,0.,0.64278760968654));
#4375=DIRECTION('',(0.766044443118978,0.,0.64278760968654));
#4376=DIRECTION('',(0.,-1.,0.));
#4377=DIRECTION('center_axis',(0.,-1.,0.));
#4378=DIRECTION('ref_axis',(1.,0.,0.));
#4379=DIRECTION('center_axis',(0.,-1.,0.));
#4380=DIRECTION('ref_axis',(1.,0.,0.));
#4381=DIRECTION('',(0.,1.,0.));
#4382=DIRECTION('center_axis',(0.,-1.,0.));
#4383=DIRECTION('ref_axis',(1.,0.,0.));
#4384=DIRECTION('',(0.,-1.,0.));
#4385=DIRECTION('center_axis',(-0.642787609686539,0.,0.766044443118978));
#4386=DIRECTION('ref_axis',(-0.766044443118978,0.,-0.642787609686539));
#4387=DIRECTION('',(-0.766044443118978,0.,-0.642787609686539));
#4388=DIRECTION('center_axis',(0.,-1.,0.));
#4389=DIRECTION('ref_axis',(1.,0.,0.));
#4390=DIRECTION('center_axis',(0.,-1.,0.));
#4391=DIRECTION('ref_axis',(1.,0.,4.61853741903931E-47));
#4392=DIRECTION('',(0.,1.,0.));
#4393=DIRECTION('center_axis',(5.55111512312578E-16,-1.,1.14644784445236E-16));
#4394=DIRECTION('ref_axis',(1.,5.55111512312578E-16,4.61853741903931E-47));
#4395=DIRECTION('center_axis',(5.55111512312578E-16,-1.,1.14644784445236E-16));
#4396=DIRECTION('ref_axis',(1.,5.55111512312578E-16,4.61853741903931E-47));
#4397=DIRECTION('axis',(0.,0.,1.));
#4398=DIRECTION('refdir',(1.,0.,0.));
#4399=DIRECTION('center_axis',(0.,-1.,0.));
#4400=DIRECTION('ref_axis',(1.,0.,0.));
#4401=DIRECTION('center_axis',(0.,-1.,0.));
#4402=DIRECTION('ref_axis',(1.,0.,0.));
#4403=DIRECTION('',(0.,1.,0.));
#4404=DIRECTION('center_axis',(0.,1.,0.));
#4405=DIRECTION('ref_axis',(1.,0.,0.));
#4406=DIRECTION('center_axis',(0.,-1.,0.));
#4407=DIRECTION('ref_axis',(1.,0.,0.));
#4408=DIRECTION('center_axis',(0.,1.,0.));
#4409=DIRECTION('ref_axis',(-1.,0.,0.));
#4410=DIRECTION('center_axis',(0.,1.,0.));
#4411=DIRECTION('ref_axis',(-1.,0.,0.));
#4412=DIRECTION('',(-0.965925826289068,0.,-0.25881904510252));
#4413=DIRECTION('center_axis',(0.,1.,0.));
#4414=DIRECTION('ref_axis',(-1.,0.,0.));
#4415=DIRECTION('',(-0.965925826289068,0.,-0.258819045102521));
#4416=DIRECTION('center_axis',(-1.11022302462516E-16,1.,-2.89291166029926E-17));
#4417=DIRECTION('ref_axis',(-1.,-1.11022302462516E-16,-6.16297582203915E-33));
#4418=DIRECTION('center_axis',(-0.258819045102521,0.,0.965925826289068));
#4419=DIRECTION('ref_axis',(0.965925826289068,0.,0.25881904510252));
#4420=DIRECTION('',(0.,1.,0.));
#4421=DIRECTION('',(0.965925826289068,0.,0.25881904510252));
#4422=DIRECTION('',(0.,1.,0.));
#4423=DIRECTION('center_axis',(0.,1.,0.));
#4424=DIRECTION('ref_axis',(-1.,0.,0.));
#4425=DIRECTION('center_axis',(0.,1.,0.));
#4426=DIRECTION('ref_axis',(-1.,0.,0.));
#4427=DIRECTION('',(0.,1.,0.));
#4428=DIRECTION('center_axis',(0.258819045102521,0.,-0.965925826289068));
#4429=DIRECTION('ref_axis',(-0.965925826289068,0.,-0.258819045102521));
#4430=DIRECTION('',(-0.965925826289068,0.,-0.258819045102521));
#4431=DIRECTION('',(0.,1.,0.));
#4432=DIRECTION('center_axis',(0.,1.,0.));
#4433=DIRECTION('ref_axis',(0.965925826289068,0.,0.258819045102523));
#4434=DIRECTION('center_axis',(0.,1.,0.));
#4435=DIRECTION('ref_axis',(-1.,0.,0.));
#4436=DIRECTION('center_axis',(0.,1.,0.));
#4437=DIRECTION('ref_axis',(-1.,0.,0.));
#4438=DIRECTION('center_axis',(0.,1.,0.));
#4439=DIRECTION('ref_axis',(-1.,0.,-6.16297582203915E-33));
#4440=DIRECTION('',(0.,-1.,0.));
#4441=DIRECTION('center_axis',(-1.11022302462516E-16,1.,-2.89291166029926E-17));
#4442=DIRECTION('ref_axis',(-1.,-1.11022302462516E-16,-6.16297582203915E-33));
#4443=DIRECTION('center_axis',(-1.11022302462516E-16,1.,-2.89291166029926E-17));
#4444=DIRECTION('ref_axis',(-1.,-1.11022302462516E-16,-6.16297582203915E-33));
#4445=DIRECTION('axis',(0.,0.,1.));
#4446=DIRECTION('refdir',(1.,0.,0.));
#4447=DIRECTION('center_axis',(-6.69947422437458E-49,-1.,4.1288697665195E-81));
#4448=DIRECTION('ref_axis',(1.,-6.69947422437458E-49,0.));
#4449=DIRECTION('',(-1.,0.,0.));
#4450=DIRECTION('',(0.,0.,1.));
#4451=DIRECTION('',(1.,0.,0.));
#4452=DIRECTION('center_axis',(0.,-1.,0.));
#4453=DIRECTION('ref_axis',(0.,0.,-1.));
#4454=DIRECTION('center_axis',(-5.55111512312578E-17,-1.,-1.08705184278297E-16));
#4455=DIRECTION('ref_axis',(1.,-5.55111512312578E-17,-6.16297582203915E-33));
#4456=DIRECTION('center_axis',(-1.,0.,0.));
#4457=DIRECTION('ref_axis',(0.,0.,-1.));
#4458=DIRECTION('',(0.,-1.,0.));
#4459=DIRECTION('',(0.,0.,-1.));
#4460=DIRECTION('',(0.,-1.,0.));
#4461=DIRECTION('center_axis',(0.,0.,1.));
#4462=DIRECTION('ref_axis',(-1.,0.,0.));
#4463=DIRECTION('',(-1.,0.,0.));
#4464=DIRECTION('',(0.,-1.,0.));
#4465=DIRECTION('center_axis',(0.,-1.,0.));
#4466=DIRECTION('ref_axis',(0.,0.,-1.));
#4467=DIRECTION('center_axis',(0.,-1.,0.));
#4468=DIRECTION('ref_axis',(0.,0.,-1.));
#4469=DIRECTION('',(0.,-1.,0.));
#4470=DIRECTION('center_axis',(0.,0.,-1.));
#4471=DIRECTION('ref_axis',(1.,0.,0.));
#4472=DIRECTION('',(1.,0.,0.));
#4473=DIRECTION('center_axis',(-6.69947422437458E-49,-1.,4.1288697665195E-81));
#4474=DIRECTION('ref_axis',(1.,-6.69947422437458E-49,0.));
#4475=DIRECTION('center_axis',(0.,-1.,0.));
#4476=DIRECTION('ref_axis',(1.,0.,-6.16297582203915E-33));
#4477=DIRECTION('',(0.,1.,0.));
#4478=DIRECTION('center_axis',(-5.55111512312578E-17,-1.,-1.08705184278297E-16));
#4479=DIRECTION('ref_axis',(1.,-5.55111512312578E-17,-6.16297582203915E-33));
#4480=DIRECTION('center_axis',(-5.55111512312578E-17,-1.,-1.08705184278297E-16));
#4481=DIRECTION('ref_axis',(1.,-5.55111512312578E-17,-6.16297582203915E-33));
#4482=DIRECTION('axis',(0.,0.,1.));
#4483=DIRECTION('refdir',(1.,0.,0.));
#4484=DIRECTION('center_axis',(4.44089209850063E-17,-1.,2.77336843380799E-33));
#4485=DIRECTION('ref_axis',(-1.66535213934117E-16,-4.62228072301332E-33,
1.));
#4486=DIRECTION('',(1.2316229963929E-49,-2.77336843380799E-33,-1.));
#4487=DIRECTION('',(-1.,-4.44089209850063E-17,0.));
#4488=DIRECTION('',(1.66535213934117E-16,4.62228072301332E-33,-1.));
#4489=DIRECTION('',(1.,4.44089209850063E-17,0.));
#4490=DIRECTION('center_axis',(0.,0.,-1.));
#4491=DIRECTION('ref_axis',(2.77555756156289E-17,-1.,0.));
#4492=DIRECTION('',(-2.77555756156289E-17,1.,0.));
#4493=DIRECTION('',(1.,4.44089209850063E-17,0.));
#4494=DIRECTION('center_axis',(-4.44089209850063E-17,1.,-2.77336843380799E-33));
#4495=DIRECTION('ref_axis',(1.66535213934117E-16,4.62228072301332E-33,-1.));
#4496=DIRECTION('',(-1.66535213934117E-16,-4.62228072301332E-33,1.));
#4497=DIRECTION('',(1.,4.44089209850063E-17,0.));
#4498=DIRECTION('',(-1.2316229963929E-49,2.77336843380799E-33,1.));
#4499=DIRECTION('center_axis',(-1.,-4.44089209850063E-17,0.));
#4500=DIRECTION('ref_axis',(0.,0.,1.));
#4501=DIRECTION('',(-4.44089209850063E-17,1.,0.));
#4502=DIRECTION('center_axis',(-1.,-2.77555756156289E-17,-1.66535213934117E-16));
#4503=DIRECTION('ref_axis',(2.77555756156289E-17,-1.,0.));
#4504=DIRECTION('',(2.77555756156289E-17,-1.,0.));
#4505=DIRECTION('center_axis',(4.44089209850063E-17,-1.,2.77336843380799E-33));
#4506=DIRECTION('ref_axis',(-1.66535213934117E-16,-4.62228072301332E-33,
1.));
#4507=DIRECTION('',(-1.,-4.44089209850063E-17,0.));
#4508=DIRECTION('',(-1.66535213934117E-16,-4.62228072301332E-33,1.));
#4509=DIRECTION('',(-1.,-4.44089209850063E-17,0.));
#4510=DIRECTION('',(-1.66535213934117E-16,-4.62228072301332E-33,1.));
#4511=DIRECTION('center_axis',(0.,0.,-1.));
#4512=DIRECTION('ref_axis',(2.77555756156289E-17,-1.,0.));
#4513=DIRECTION('',(-1.,-4.44089209850063E-17,0.));
#4514=DIRECTION('',(2.77555756156289E-17,-1.,0.));
#4515=DIRECTION('center_axis',(-4.44089209850063E-17,1.,-2.77336843380799E-33));
#4516=DIRECTION('ref_axis',(1.66535213934117E-16,4.62228072301332E-33,-1.));
#4517=DIRECTION('',(1.66535213934117E-16,4.62228072301332E-33,-1.));
#4518=DIRECTION('',(-1.,-4.44089209850063E-17,0.));
#4519=DIRECTION('',(1.66535213934117E-16,4.62228072301332E-33,-1.));
#4520=DIRECTION('center_axis',(0.,0.,1.));
#4521=DIRECTION('ref_axis',(-2.77555756156289E-17,1.,0.));
#4522=DIRECTION('',(-2.77555756156289E-17,1.,0.));
#4523=DIRECTION('',(-2.77555756156289E-17,1.,0.));
#4524=DIRECTION('center_axis',(-1.,-4.44089209850063E-17,0.));
#4525=DIRECTION('ref_axis',(0.,0.,1.));
#4526=DIRECTION('center_axis',(-1.,-2.77555756156289E-17,-1.66535213934117E-16));
#4527=DIRECTION('ref_axis',(2.77555756156289E-17,-1.,0.));
#4528=DIRECTION('axis',(0.,0.,1.));
#4529=DIRECTION('refdir',(1.,0.,0.));
#4530=DIRECTION('center_axis',(2.77555756156289E-16,-1.,-1.50644830348693E-18));
#4531=DIRECTION('ref_axis',(1.,2.77555756156289E-16,3.7819798305197E-17));
#4532=DIRECTION('center_axis',(2.77555756156289E-16,-1.,-1.50644830348693E-18));
#4533=DIRECTION('ref_axis',(1.,2.77555756156289E-16,3.7819798305197E-17));
#4534=DIRECTION('center_axis',(0.,-1.,0.));
#4535=DIRECTION('ref_axis',(1.,0.,0.));
#4536=DIRECTION('center_axis',(0.,-1.,0.));
#4537=DIRECTION('ref_axis',(1.,0.,3.7819798305197E-17));
#4538=DIRECTION('center_axis',(2.77555756156289E-16,-1.,-1.50644830348693E-18));
#4539=DIRECTION('ref_axis',(1.,2.77555756156289E-16,3.7819798305197E-17));
#4540=DIRECTION('',(0.,1.,0.));
#4541=DIRECTION('center_axis',(2.77555756156289E-16,-1.,-1.50644830348693E-18));
#4542=DIRECTION('ref_axis',(1.,2.77555756156289E-16,3.7819798305197E-17));
#4543=DIRECTION('center_axis',(0.,-1.,0.));
#4544=DIRECTION('ref_axis',(1.,0.,0.));
#4545=DIRECTION('center_axis',(0.,-1.,0.));
#4546=DIRECTION('ref_axis',(1.,0.,0.));
#4547=DIRECTION('',(0.,1.,0.));
#4548=DIRECTION('center_axis',(0.,1.,0.));
#4549=DIRECTION('ref_axis',(1.,0.,0.));
#4550=DIRECTION('center_axis',(0.,-1.,0.));
#4551=DIRECTION('ref_axis',(1.,0.,0.));
#4552=DIRECTION('center_axis',(0.,-1.,0.));
#4553=DIRECTION('ref_axis',(1.,0.,0.));
#4554=DIRECTION('',(0.,1.,0.));
#4555=DIRECTION('center_axis',(0.,1.,0.));
#4556=DIRECTION('ref_axis',(1.,0.,0.));
#4557=DIRECTION('center_axis',(0.,-1.,0.));
#4558=DIRECTION('ref_axis',(1.,0.,0.));
#4559=DIRECTION('center_axis',(0.,-1.,0.));
#4560=DIRECTION('ref_axis',(1.,0.,0.));
#4561=DIRECTION('',(0.866025403784439,0.,0.5));
#4562=DIRECTION('center_axis',(0.,-1.,0.));
#4563=DIRECTION('ref_axis',(1.,0.,0.));
#4564=DIRECTION('',(0.984807753012208,0.,-0.17364817766693));
#4565=DIRECTION('center_axis',(0.,-1.,0.));
#4566=DIRECTION('ref_axis',(1.,0.,0.));
#4567=DIRECTION('',(0.984807753012208,0.,-0.173648177666929));
#4568=DIRECTION('',(0.866025403784439,0.,0.5));
#4569=DIRECTION('center_axis',(0.,-1.,0.));
#4570=DIRECTION('ref_axis',(1.,0.,0.));
#4571=DIRECTION('center_axis',(-0.5,0.,0.866025403784439));
#4572=DIRECTION('ref_axis',(-0.866025403784439,0.,-0.5));
#4573=DIRECTION('',(0.,-1.,0.));
#4574=DIRECTION('',(-0.866025403784439,0.,-0.5));
#4575=DIRECTION('',(0.,-1.,0.));
#4576=DIRECTION('center_axis',(0.,-1.,0.));
#4577=DIRECTION('ref_axis',(1.,0.,0.));
#4578=DIRECTION('center_axis',(0.,-1.,0.));
#4579=DIRECTION('ref_axis',(1.,0.,0.));
#4580=DIRECTION('',(0.,-1.,0.));
#4581=DIRECTION('center_axis',(0.17364817766693,0.,0.984807753012208));
#4582=DIRECTION('ref_axis',(-0.984807753012208,0.,0.17364817766693));
#4583=DIRECTION('',(-0.984807753012208,0.,0.17364817766693));
#4584=DIRECTION('',(0.,-1.,0.));
#4585=DIRECTION('center_axis',(0.,-1.,0.));
#4586=DIRECTION('ref_axis',(1.,0.,0.));
#4587=DIRECTION('center_axis',(0.,-1.,0.));
#4588=DIRECTION('ref_axis',(1.,0.,0.));
#4589=DIRECTION('',(0.,-1.,0.));
#4590=DIRECTION('center_axis',(-0.173648177666929,0.,-0.984807753012208));
#4591=DIRECTION('ref_axis',(0.984807753012208,0.,-0.173648177666929));
#4592=DIRECTION('',(0.984807753012208,0.,-0.173648177666929));
#4593=DIRECTION('',(0.,-1.,0.));
#4594=DIRECTION('center_axis',(0.5,0.,-0.866025403784439));
#4595=DIRECTION('ref_axis',(0.866025403784439,0.,0.5));
#4596=DIRECTION('',(0.866025403784439,0.,0.5));
#4597=DIRECTION('',(0.,-1.,0.));
#4598=DIRECTION('center_axis',(0.,-1.,0.));
#4599=DIRECTION('ref_axis',(-0.866025403784439,0.,-0.5));
#4600=DIRECTION('center_axis',(0.,-1.,0.));
#4601=DIRECTION('ref_axis',(1.,0.,0.));
#4602=DIRECTION('center_axis',(0.,-1.,0.));
#4603=DIRECTION('ref_axis',(1.,0.,0.));
#4604=DIRECTION('center_axis',(0.,-1.,0.));
#4605=DIRECTION('ref_axis',(1.,0.,0.));
#4606=DIRECTION('',(0.,1.,0.));
#4607=DIRECTION('center_axis',(0.,-1.,0.));
#4608=DIRECTION('ref_axis',(1.,0.,0.));
#4609=DIRECTION('center_axis',(0.,-1.,0.));
#4610=DIRECTION('ref_axis',(1.,0.,0.));
#4611=DIRECTION('axis',(0.,0.,1.));
#4612=DIRECTION('refdir',(1.,0.,0.));
#4613=DIRECTION('center_axis',(0.,-1.,0.));
#4614=DIRECTION('ref_axis',(1.,0.,0.));
#4615=DIRECTION('center_axis',(0.,-1.,0.));
#4616=DIRECTION('ref_axis',(1.,0.,0.));
#4617=DIRECTION('center_axis',(0.,-1.,0.));
#4618=DIRECTION('ref_axis',(1.,0.,0.));
#4619=DIRECTION('center_axis',(0.,-1.,0.));
#4620=DIRECTION('ref_axis',(1.,0.,0.));
#4621=DIRECTION('center_axis',(0.,-1.,0.));
#4622=DIRECTION('ref_axis',(1.,0.,0.));
#4623=DIRECTION('',(0.,1.,0.));
#4624=DIRECTION('center_axis',(0.,-1.,0.));
#4625=DIRECTION('ref_axis',(1.,0.,0.));
#4626=DIRECTION('center_axis',(0.,-1.,0.));
#4627=DIRECTION('ref_axis',(1.,0.,0.));
#4628=DIRECTION('center_axis',(0.,-1.,0.));
#4629=DIRECTION('ref_axis',(1.,0.,0.));
#4630=DIRECTION('center_axis',(0.,-1.,0.));
#4631=DIRECTION('ref_axis',(1.,0.,0.));
#4632=DIRECTION('center_axis',(0.,-1.,0.));
#4633=DIRECTION('ref_axis',(1.,0.,0.));
#4634=DIRECTION('center_axis',(0.,-1.,0.));
#4635=DIRECTION('ref_axis',(1.,0.,0.));
#4636=DIRECTION('',(0.,1.,0.));
#4637=DIRECTION('center_axis',(0.,-1.,0.));
#4638=DIRECTION('ref_axis',(1.,0.,0.));
#4639=DIRECTION('center_axis',(0.,-1.,0.));
#4640=DIRECTION('ref_axis',(1.,0.,0.));
#4641=DIRECTION('',(0.,1.,0.));
#4642=DIRECTION('center_axis',(0.,1.,0.));
#4643=DIRECTION('ref_axis',(1.,0.,0.));
#4644=DIRECTION('center_axis',(0.,-1.,0.));
#4645=DIRECTION('ref_axis',(1.,0.,0.));
#4646=DIRECTION('',(0.,1.,0.));
#4647=DIRECTION('center_axis',(0.,1.,0.));
#4648=DIRECTION('ref_axis',(1.,0.,0.));
#4649=DIRECTION('center_axis',(0.,-1.,0.));
#4650=DIRECTION('ref_axis',(1.,0.,0.));
#4651=DIRECTION('center_axis',(0.,-1.,0.));
#4652=DIRECTION('ref_axis',(1.,0.,0.));
#4653=DIRECTION('',(0.804385640992241,0.,0.594107515998159));
#4654=DIRECTION('center_axis',(0.,-1.,0.));
#4655=DIRECTION('ref_axis',(1.,0.,0.));
#4656=DIRECTION('',(0.89190603909881,0.,-0.4522207618178));
#4657=DIRECTION('center_axis',(0.,-1.,0.));
#4658=DIRECTION('ref_axis',(1.,0.,0.));
#4659=DIRECTION('',(0.89190603909881,0.,-0.4522207618178));
#4660=DIRECTION('',(0.804385640992241,0.,0.594107515998159));
#4661=DIRECTION('center_axis',(2.77555756156289E-16,-1.,-1.50644830348693E-18));
#4662=DIRECTION('ref_axis',(1.,2.77555756156289E-16,3.74187059412907E-48));
#4663=DIRECTION('center_axis',(-0.594107515998159,0.,0.804385640992241));
#4664=DIRECTION('ref_axis',(-0.804385640992241,0.,-0.594107515998159));
#4665=DIRECTION('',(0.,-1.,0.));
#4666=DIRECTION('',(-0.804385640992241,0.,-0.594107515998159));
#4667=DIRECTION('',(0.,-1.,0.));
#4668=DIRECTION('center_axis',(0.,-1.,0.));
#4669=DIRECTION('ref_axis',(1.,0.,0.));
#4670=DIRECTION('center_axis',(0.,-1.,0.));
#4671=DIRECTION('ref_axis',(1.,0.,0.));
#4672=DIRECTION('',(0.,-1.,0.));
#4673=DIRECTION('center_axis',(0.4522207618178,0.,0.89190603909881));
#4674=DIRECTION('ref_axis',(-0.89190603909881,0.,0.4522207618178));
#4675=DIRECTION('',(-0.89190603909881,0.,0.4522207618178));
#4676=DIRECTION('',(0.,-1.,0.));
#4677=DIRECTION('center_axis',(0.,-1.,0.));
#4678=DIRECTION('ref_axis',(1.,0.,0.));
#4679=DIRECTION('center_axis',(0.,-1.,0.));
#4680=DIRECTION('ref_axis',(1.,0.,0.));
#4681=DIRECTION('',(0.,-1.,0.));
#4682=DIRECTION('center_axis',(-0.4522207618178,0.,-0.89190603909881));
#4683=DIRECTION('ref_axis',(0.89190603909881,0.,-0.4522207618178));
#4684=DIRECTION('',(0.89190603909881,0.,-0.4522207618178));
#4685=DIRECTION('',(0.,-1.,0.));
#4686=DIRECTION('center_axis',(0.594107515998159,0.,-0.804385640992241));
#4687=DIRECTION('ref_axis',(0.804385640992241,0.,0.594107515998159));
#4688=DIRECTION('',(0.804385640992241,0.,0.594107515998159));
#4689=DIRECTION('',(0.,-1.,0.));
#4690=DIRECTION('center_axis',(0.,-1.,0.));
#4691=DIRECTION('ref_axis',(-0.804385640992241,0.,-0.594107515998157));
#4692=DIRECTION('center_axis',(0.,-1.,0.));
#4693=DIRECTION('ref_axis',(1.,0.,0.));
#4694=DIRECTION('center_axis',(0.,-1.,0.));
#4695=DIRECTION('ref_axis',(1.,0.,0.));
#4696=DIRECTION('center_axis',(0.,-1.,0.));
#4697=DIRECTION('ref_axis',(1.,0.,3.74187059412907E-48));
#4698=DIRECTION('',(0.,1.,0.));
#4699=DIRECTION('center_axis',(2.77555756156289E-16,-1.,-1.50644830348693E-18));
#4700=DIRECTION('ref_axis',(1.,2.77555756156289E-16,3.74187059412907E-48));
#4701=DIRECTION('center_axis',(2.77555756156289E-16,-1.,-1.50644830348693E-18));
#4702=DIRECTION('ref_axis',(1.,2.77555756156289E-16,3.74187059412907E-48));
#4703=DIRECTION('axis',(0.,0.,1.));
#4704=DIRECTION('refdir',(1.,0.,0.));
#4705=DIRECTION('center_axis',(-1.11022302462515E-16,1.,3.93892449208997E-16));
#4706=DIRECTION('ref_axis',(-1.,-1.11022302462515E-16,-1.23325489280946E-17));
#4707=DIRECTION('center_axis',(-1.11022302462515E-16,1.,3.93892449208997E-16));
#4708=DIRECTION('ref_axis',(-1.,-1.11022302462515E-16,-1.23325489280946E-17));
#4709=DIRECTION('center_axis',(0.,1.,0.));
#4710=DIRECTION('ref_axis',(-1.,0.,0.));
#4711=DIRECTION('center_axis',(0.,1.,4.44089209850063E-16));
#4712=DIRECTION('ref_axis',(-1.,0.,-1.23325489280946E-17));
#4713=DIRECTION('center_axis',(-1.11022302462515E-16,1.,3.93892449208997E-16));
#4714=DIRECTION('ref_axis',(-1.,-1.11022302462515E-16,-1.23325489280946E-17));
#4715=DIRECTION('',(0.,-1.,-4.44089209850063E-16));
#4716=DIRECTION('center_axis',(-1.11022302462515E-16,1.,3.93892449208997E-16));
#4717=DIRECTION('ref_axis',(-1.,-1.11022302462515E-16,-1.23325489280946E-17));
#4718=DIRECTION('center_axis',(0.,1.,0.));
#4719=DIRECTION('ref_axis',(-1.,0.,0.));
#4720=DIRECTION('',(0.,-1.,0.));
#4721=DIRECTION('center_axis',(0.,-1.,0.));
#4722=DIRECTION('ref_axis',(-1.,0.,0.));
#4723=DIRECTION('center_axis',(0.,1.,0.));
#4724=DIRECTION('ref_axis',(-1.,0.,0.));
#4725=DIRECTION('center_axis',(0.,1.,0.));
#4726=DIRECTION('ref_axis',(-1.,0.,0.));
#4727=DIRECTION('',(0.,-1.,0.));
#4728=DIRECTION('center_axis',(0.,-1.,0.));
#4729=DIRECTION('ref_axis',(-1.,0.,0.));
#4730=DIRECTION('center_axis',(0.,1.,0.));
#4731=DIRECTION('ref_axis',(-1.,0.,0.));
#4732=DIRECTION('center_axis',(0.,1.,0.));
#4733=DIRECTION('ref_axis',(-1.,0.,0.));
#4734=DIRECTION('center_axis',(0.,1.,0.));
#4735=DIRECTION('ref_axis',(-1.,0.,0.));
#4736=DIRECTION('',(-0.984807753012208,0.,0.17364817766693));
#4737=DIRECTION('center_axis',(0.,1.,0.));
#4738=DIRECTION('ref_axis',(-1.,0.,0.));
#4739=DIRECTION('',(-0.866025403784439,0.,-0.5));
#4740=DIRECTION('center_axis',(0.,1.,0.));
#4741=DIRECTION('ref_axis',(-1.,0.,0.));
#4742=DIRECTION('',(-0.866025403784439,0.,-0.5));
#4743=DIRECTION('',(-0.984807753012208,0.,0.17364817766693));
#4744=DIRECTION('center_axis',(0.,1.,0.));
#4745=DIRECTION('ref_axis',(-1.,0.,0.));
#4746=DIRECTION('center_axis',(0.17364817766693,0.,0.984807753012208));
#4747=DIRECTION('ref_axis',(0.984807753012208,0.,-0.17364817766693));
#4748=DIRECTION('',(0.,1.,0.));
#4749=DIRECTION('',(0.984807753012208,0.,-0.17364817766693));
#4750=DIRECTION('',(0.,1.,0.));
#4751=DIRECTION('center_axis',(0.,1.,0.));
#4752=DIRECTION('ref_axis',(-1.,0.,0.));
#4753=DIRECTION('center_axis',(0.,1.,0.));
#4754=DIRECTION('ref_axis',(-1.,0.,0.));
#4755=DIRECTION('',(0.,1.,0.));
#4756=DIRECTION('center_axis',(-0.5,0.,0.866025403784439));
#4757=DIRECTION('ref_axis',(0.866025403784439,0.,0.5));
#4758=DIRECTION('',(0.866025403784439,0.,0.5));
#4759=DIRECTION('',(0.,1.,0.));
#4760=DIRECTION('center_axis',(0.,1.,0.));
#4761=DIRECTION('ref_axis',(-1.,0.,0.));
#4762=DIRECTION('center_axis',(0.,1.,0.));
#4763=DIRECTION('ref_axis',(-1.,0.,0.));
#4764=DIRECTION('',(0.,1.,0.));
#4765=DIRECTION('center_axis',(0.5,0.,-0.866025403784439));
#4766=DIRECTION('ref_axis',(-0.866025403784439,0.,-0.5));
#4767=DIRECTION('',(-0.866025403784439,0.,-0.5));
#4768=DIRECTION('',(0.,1.,0.));
#4769=DIRECTION('center_axis',(-0.17364817766693,0.,-0.984807753012208));
#4770=DIRECTION('ref_axis',(-0.984807753012208,0.,0.17364817766693));
#4771=DIRECTION('',(-0.984807753012208,0.,0.17364817766693));
#4772=DIRECTION('',(0.,1.,0.));
#4773=DIRECTION('center_axis',(0.,1.,0.));
#4774=DIRECTION('ref_axis',(0.984807753012208,0.,-0.17364817766693));
#4775=DIRECTION('center_axis',(0.,1.,0.));
#4776=DIRECTION('ref_axis',(-1.,0.,0.));
#4777=DIRECTION('center_axis',(0.,1.,0.));
#4778=DIRECTION('ref_axis',(-1.,0.,0.));
#4779=DIRECTION('center_axis',(0.,1.,0.));
#4780=DIRECTION('ref_axis',(-1.,0.,0.));
#4781=DIRECTION('',(0.,-1.,0.));
#4782=DIRECTION('center_axis',(0.,1.,0.));
#4783=DIRECTION('ref_axis',(-1.,0.,0.));
#4784=DIRECTION('center_axis',(0.,1.,0.));
#4785=DIRECTION('ref_axis',(-1.,0.,0.));
#4786=DIRECTION('axis',(0.,0.,1.));
#4787=DIRECTION('refdir',(1.,0.,0.));
#4788=DIRECTION('center_axis',(3.33066907387547E-16,1.,9.23559925584113E-17));
#4789=DIRECTION('ref_axis',(-1.,3.33066907387547E-16,-4.70415676395147E-17));
#4790=DIRECTION('center_axis',(3.33066907387547E-16,1.,9.23559925584113E-17));
#4791=DIRECTION('ref_axis',(-1.,3.33066907387547E-16,-4.70415676395147E-17));
#4792=DIRECTION('center_axis',(0.,1.,0.));
#4793=DIRECTION('ref_axis',(-1.,0.,0.));
#4794=DIRECTION('center_axis',(0.,1.,0.));
#4795=DIRECTION('ref_axis',(-1.,0.,-4.70415676395147E-17));
#4796=DIRECTION('center_axis',(3.33066907387547E-16,1.,9.23559925584113E-17));
#4797=DIRECTION('ref_axis',(-1.,3.33066907387547E-16,-4.70415676395147E-17));
#4798=DIRECTION('',(0.,-1.,0.));
#4799=DIRECTION('center_axis',(3.33066907387547E-16,1.,9.23559925584113E-17));
#4800=DIRECTION('ref_axis',(-1.,3.33066907387547E-16,-4.70415676395147E-17));
#4801=DIRECTION('center_axis',(3.33066907387547E-16,1.,9.23559925584113E-17));
#4802=DIRECTION('ref_axis',(-1.,3.33066907387547E-16,-4.70415676395147E-17));
#4803=DIRECTION('center_axis',(3.33066907387547E-16,1.,9.23559925584113E-17));
#4804=DIRECTION('ref_axis',(-1.,3.33066907387547E-16,-4.70415676395147E-17));
#4805=DIRECTION('center_axis',(0.,1.,0.));
#4806=DIRECTION('ref_axis',(-1.,0.,0.));
#4807=DIRECTION('center_axis',(4.44089209850063E-16,1.,0.));
#4808=DIRECTION('ref_axis',(-1.,4.44089209850063E-16,-4.70415676395147E-17));
#4809=DIRECTION('center_axis',(3.33066907387547E-16,1.,9.23559925584113E-17));
#4810=DIRECTION('ref_axis',(-1.,3.33066907387547E-16,-4.70415676395147E-17));
#4811=DIRECTION('',(-4.44089209850063E-16,-1.,0.));
#4812=DIRECTION('center_axis',(3.33066907387547E-16,1.,9.23559925584113E-17));
#4813=DIRECTION('ref_axis',(-1.,3.33066907387547E-16,-4.70415676395147E-17));
#4814=DIRECTION('center_axis',(0.,1.,0.));
#4815=DIRECTION('ref_axis',(-1.,0.,0.));
#4816=DIRECTION('',(0.,-1.,0.));
#4817=DIRECTION('center_axis',(0.,-1.,0.));
#4818=DIRECTION('ref_axis',(-1.,0.,0.));
#4819=DIRECTION('center_axis',(0.,1.,0.));
#4820=DIRECTION('ref_axis',(-1.,0.,0.));
#4821=DIRECTION('',(0.,-1.,0.));
#4822=DIRECTION('center_axis',(0.,-1.,0.));
#4823=DIRECTION('ref_axis',(-1.,0.,0.));
#4824=DIRECTION('center_axis',(0.,1.,0.));
#4825=DIRECTION('ref_axis',(-1.,0.,0.));
#4826=DIRECTION('center_axis',(0.,1.,0.));
#4827=DIRECTION('ref_axis',(-1.,0.,0.));
#4828=DIRECTION('',(-0.891917023235367,0.,0.452199097370795));
#4829=DIRECTION('center_axis',(0.,1.,0.));
#4830=DIRECTION('ref_axis',(-1.,0.,0.));
#4831=DIRECTION('',(-0.803782597280064,0.,-0.594923134791138));
#4832=DIRECTION('center_axis',(0.,1.,0.));
#4833=DIRECTION('ref_axis',(-1.,0.,0.));
#4834=DIRECTION('',(-0.803782597280064,0.,-0.594923134791138));
#4835=DIRECTION('',(-0.891917023235367,0.,0.452199097370795));
#4836=DIRECTION('center_axis',(-1.11022302462515E-16,1.,3.93892449208997E-16));
#4837=DIRECTION('ref_axis',(-1.,-1.11022302462515E-16,-1.23259516440783E-32));
#4838=DIRECTION('center_axis',(0.452199097370795,0.,0.891917023235367));
#4839=DIRECTION('ref_axis',(0.891917023235367,0.,-0.452199097370795));
#4840=DIRECTION('',(0.,1.,0.));
#4841=DIRECTION('',(0.891917023235367,0.,-0.452199097370795));
#4842=DIRECTION('',(0.,1.,0.));
#4843=DIRECTION('center_axis',(0.,1.,0.));
#4844=DIRECTION('ref_axis',(-1.,0.,0.));
#4845=DIRECTION('center_axis',(0.,1.,0.));
#4846=DIRECTION('ref_axis',(-1.,0.,0.));
#4847=DIRECTION('',(0.,1.,0.));
#4848=DIRECTION('center_axis',(-0.594923134791138,0.,0.803782597280064));
#4849=DIRECTION('ref_axis',(0.803782597280064,0.,0.594923134791138));
#4850=DIRECTION('',(0.803782597280064,0.,0.594923134791138));
#4851=DIRECTION('',(0.,1.,0.));
#4852=DIRECTION('center_axis',(0.,1.,0.));
#4853=DIRECTION('ref_axis',(-1.,0.,0.));
#4854=DIRECTION('center_axis',(0.,1.,0.));
#4855=DIRECTION('ref_axis',(-1.,0.,0.));
#4856=DIRECTION('',(0.,1.,0.));
#4857=DIRECTION('center_axis',(0.594923134791138,0.,-0.803782597280064));
#4858=DIRECTION('ref_axis',(-0.803782597280064,0.,-0.594923134791138));
#4859=DIRECTION('',(-0.803782597280064,0.,-0.594923134791138));
#4860=DIRECTION('',(0.,1.,0.));
#4861=DIRECTION('center_axis',(-0.452199097370795,0.,-0.891917023235367));
#4862=DIRECTION('ref_axis',(-0.891917023235367,0.,0.452199097370795));
#4863=DIRECTION('',(-0.891917023235367,0.,0.452199097370795));
#4864=DIRECTION('',(0.,1.,0.));
#4865=DIRECTION('center_axis',(0.,1.,0.));
#4866=DIRECTION('ref_axis',(0.891917023235366,0.,-0.452199097370796));
#4867=DIRECTION('center_axis',(0.,1.,0.));
#4868=DIRECTION('ref_axis',(-1.,0.,0.));
#4869=DIRECTION('center_axis',(0.,1.,0.));
#4870=DIRECTION('ref_axis',(-1.,0.,0.));
#4871=DIRECTION('center_axis',(0.,1.,5.5511151231258E-16));
#4872=DIRECTION('ref_axis',(-1.,0.,4.93038065763133E-32));
#4873=DIRECTION('',(0.,-1.,-5.5511151231258E-16));
#4874=DIRECTION('center_axis',(-1.11022302462515E-16,1.,3.93892449208997E-16));
#4875=DIRECTION('ref_axis',(-1.,-1.11022302462515E-16,-1.23259516440783E-32));
#4876=DIRECTION('center_axis',(-1.11022302462515E-16,1.,3.93892449208997E-16));
#4877=DIRECTION('ref_axis',(-1.,-1.11022302462515E-16,-1.23259516440783E-32));
#4878=DIRECTION('axis',(0.,0.,1.));
#4879=DIRECTION('refdir',(1.,0.,0.));
#4880=DIRECTION('center_axis',(0.,-1.,0.));
#4881=DIRECTION('ref_axis',(0.,0.,-1.));
#4882=DIRECTION('center_axis',(0.,-1.,0.));
#4883=DIRECTION('ref_axis',(0.707106781186547,0.,-0.707106781186547));
#4884=DIRECTION('',(1.,0.,0.));
#4885=DIRECTION('',(0.,0.,1.));
#4886=DIRECTION('',(1.,0.,0.));
#4887=DIRECTION('',(0.,0.,1.));
#4888=DIRECTION('center_axis',(0.,0.,-1.));
#4889=DIRECTION('ref_axis',(1.,0.,0.));
#4890=DIRECTION('',(0.,1.,0.));
#4891=DIRECTION('',(0.,1.,0.));
#4892=DIRECTION('',(1.,0.,0.));
#4893=DIRECTION('',(0.,1.,0.));
#4894=DIRECTION('',(-1.,0.,0.));
#4895=DIRECTION('',(0.,1.,0.));
#4896=DIRECTION('',(-1.,0.,0.));
#4897=DIRECTION('center_axis',(0.,-1.,0.));
#4898=DIRECTION('ref_axis',(1.,0.,0.));
#4899=DIRECTION('center_axis',(0.,1.,0.));
#4900=DIRECTION('ref_axis',(0.707106781186547,0.,-0.707106781186547));
#4901=DIRECTION('',(0.,0.,-1.));
#4902=DIRECTION('',(-1.,0.,0.));
#4903=DIRECTION('',(0.,0.,-1.));
#4904=DIRECTION('center_axis',(1.,0.,0.));
#4905=DIRECTION('ref_axis',(0.,0.,1.));
#4906=DIRECTION('',(0.,-1.,0.));
#4907=DIRECTION('',(0.,0.,-1.));
#4908=DIRECTION('',(0.,-1.,0.));
#4909=DIRECTION('center_axis',(0.,1.,0.));
#4910=DIRECTION('ref_axis',(0.707106781186547,0.,-0.707106781186547));
#4911=DIRECTION('',(0.,-1.,0.));
#4912=DIRECTION('center_axis',(0.,-1.,0.));
#4913=DIRECTION('ref_axis',(0.707106781186547,0.,-0.707106781186547));
#4914=DIRECTION('center_axis',(0.,-1.,0.));
#4915=DIRECTION('ref_axis',(0.707106781186547,0.,-0.707106781186547));
#4916=DIRECTION('center_axis',(0.,1.,0.));
#4917=DIRECTION('ref_axis',(0.707106781186547,0.,-0.707106781186547));
#4918=DIRECTION('center_axis',(1.,0.,0.));
#4919=DIRECTION('ref_axis',(0.,0.,-1.));
#4920=DIRECTION('',(0.,-1.,0.));
#4921=DIRECTION('',(0.,0.,1.));
#4922=DIRECTION('center_axis',(1.,0.,0.));
#4923=DIRECTION('ref_axis',(0.,0.,-1.));
#4924=DIRECTION('',(0.,-1.,0.));
#4925=DIRECTION('center_axis',(0.,1.,0.));
#4926=DIRECTION('ref_axis',(0.,0.,1.));
#4927=DIRECTION('',(1.,0.,0.));
#4928=DIRECTION('',(0.,0.,1.));
#4929=DIRECTION('center_axis',(-1.,0.,0.));
#4930=DIRECTION('ref_axis',(0.,0.,1.));
#4931=DIRECTION('',(0.,1.,0.));
#4932=DIRECTION('',(0.,0.,1.));
#4933=DIRECTION('center_axis',(0.,-1.,0.));
#4934=DIRECTION('ref_axis',(0.,0.,-1.));
#4935=DIRECTION('',(-1.,0.,0.));
#4936=DIRECTION('center_axis',(0.,1.,0.));
#4937=DIRECTION('ref_axis',(0.707106781186547,0.,-0.707106781186547));
#4938=DIRECTION('center_axis',(0.,-1.,0.));
#4939=DIRECTION('ref_axis',(0.707106781186547,0.,-0.707106781186547));
#4940=DIRECTION('',(0.,-1.,0.));
#4941=DIRECTION('center_axis',(0.,1.,0.));
#4942=DIRECTION('ref_axis',(0.707106781186547,0.,-0.707106781186547));
#4943=DIRECTION('',(0.,1.,0.));
#4944=DIRECTION('center_axis',(0.,0.,-1.));
#4945=DIRECTION('ref_axis',(1.,0.,0.));
#4946=DIRECTION('',(1.,0.,0.));
#4947=DIRECTION('',(0.,1.,0.));
#4948=DIRECTION('',(-1.,0.,0.));
#4949=DIRECTION('',(0.,1.,0.));
#4950=DIRECTION('',(-1.,0.,0.));
#4951=DIRECTION('',(0.,1.,0.));
#4952=DIRECTION('',(1.,0.,0.));
#4953=DIRECTION('center_axis',(0.,-1.,0.));
#4954=DIRECTION('ref_axis',(0.,0.,-1.));
#4955=DIRECTION('',(0.,0.,-1.));
#4956=DIRECTION('',(1.,0.,0.));
#4957=DIRECTION('',(0.,0.,1.));
#4958=DIRECTION('center_axis',(0.,-1.,0.));
#4959=DIRECTION('ref_axis',(0.707106781186547,0.,-0.707106781186547));
#4960=DIRECTION('center_axis',(0.,1.,0.));
#4961=DIRECTION('ref_axis',(0.707106781186547,0.,-0.707106781186547));
#4962=DIRECTION('center_axis',(0.,-1.,0.));
#4963=DIRECTION('ref_axis',(0.707106781186547,0.,-0.707106781186547));
#4964=DIRECTION('',(0.,-1.,0.));
#4965=DIRECTION('center_axis',(1.,0.,0.));
#4966=DIRECTION('ref_axis',(0.,0.,1.));
#4967=DIRECTION('',(0.,0.,-1.));
#4968=DIRECTION('',(0.,-1.,0.));
#4969=DIRECTION('',(0.,0.,1.));
#4970=DIRECTION('center_axis',(0.,-1.,0.));
#4971=DIRECTION('ref_axis',(1.,0.,0.));
#4972=DIRECTION('',(0.,0.,1.));
#4973=DIRECTION('',(1.,0.,0.));
#4974=DIRECTION('center_axis',(0.,-1.,0.));
#4975=DIRECTION('ref_axis',(1.,0.,0.));
#4976=DIRECTION('center_axis',(1.,0.,0.));
#4977=DIRECTION('ref_axis',(0.,0.,-1.));
#4978=DIRECTION('',(0.,0.,1.));
#4979=DIRECTION('',(0.,-1.,0.));
#4980=DIRECTION('center_axis',(1.,0.,0.));
#4981=DIRECTION('ref_axis',(0.,0.,-1.));
#4982=DIRECTION('',(0.,1.,0.));
#4983=DIRECTION('center_axis',(0.,1.,0.));
#4984=DIRECTION('ref_axis',(0.,0.,1.));
#4985=DIRECTION('',(0.,0.,1.));
#4986=DIRECTION('',(1.,0.,0.));
#4987=DIRECTION('center_axis',(-1.,0.,0.));
#4988=DIRECTION('ref_axis',(0.,0.,1.));
#4989=DIRECTION('',(0.,0.,1.));
#4990=DIRECTION('',(0.,1.,0.));
#4991=DIRECTION('center_axis',(0.,0.,1.));
#4992=DIRECTION('ref_axis',(-1.,0.,0.));
#4993=DIRECTION('',(-1.,0.,0.));
#4994=DIRECTION('center_axis',(0.,-1.,0.));
#4995=DIRECTION('ref_axis',(0.,0.,-1.));
#4996=DIRECTION('center_axis',(0.,-1.,0.));
#4997=DIRECTION('ref_axis',(1.,0.,0.));
#4998=DIRECTION('',(0.,1.,0.));
#4999=DIRECTION('center_axis',(0.,-1.,0.));
#5000=DIRECTION('ref_axis',(1.,0.,0.));
#5001=DIRECTION('center_axis',(0.,-1.,0.));
#5002=DIRECTION('ref_axis',(1.,0.,0.));
#5003=DIRECTION('',(0.,0.,1.));
#5004=DIRECTION('',(1.,0.,0.));
#5005=DIRECTION('',(0.,0.,1.));
#5006=DIRECTION('',(1.,0.,0.));
#5007=DIRECTION('',(0.,0.,1.));
#5008=DIRECTION('',(1.,0.,0.));
#5009=DIRECTION('',(0.,0.,1.));
#5010=DIRECTION('',(1.,0.,0.));
#5011=DIRECTION('',(0.,0.,1.));
#5012=DIRECTION('',(1.,0.,0.));
#5013=DIRECTION('',(0.,0.,1.));
#5014=DIRECTION('',(1.,0.,0.));
#5015=DIRECTION('',(0.,0.,1.));
#5016=DIRECTION('',(1.,0.,0.));
#5017=DIRECTION('',(0.,0.,1.));
#5018=DIRECTION('',(1.,0.,0.));
#5019=DIRECTION('',(0.,0.,1.));
#5020=DIRECTION('',(1.,0.,0.));
#5021=DIRECTION('',(0.,0.,1.));
#5022=DIRECTION('',(1.,0.,0.));
#5023=DIRECTION('',(0.,0.,1.));
#5024=DIRECTION('',(1.,0.,0.));
#5025=DIRECTION('',(-2.77555756156289E-17,0.,0.999999999999999));
#5026=DIRECTION('',(1.,0.,2.77555756156289E-17));
#5027=DIRECTION('',(0.,0.,1.));
#5028=DIRECTION('',(1.,0.,0.));
#5029=DIRECTION('',(0.,0.,1.));
#5030=DIRECTION('',(1.,0.,0.));
#5031=DIRECTION('',(0.,0.,1.));
#5032=DIRECTION('',(1.,0.,0.));
#5033=CARTESIAN_POINT('',(0.,0.,0.));
#5034=CARTESIAN_POINT('',(0.,0.,0.));
#5035=CARTESIAN_POINT('Origin',(90.,20.,70.));
#5036=CARTESIAN_POINT('',(97.5,25.,70.));
#5037=CARTESIAN_POINT('Origin',(90.,25.,70.));
#5038=CARTESIAN_POINT('',(97.5,20.,70.));
#5039=CARTESIAN_POINT('',(97.5,20.,70.));
#5040=CARTESIAN_POINT('Origin',(90.,20.,70.));
#5041=CARTESIAN_POINT('Origin',(90.,25.,70.));
#5042=CARTESIAN_POINT('Origin',(0.,-50.,50.));
#5043=CARTESIAN_POINT('',(10.,-50.,51.));
#5044=CARTESIAN_POINT('Origin',(0.,-50.,51.));
#5045=CARTESIAN_POINT('',(10.,-50.,50.));
#5046=CARTESIAN_POINT('',(10.,-50.,50.));
#5047=CARTESIAN_POINT('Origin',(0.,-50.,50.));
#5048=CARTESIAN_POINT('Origin',(0.,-50.,51.));
#5049=CARTESIAN_POINT('Origin',(0.,50.,50.));
#5050=CARTESIAN_POINT('',(10.,50.,51.));
#5051=CARTESIAN_POINT('Origin',(0.,50.,51.));
#5052=CARTESIAN_POINT('',(10.,50.,50.));
#5053=CARTESIAN_POINT('',(10.,50.,50.));
#5054=CARTESIAN_POINT('Origin',(0.,50.,50.));
#5055=CARTESIAN_POINT('Origin',(0.,50.,51.));
#5056=CARTESIAN_POINT('Origin',(90.,-20.,70.));
#5057=CARTESIAN_POINT('',(82.5,-23.,70.));
#5058=CARTESIAN_POINT('Origin',(90.,-23.,70.));
#5059=CARTESIAN_POINT('',(82.5,-20.,70.));
#5060=CARTESIAN_POINT('',(82.5,-20.,70.));
#5061=CARTESIAN_POINT('Origin',(90.,-20.,70.));
#5062=CARTESIAN_POINT('Origin',(90.,-23.,70.));
#5063=CARTESIAN_POINT('Origin',(100.,20.,50.));
#5064=CARTESIAN_POINT('',(100.,20.,70.));
#5065=CARTESIAN_POINT('',(80.,20.,70.));
#5066=CARTESIAN_POINT('Origin',(90.,20.,70.));
#5067=CARTESIAN_POINT('',(100.,20.,50.));
#5068=CARTESIAN_POINT('',(100.,20.,50.));
#5069=CARTESIAN_POINT('',(80.,20.,50.));
#5070=CARTESIAN_POINT('',(50.,20.,50.));
#5071=CARTESIAN_POINT('',(80.,20.,50.));
#5072=CARTESIAN_POINT('Origin',(90.,-50.,70.));
#5073=CARTESIAN_POINT('',(80.,-20.,70.));
#5074=CARTESIAN_POINT('',(80.,10.,70.));
#5075=CARTESIAN_POINT('',(100.,-20.,70.));
#5076=CARTESIAN_POINT('Origin',(90.,-20.,70.));
#5077=CARTESIAN_POINT('',(100.,-50.,70.));
#5078=CARTESIAN_POINT('Origin',(80.,-20.,50.));
#5079=CARTESIAN_POINT('',(80.,-20.,50.));
#5080=CARTESIAN_POINT('',(80.,-20.,50.));
#5081=CARTESIAN_POINT('',(100.,-20.,50.));
#5082=CARTESIAN_POINT('',(40.,-20.,50.));
#5083=CARTESIAN_POINT('',(100.,-20.,50.));
#5084=CARTESIAN_POINT('Origin',(80.,20.,50.));
#5085=CARTESIAN_POINT('',(80.,10.,50.));
#5086=CARTESIAN_POINT('Origin',(-60.,60.,50.));
#5087=CARTESIAN_POINT('',(-35.,60.,55.));
#5088=CARTESIAN_POINT('Origin',(-60.,60.,55.));
#5089=CARTESIAN_POINT('',(-35.,60.,50.));
#5090=CARTESIAN_POINT('',(-35.,60.,50.));
#5091=CARTESIAN_POINT('Origin',(-60.,60.,50.));
#5092=CARTESIAN_POINT('Origin',(-60.,60.,55.));
#5093=CARTESIAN_POINT('Origin',(-59.8435607626104,-55.4709493302571,118.7));
#5094=CARTESIAN_POINT('',(-64.8435607626104,-65.4709493302571,118.7));
#5095=CARTESIAN_POINT('Origin',(-59.8435607626104,-65.4709493302571,118.7));
#5096=CARTESIAN_POINT('',(-64.8435607626104,-55.4709493302571,118.7));
#5097=CARTESIAN_POINT('',(-64.8435607626104,-55.4709493302571,118.7));
#5098=CARTESIAN_POINT('Origin',(-59.8435607626104,-55.4709493302571,118.7));
#5099=CARTESIAN_POINT('Origin',(-59.8435607626104,-65.4709493302571,118.7));
#5100=CARTESIAN_POINT('Origin',(-59.8435607626104,-52.9709493302571,118.7));
#5101=CARTESIAN_POINT('',(-48.5435607626104,-45.4709493302571,118.7));
#5102=CARTESIAN_POINT('',(-59.8435607626104,-45.4709493302571,130.));
#5103=CARTESIAN_POINT('Origin',(-59.8435607626104,-45.4709493302571,118.7));
#5104=CARTESIAN_POINT('',(-59.8435607626104,-55.4709493302571,130.));
#5105=CARTESIAN_POINT('',(-59.8435607626104,-52.9709493302571,130.));
#5106=CARTESIAN_POINT('',(-48.5435607626104,-55.4709493302571,118.7));
#5107=CARTESIAN_POINT('Origin',(-59.8435607626104,-55.4709493302571,118.7));
#5108=CARTESIAN_POINT('',(-48.5435607626104,-52.9709493302571,118.7));
#5109=CARTESIAN_POINT('Origin',(-71.4564392373896,-55.4709493302571,110.));
#5110=CARTESIAN_POINT('',(-60.1564392373896,-55.4709493302571,130.));
#5111=CARTESIAN_POINT('',(-71.4564392373896,-55.4709493302571,130.));
#5112=CARTESIAN_POINT('',(-71.4564392373896,-55.4709493302571,118.7));
#5113=CARTESIAN_POINT('Origin',(-60.1564392373896,-55.4709493302571,118.7));
#5114=CARTESIAN_POINT('',(-71.4564392373896,-55.4709493302571,110.));
#5115=CARTESIAN_POINT('',(-71.4564392373896,-55.4709493302571,110.));
#5116=CARTESIAN_POINT('',(-48.5435607626104,-55.4709493302571,110.));
#5117=CARTESIAN_POINT('',(-65.7282196186948,-55.4709493302571,110.));
#5118=CARTESIAN_POINT('',(-48.5435607626104,-55.4709493302571,110.));
#5119=CARTESIAN_POINT('Origin',(-60.,-50.4709493302571,130.));
#5120=CARTESIAN_POINT('',(-60.1564392373896,-45.4709493302571,130.));
#5121=CARTESIAN_POINT('',(-48.5435607626104,-45.4709493302571,130.));
#5122=CARTESIAN_POINT('',(-60.1564392373896,-47.9709493302571,130.));
#5123=CARTESIAN_POINT('Origin',(-60.1564392373896,-47.9709493302571,118.7));
#5124=CARTESIAN_POINT('',(-71.4564392373896,-45.4709493302571,118.7));
#5125=CARTESIAN_POINT('Origin',(-60.1564392373896,-45.4709493302571,118.7));
#5126=CARTESIAN_POINT('',(-71.4564392373896,-47.9709493302571,118.7));
#5127=CARTESIAN_POINT('Origin',(-48.5435607626104,-45.4709493302571,110.));
#5128=CARTESIAN_POINT('',(-48.5435607626104,-45.4709493302571,110.));
#5129=CARTESIAN_POINT('',(-48.5435607626104,-45.4709493302571,110.));
#5130=CARTESIAN_POINT('',(-71.4564392373896,-45.4709493302571,110.));
#5131=CARTESIAN_POINT('',(-54.2717803813052,-45.4709493302571,110.));
#5132=CARTESIAN_POINT('',(-71.4564392373896,-45.4709493302571,110.));
#5133=CARTESIAN_POINT('Origin',(-48.5435607626104,-55.4709493302571,110.));
#5134=CARTESIAN_POINT('',(-48.5435607626104,-52.9709493302571,110.));
#5135=CARTESIAN_POINT('Origin',(-71.4564392373896,-45.4709493302571,110.));
#5136=CARTESIAN_POINT('',(-71.4564392373896,-47.9709493302571,110.));
#5137=CARTESIAN_POINT('Origin',(-60.,-50.4709493302571,110.));
#5138=CARTESIAN_POINT('Origin',(-60.,-50.4709493302571,110.));
#5139=CARTESIAN_POINT('Origin',(-60.,-50.4709493302571,110.));
#5140=CARTESIAN_POINT('',(-47.5,-50.4709493302571,110.));
#5141=CARTESIAN_POINT('Origin',(-60.,-50.4709493302571,110.));
#5142=CARTESIAN_POINT('Origin',(-60.,-50.4709493302571,110.));
#5143=CARTESIAN_POINT('Origin',(-60.,-50.4709493302571,110.));
#5144=CARTESIAN_POINT('Origin',(-60.,-50.4709493302571,110.));
#5145=CARTESIAN_POINT('Origin',(-60.,-50.4709493302571,110.));
#5146=CARTESIAN_POINT('Origin',(-60.,-50.4709493302571,110.));
#5147=CARTESIAN_POINT('Origin',(-60.,-50.4709493302571,50.));
#5148=CARTESIAN_POINT('',(-47.5,-50.4709493302571,50.));
#5149=CARTESIAN_POINT('',(-47.5,-50.4709493302571,50.));
#5150=CARTESIAN_POINT('Origin',(-60.,-50.4709493302571,50.));
#5151=CARTESIAN_POINT('Origin',(-100.,-100.,0.));
#5152=CARTESIAN_POINT('',(-100.,-100.,0.));
#5153=CARTESIAN_POINT('',(100.,-100.,0.));
#5154=CARTESIAN_POINT('',(-100.,-100.,0.));
#5155=CARTESIAN_POINT('',(100.,-100.,50.));
#5156=CARTESIAN_POINT('',(100.,-100.,0.));
#5157=CARTESIAN_POINT('',(-100.,-100.,50.));
#5158=CARTESIAN_POINT('',(-100.,-100.,50.));
#5159=CARTESIAN_POINT('',(-100.,-100.,0.));
#5160=CARTESIAN_POINT('Origin',(-100.,100.,0.));
#5161=CARTESIAN_POINT('',(-100.,100.,0.));
#5162=CARTESIAN_POINT('',(-100.,100.,0.));
#5163=CARTESIAN_POINT('',(-100.,100.,50.));
#5164=CARTESIAN_POINT('',(-100.,100.,50.));
#5165=CARTESIAN_POINT('',(-100.,100.,0.));
#5166=CARTESIAN_POINT('Origin',(100.,100.,0.));
#5167=CARTESIAN_POINT('',(100.,100.,0.));
#5168=CARTESIAN_POINT('',(100.,100.,0.));
#5169=CARTESIAN_POINT('',(100.,100.,50.));
#5170=CARTESIAN_POINT('',(100.,100.,50.));
#5171=CARTESIAN_POINT('',(100.,100.,0.));
#5172=CARTESIAN_POINT('Origin',(100.,-100.,0.));
#5173=CARTESIAN_POINT('',(100.,-100.,50.));
#5174=CARTESIAN_POINT('',(100.,-100.,0.));
#5175=CARTESIAN_POINT('',(100.,-100.,50.));
#5176=CARTESIAN_POINT('Origin',(0.,0.,50.));
#5177=CARTESIAN_POINT('Origin',(0.,0.,0.));
#5178=CARTESIAN_POINT('Origin',(-40.,103.,20.));
#5179=CARTESIAN_POINT('',(-47.5,103.,20.));
#5180=CARTESIAN_POINT('Origin',(-40.,103.,20.));
#5181=CARTESIAN_POINT('Origin',(-40.,-100.,20.));
#5182=CARTESIAN_POINT('',(-47.5,-103.,20.));
#5183=CARTESIAN_POINT('Origin',(-40.,-103.,20.));
#5184=CARTESIAN_POINT('',(-47.5,-100.,20.));
#5185=CARTESIAN_POINT('Origin',(-40.,-103.,20.));
#5186=CARTESIAN_POINT('',(0.,0.,0.));
#5187=CARTESIAN_POINT('Origin',(-60.,-82.5,118.));
#5188=CARTESIAN_POINT('',(-70.,-82.5,140.));
#5189=CARTESIAN_POINT('Origin',(-60.,-82.5,140.));
#5190=CARTESIAN_POINT('',(-70.,-82.5,132.951201423642));
#5191=CARTESIAN_POINT('',(-70.,-82.5,118.));
#5192=CARTESIAN_POINT('Ctrl Pts',(-70.,-82.5,132.951201423642));
#5193=CARTESIAN_POINT('Ctrl Pts',(-70.,-81.852469488987,132.951201423642));
#5194=CARTESIAN_POINT('Ctrl Pts',(-69.9361542992282,-81.1902606404573,132.997369069338));
#5195=CARTESIAN_POINT('Ctrl Pts',(-69.6750937882708,-79.8855899675638,133.178127116312));
#5196=CARTESIAN_POINT('Ctrl Pts',(-69.4780091213688,-79.2430470551489,133.312319951207));
#5197=CARTESIAN_POINT('Ctrl Pts',(-68.7077461997213,-77.4071778032364,133.801195549206));
#5198=CARTESIAN_POINT('Ctrl Pts',(-67.9464664767265,-76.3052884230052,134.240555922846));
#5199=CARTESIAN_POINT('Ctrl Pts',(-66.2064791236119,-74.5633935338904,135.030119394));
#5200=CARTESIAN_POINT('Ctrl Pts',(-65.1024422166802,-73.7970776919846,135.438816684707));
#5201=CARTESIAN_POINT('Ctrl Pts',(-62.6453857293828,-72.7646153868741,136.020323233926));
#5202=CARTESIAN_POINT('Ctrl Pts',(-61.2904558744612,-72.5,136.187764407906));
#5203=CARTESIAN_POINT('Ctrl Pts',(-58.7153028237457,-72.5,136.210785612305));
#5204=CARTESIAN_POINT('Ctrl Pts',(-57.3631182514058,-72.7624916139283,136.068816747096));
#5205=CARTESIAN_POINT('Ctrl Pts',(-54.907498455683,-73.791461820174,135.536379587417));
#5206=CARTESIAN_POINT('Ctrl Pts',(-53.80227504246,-74.5565084235686,135.151407725958));
#5207=CARTESIAN_POINT('Ctrl Pts',(-52.0572895660333,-76.2996535791173,134.401332578161));
#5208=CARTESIAN_POINT('Ctrl Pts',(-51.2935898162479,-77.4043349634404,133.98102379614));
#5209=CARTESIAN_POINT('Ctrl Pts',(-50.5218992167096,-79.2430949886562,133.51374582378));
#5210=CARTESIAN_POINT('Ctrl Pts',(-50.3246887021905,-79.8863426462587,133.385555723979));
#5211=CARTESIAN_POINT('Ctrl Pts',(-50.0636761843021,-81.191442650969,133.213039999089));
#5212=CARTESIAN_POINT('Ctrl Pts',(-50.,-81.8533686239,133.169081225593));
#5213=CARTESIAN_POINT('Ctrl Pts',(-50.,-83.1466313761,133.169081225593));
#5214=CARTESIAN_POINT('Ctrl Pts',(-50.0636761843021,-83.808557349031,133.213039999089));
#5215=CARTESIAN_POINT('Ctrl Pts',(-50.3246887021905,-85.1136573537413,133.385555723979));
#5216=CARTESIAN_POINT('Ctrl Pts',(-50.5218992167096,-85.7569050113438,133.51374582378));
#5217=CARTESIAN_POINT('Ctrl Pts',(-51.2935898162479,-87.5956650365596,133.98102379614));
#5218=CARTESIAN_POINT('Ctrl Pts',(-52.0572895660333,-88.7003464208827,134.401332578161));
#5219=CARTESIAN_POINT('Ctrl Pts',(-53.80227504246,-90.4434915764314,135.151407725958));
#5220=CARTESIAN_POINT('Ctrl Pts',(-54.9074984556829,-91.208538179826,135.536379587417));
#5221=CARTESIAN_POINT('Ctrl Pts',(-57.3631182514057,-92.2375083860717,136.068816747096));
#5222=CARTESIAN_POINT('Ctrl Pts',(-58.7153028237457,-92.5,136.210785612305));
#5223=CARTESIAN_POINT('Ctrl Pts',(-61.2904558744612,-92.5,136.187764407906));
#5224=CARTESIAN_POINT('Ctrl Pts',(-62.6453857293828,-92.2353846131259,136.020323233926));
#5225=CARTESIAN_POINT('Ctrl Pts',(-65.1024422166802,-91.2029223080155,135.438816684707));
#5226=CARTESIAN_POINT('Ctrl Pts',(-66.2064791236119,-90.4366064661096,135.030119394));
#5227=CARTESIAN_POINT('Ctrl Pts',(-67.9464664767265,-88.6947115769948,134.240555922846));
#5228=CARTESIAN_POINT('Ctrl Pts',(-68.7077461997213,-87.5928221967637,133.801195549206));
#5229=CARTESIAN_POINT('Ctrl Pts',(-69.4780091213688,-85.7569529448511,133.312319951207));
#5230=CARTESIAN_POINT('Ctrl Pts',(-69.6750937882708,-85.1144100324362,133.178127116312));
#5231=CARTESIAN_POINT('Ctrl Pts',(-69.9361542992282,-83.8097393595427,132.997369069338));
#5232=CARTESIAN_POINT('Ctrl Pts',(-70.,-83.147530511013,132.951201423642));
#5233=CARTESIAN_POINT('Ctrl Pts',(-70.,-82.5,132.951201423642));
#5234=CARTESIAN_POINT('Origin',(-60.,-82.5,140.));
#5235=CARTESIAN_POINT('Origin',(-59.8435607626104,-65.4709493302571,118.7));
#5236=CARTESIAN_POINT('',(-77.3435607626104,-100.470949330257,118.7));
#5237=CARTESIAN_POINT('Origin',(-59.8435607626104,-100.470949330257,118.7));
#5238=CARTESIAN_POINT('',(-77.3435607626104,-65.4709493302571,118.7));
#5239=CARTESIAN_POINT('',(-77.3435607626104,-65.4709493302571,118.7));
#5240=CARTESIAN_POINT('Origin',(-59.8435607626104,-65.4709493302571,118.7));
#5241=CARTESIAN_POINT('Origin',(-59.8435607626104,-100.470949330257,118.7));
#5242=CARTESIAN_POINT('Origin',(-59.8435607626104,-65.4709493302571,118.7));
#5243=CARTESIAN_POINT('',(0.,0.,0.));
#5244=CARTESIAN_POINT('Origin',(-75.,-82.5,155.));
#5245=CARTESIAN_POINT('',(-78.,-72.5,155.));
#5246=CARTESIAN_POINT('Origin',(-78.,-82.5,155.));
#5247=CARTESIAN_POINT('',(-75.,-72.5,155.));
#5248=CARTESIAN_POINT('',(-75.,-72.5,155.));
#5249=CARTESIAN_POINT('Origin',(-75.,-82.5,155.));
#5250=CARTESIAN_POINT('Origin',(-75.,-82.5,155.));
#5251=CARTESIAN_POINT('',(-78.,-70.,155.));
#5252=CARTESIAN_POINT('Origin',(-78.,-82.5,155.));
#5253=CARTESIAN_POINT('',(-75.,-70.,155.));
#5254=CARTESIAN_POINT('',(-75.,-70.,155.));
#5255=CARTESIAN_POINT('Origin',(-75.,-82.5,155.));
#5256=CARTESIAN_POINT('Origin',(-78.,-82.5,155.));
#5257=CARTESIAN_POINT('Origin',(-75.,-57.5,140.));
#5258=CARTESIAN_POINT('',(-75.,-107.5,140.));
#5259=CARTESIAN_POINT('',(-75.,-57.5,140.));
#5260=CARTESIAN_POINT('',(-75.,-107.5,140.));
#5261=CARTESIAN_POINT('',(-75.,-107.5,170.));
#5262=CARTESIAN_POINT('',(-75.,-107.5,140.));
#5263=CARTESIAN_POINT('',(-75.,-57.5,170.));
#5264=CARTESIAN_POINT('',(-75.,-107.5,170.));
#5265=CARTESIAN_POINT('',(-75.,-57.5,140.));
#5266=CARTESIAN_POINT('Origin',(-75.,-57.5,140.));
#5267=CARTESIAN_POINT('Origin',(-45.,-57.5,140.));
#5268=CARTESIAN_POINT('',(-45.,-57.5,140.));
#5269=CARTESIAN_POINT('',(-75.,-57.5,140.));
#5270=CARTESIAN_POINT('',(-45.,-57.5,170.));
#5271=CARTESIAN_POINT('',(-75.,-57.5,170.));
#5272=CARTESIAN_POINT('',(-45.,-57.5,140.));
#5273=CARTESIAN_POINT('Origin',(-45.,-107.5,140.));
#5274=CARTESIAN_POINT('',(-45.,-107.5,140.));
#5275=CARTESIAN_POINT('',(-45.,-57.5,140.));
#5276=CARTESIAN_POINT('',(-45.,-107.5,170.));
#5277=CARTESIAN_POINT('',(-45.,-57.5,170.));
#5278=CARTESIAN_POINT('',(-45.,-107.5,140.));
#5279=CARTESIAN_POINT('Origin',(-75.,-107.5,140.));
#5280=CARTESIAN_POINT('',(-45.,-107.5,140.));
#5281=CARTESIAN_POINT('',(-45.,-107.5,170.));
#5282=CARTESIAN_POINT('Origin',(-60.,-82.5,170.));
#5283=CARTESIAN_POINT('Origin',(-60.,-82.5,140.));
#5284=CARTESIAN_POINT('',(0.,0.,0.));
#5285=CARTESIAN_POINT('Origin',(-60.0000008940697,55.0000012665987,87.));
#5286=CARTESIAN_POINT('',(-67.5000008940697,52.0000012665987,87.));
#5287=CARTESIAN_POINT('Origin',(-60.0000008940697,52.0000012665987,87.));
#5288=CARTESIAN_POINT('',(-67.5000008940697,55.0000012665987,87.));
#5289=CARTESIAN_POINT('',(-67.5000008940697,55.0000012665987,87.));
#5290=CARTESIAN_POINT('Origin',(-60.0000008940697,55.0000012665987,87.));
#5291=CARTESIAN_POINT('Origin',(-60.0000008940697,52.0000012665987,87.));
#5292=CARTESIAN_POINT('Origin',(-84.4948976863751,55.0000012665987,60.));
#5293=CARTESIAN_POINT('',(-35.5051023136249,55.0000012665987,60.));
#5294=CARTESIAN_POINT('',(-84.4948976863751,55.0000012665987,60.));
#5295=CARTESIAN_POINT('',(-72.2474488431876,55.0000012665987,60.));
#5296=CARTESIAN_POINT('',(-35.5051023136249,55.0000012665987,97.));
#5297=CARTESIAN_POINT('',(-35.5051023136249,55.0000012665987,60.));
#5298=CARTESIAN_POINT('',(-84.4948976863751,55.0000012665987,97.));
#5299=CARTESIAN_POINT('',(-35.5051023136249,55.0000012665987,97.));
#5300=CARTESIAN_POINT('',(-84.4948976863751,55.0000012665987,60.));
#5301=CARTESIAN_POINT('Origin',(-60.,70.0000006332994,97.));
#5302=CARTESIAN_POINT('',(-35.,60.,97.));
#5303=CARTESIAN_POINT('Origin',(-60.,60.,97.));
#5304=CARTESIAN_POINT('Origin',(-60.,60.,97.));
#5305=CARTESIAN_POINT('Origin',(-60.,60.,55.));
#5306=CARTESIAN_POINT('',(-35.,60.,55.));
#5307=CARTESIAN_POINT('',(-35.,60.,55.));
#5308=CARTESIAN_POINT('Origin',(-60.,60.,55.));
#5309=CARTESIAN_POINT('Origin',(-60.,60.,60.));
#5310=CARTESIAN_POINT('Origin',(-60.,60.,60.));
#5311=CARTESIAN_POINT('Origin',(-60.,60.,55.));
#5312=CARTESIAN_POINT('',(0.,0.,0.));
#5313=CARTESIAN_POINT('Origin',(-60.0000008940697,65.0000012665987,187.));
#5314=CARTESIAN_POINT('',(-52.5000008940697,68.0000012665987,187.));
#5315=CARTESIAN_POINT('Origin',(-60.0000008940697,68.0000012665987,187.));
#5316=CARTESIAN_POINT('',(-52.5000008940697,65.0000012665987,187.));
#5317=CARTESIAN_POINT('',(-52.5000008940697,65.0000012665987,187.));
#5318=CARTESIAN_POINT('Origin',(-60.0000008940697,65.0000012665987,187.));
#5319=CARTESIAN_POINT('Origin',(-60.0000008940697,68.0000012665987,187.));
#5320=CARTESIAN_POINT('Origin',(-60.0000008940697,65.0000012665987,187.));
#5321=CARTESIAN_POINT('',(-84.5000008940697,65.0000012665987,187.));
#5322=CARTESIAN_POINT('Origin',(-60.0000008940697,65.0000012665987,187.));
#5323=CARTESIAN_POINT('Origin',(-60.0000008940697,50.0000012665987,137.));
#5324=CARTESIAN_POINT('',(-84.5000008940696,50.0000012665987,187.));
#5325=CARTESIAN_POINT('',(-35.5000008940697,50.0000012665987,187.));
#5326=CARTESIAN_POINT('Origin',(-60.0000008940697,50.0000012665987,187.));
#5327=CARTESIAN_POINT('',(-35.5000008940697,50.0000012665987,87.));
#5328=CARTESIAN_POINT('',(-35.5000008940697,50.0000012665987,187.));
#5329=CARTESIAN_POINT('',(-84.5000008940697,50.0000012665987,87.));
#5330=CARTESIAN_POINT('Origin',(-60.0000008940697,50.0000012665987,87.));
#5331=CARTESIAN_POINT('',(-84.5000008940696,50.0000012665987,187.));
#5332=CARTESIAN_POINT('',(-67.5000008940696,50.0000012665987,87.));
#5333=CARTESIAN_POINT('Origin',(-60.0000008940696,50.0000012665987,87.));
#5334=CARTESIAN_POINT('Origin',(-60.0000008940697,50.0000012665987,187.));
#5335=CARTESIAN_POINT('',(-84.5000008940696,35.0000012665987,187.));
#5336=CARTESIAN_POINT('',(-84.5000008940696,50.0000012665987,187.));
#5337=CARTESIAN_POINT('',(-35.5000008940697,35.0000012665987,187.));
#5338=CARTESIAN_POINT('Origin',(-60.0000008940697,35.0000012665987,187.));
#5339=CARTESIAN_POINT('',(-35.5000008940697,50.0000012665987,187.));
#5340=CARTESIAN_POINT('',(-84.5000008940697,50.0000012665987,187.));
#5341=CARTESIAN_POINT('Origin',(-35.5000008940697,50.0000012665987,87.));
#5342=CARTESIAN_POINT('',(-35.5000008940697,35.0000012665987,87.));
#5343=CARTESIAN_POINT('',(-35.5000008940697,35.0000012665987,187.));
#5344=CARTESIAN_POINT('',(-35.5000008940697,50.0000012665987,87.));
#5345=CARTESIAN_POINT('Origin',(-60.0000008940697,50.0000012665987,87.));
#5346=CARTESIAN_POINT('',(-84.5000008940697,35.0000012665987,87.));
#5347=CARTESIAN_POINT('Origin',(-60.0000008940697,35.0000012665987,87.));
#5348=CARTESIAN_POINT('',(-84.5000008940697,50.0000012665987,87.));
#5349=CARTESIAN_POINT('Origin',(-84.5000008940696,50.0000012665987,187.));
#5350=CARTESIAN_POINT('',(-84.5000008940696,35.0000012665987,187.));
#5351=CARTESIAN_POINT('Origin',(-60.0000008940697,35.0000012665987,137.));
#5352=CARTESIAN_POINT('Origin',(-60.0000008940696,52.0000012665987,87.));
#5353=CARTESIAN_POINT('',(-67.5000008940696,52.0000012665987,87.));
#5354=CARTESIAN_POINT('',(-67.5000008940696,52.0000012665987,87.));
#5355=CARTESIAN_POINT('Origin',(-60.0000008940696,52.0000012665987,87.));
#5356=CARTESIAN_POINT('Origin',(-60.0000008940696,52.0000012665987,87.));
#5357=CARTESIAN_POINT('',(0.,0.,0.));
#5358=CARTESIAN_POINT('Origin',(-136.604445205967,55.0000012665987,251.278760968654));
#5359=CARTESIAN_POINT('',(-144.104445205967,52.0000012665987,251.278760968654));
#5360=CARTESIAN_POINT('Origin',(-136.604445205967,52.0000012665987,251.278760968654));
#5361=CARTESIAN_POINT('',(-144.104445205967,55.0000012665987,251.278760968654));
#5362=CARTESIAN_POINT('',(-144.104445205967,55.0000012665987,251.278760968654));
#5363=CARTESIAN_POINT('Origin',(-136.604445205967,55.0000012665987,251.278760968654));
#5364=CARTESIAN_POINT('Origin',(-136.604445205967,52.0000012665987,251.278760968654));
#5365=CARTESIAN_POINT('Origin',(-136.604445205967,55.0000012665987,251.278760968654));
#5366=CARTESIAN_POINT('',(-112.104445205967,55.0000012665987,251.278760968654));
#5367=CARTESIAN_POINT('Origin',(-136.604445205967,55.0000012665987,251.278760968654));
#5368=CARTESIAN_POINT('Origin',(-98.3022230500185,70.0000012665987,219.139380484327));
#5369=CARTESIAN_POINT('',(-120.856148768647,70.0000012665987,270.046849825069));
#5370=CARTESIAN_POINT('',(-112.104445205967,70.0000012665987,251.278760968654));
#5371=CARTESIAN_POINT('Origin',(-136.604445205967,70.0000012665987,251.278760968654));
#5372=CARTESIAN_POINT('',(-152.352741643288,70.0000012665987,232.510672112239));
#5373=CARTESIAN_POINT('Origin',(-136.604445205967,70.0000012665987,251.278760968654));
#5374=CARTESIAN_POINT('',(-75.7482973313898,70.0000012665987,168.231911143585));
#5375=CARTESIAN_POINT('',(-75.7482973313898,70.0000012665987,168.231911143585));
#5376=CARTESIAN_POINT('',(-44.2517044567494,70.0000012665987,205.768088856415));
#5377=CARTESIAN_POINT('Origin',(-60.0000008940696,70.0000012665987,187.));
#5378=CARTESIAN_POINT('',(-44.2517044567494,70.0000012665987,205.768088856415));
#5379=CARTESIAN_POINT('',(-52.5000008940696,70.0000012665987,187.));
#5380=CARTESIAN_POINT('Origin',(-60.0000008940696,70.0000012665987,187.));
#5381=CARTESIAN_POINT('Origin',(-120.856148768647,70.0000012665987,270.046849825069));
#5382=CARTESIAN_POINT('',(-44.2517044567494,85.0000012665987,205.768088856415));
#5383=CARTESIAN_POINT('',(-44.2517044567494,70.0000012665987,205.768088856415));
#5384=CARTESIAN_POINT('',(-120.856148768647,85.0000012665987,270.046849825069));
#5385=CARTESIAN_POINT('',(-44.2517044567494,85.0000012665987,205.768088856415));
#5386=CARTESIAN_POINT('',(-120.856148768647,70.0000012665987,270.046849825069));
#5387=CARTESIAN_POINT('Origin',(-136.604445205967,70.0000012665987,251.278760968654));
#5388=CARTESIAN_POINT('',(-152.352741643288,85.0000012665987,232.510672112239));
#5389=CARTESIAN_POINT('Origin',(-136.604445205967,85.0000012665987,251.278760968654));
#5390=CARTESIAN_POINT('',(-152.352741643288,70.0000012665987,232.510672112239));
#5391=CARTESIAN_POINT('',(-112.104445205967,70.0000012665987,251.278760968654));
#5392=CARTESIAN_POINT('Origin',(-75.7482973313898,70.0000012665987,168.231911143585));
#5393=CARTESIAN_POINT('',(-75.7482973313898,85.0000012665987,168.231911143585));
#5394=CARTESIAN_POINT('',(-75.7482973313898,85.0000012665987,168.231911143585));
#5395=CARTESIAN_POINT('',(-75.7482973313898,70.0000012665987,168.231911143585));
#5396=CARTESIAN_POINT('Origin',(-60.0000008940696,70.0000012665987,187.));
#5397=CARTESIAN_POINT('Origin',(-60.0000008940696,85.0000012665987,187.));
#5398=CARTESIAN_POINT('Origin',(-98.3022230500185,85.0000012665987,219.139380484327));
#5399=CARTESIAN_POINT('Origin',(-60.0000008940696,68.0000012665987,187.));
#5400=CARTESIAN_POINT('',(-52.5000008940696,68.0000012665987,187.));
#5401=CARTESIAN_POINT('',(-52.5000008940696,68.0000012665987,187.));
#5402=CARTESIAN_POINT('Origin',(-60.0000008940696,68.0000012665987,187.));
#5403=CARTESIAN_POINT('Origin',(-60.0000008940696,68.0000012665987,187.));
#5404=CARTESIAN_POINT('',(0.,0.,0.));
#5405=CARTESIAN_POINT('Origin',(-213.208889517865,65.0000012665987,187.));
#5406=CARTESIAN_POINT('',(-205.708889517865,68.0000012665987,187.));
#5407=CARTESIAN_POINT('Origin',(-213.208889517865,68.0000012665987,187.));
#5408=CARTESIAN_POINT('',(-205.708889517865,65.0000012665987,187.));
#5409=CARTESIAN_POINT('',(-205.708889517865,65.0000012665987,187.));
#5410=CARTESIAN_POINT('Origin',(-213.208889517865,65.0000012665987,187.));
#5411=CARTESIAN_POINT('Origin',(-213.208889517865,68.0000012665987,187.));
#5412=CARTESIAN_POINT('Origin',(-213.208889517865,65.0000012665987,187.));
#5413=CARTESIAN_POINT('',(-237.708889517865,65.0000012665987,187.));
#5414=CARTESIAN_POINT('Origin',(-213.208889517865,65.0000012665987,187.));
#5415=CARTESIAN_POINT('Origin',(-174.906667361916,50.0000012665987,219.139380484327));
#5416=CARTESIAN_POINT('',(-197.460593080545,50.0000012665987,168.231911143585));
#5417=CARTESIAN_POINT('',(-228.957185955185,50.0000012665987,205.768088856415));
#5418=CARTESIAN_POINT('Origin',(-213.208889517865,50.0000012665987,187.));
#5419=CARTESIAN_POINT('',(-152.352741643288,50.0000012665987,270.046849825069));
#5420=CARTESIAN_POINT('',(-152.352741643288,50.0000012665987,270.046849825069));
#5421=CARTESIAN_POINT('',(-120.856148768647,50.0000012665987,232.510672112239));
#5422=CARTESIAN_POINT('Origin',(-136.604445205967,50.0000012665987,251.278760968654));
#5423=CARTESIAN_POINT('',(-120.856148768647,50.0000012665987,232.510672112239));
#5424=CARTESIAN_POINT('',(-144.104445205967,50.0000012665987,251.278760968654));
#5425=CARTESIAN_POINT('Origin',(-136.604445205967,50.0000012665987,251.278760968654));
#5426=CARTESIAN_POINT('Origin',(-136.604445205967,50.0000012665987,251.278760968654));
#5427=CARTESIAN_POINT('',(-152.352741643288,35.0000012665987,270.046849825069));
#5428=CARTESIAN_POINT('',(-152.352741643288,50.0000012665987,270.046849825069));
#5429=CARTESIAN_POINT('',(-120.856148768647,35.0000012665987,232.510672112239));
#5430=CARTESIAN_POINT('Origin',(-136.604445205967,35.0000012665987,251.278760968654));
#5431=CARTESIAN_POINT('',(-120.856148768647,50.0000012665987,232.510672112239));
#5432=CARTESIAN_POINT('Origin',(-197.460593080545,50.0000012665987,168.231911143585));
#5433=CARTESIAN_POINT('',(-197.460593080545,35.0000012665987,168.231911143585));
#5434=CARTESIAN_POINT('',(-120.856148768647,35.0000012665987,232.510672112239));
#5435=CARTESIAN_POINT('',(-197.460593080545,50.0000012665987,168.231911143585));
#5436=CARTESIAN_POINT('Origin',(-213.208889517865,50.0000012665987,187.));
#5437=CARTESIAN_POINT('',(-237.708889517865,35.0000012665987,187.));
#5438=CARTESIAN_POINT('Origin',(-213.208889517865,35.0000012665987,187.));
#5439=CARTESIAN_POINT('',(-237.708889517865,50.0000012665987,187.));
#5440=CARTESIAN_POINT('',(-228.957185955185,35.0000012665987,205.768088856415));
#5441=CARTESIAN_POINT('Origin',(-213.208889517865,35.0000012665987,187.));
#5442=CARTESIAN_POINT('',(-228.957185955185,50.0000012665987,205.768088856415));
#5443=CARTESIAN_POINT('Origin',(-152.352741643288,50.0000012665987,270.046849825069));
#5444=CARTESIAN_POINT('',(-152.352741643288,35.0000012665987,270.046849825069));
#5445=CARTESIAN_POINT('Origin',(-174.906667361916,35.0000012665987,219.139380484327));
#5446=CARTESIAN_POINT('Origin',(-136.604445205967,52.0000012665987,251.278760968654));
#5447=CARTESIAN_POINT('',(-144.104445205967,52.0000012665987,251.278760968654));
#5448=CARTESIAN_POINT('',(-144.104445205967,52.0000012665987,251.278760968654));
#5449=CARTESIAN_POINT('Origin',(-136.604445205967,52.0000012665987,251.278760968654));
#5450=CARTESIAN_POINT('Origin',(-136.604445205967,52.0000012665987,251.278760968654));
#5451=CARTESIAN_POINT('',(0.,0.,0.));
#5452=CARTESIAN_POINT('Origin',(-261.505180832319,70.0000012665987,174.059047744874));
#5453=CARTESIAN_POINT('',(-269.005180832319,67.0000012665987,174.059047744874));
#5454=CARTESIAN_POINT('Origin',(-261.505180832319,67.0000012665987,174.059047744874));
#5455=CARTESIAN_POINT('',(-269.005180832319,70.0000012665987,174.059047744874));
#5456=CARTESIAN_POINT('',(-269.005180832319,70.0000012665987,174.059047744874));
#5457=CARTESIAN_POINT('Origin',(-261.505180832319,70.0000012665987,174.059047744874));
#5458=CARTESIAN_POINT('Origin',(-261.505180832319,67.0000012665987,174.059047744874));
#5459=CARTESIAN_POINT('Origin',(-237.357035175092,70.0000012665987,180.529523872437));
#5460=CARTESIAN_POINT('',(-216.444127581647,70.0000012665987,199.074072828613));
#5461=CARTESIAN_POINT('',(-209.973651454084,70.0000012665987,174.925927171386));
#5462=CARTESIAN_POINT('Origin',(-213.208889517865,70.0000012665987,187.));
#5463=CARTESIAN_POINT('',(-264.7404188961,70.0000012665987,186.133120573487));
#5464=CARTESIAN_POINT('',(-216.444127581647,70.0000012665987,199.074072828613));
#5465=CARTESIAN_POINT('',(-258.269942768537,70.0000012665987,161.98497491626));
#5466=CARTESIAN_POINT('Origin',(-261.505180832319,70.0000012665987,174.059047744874));
#5467=CARTESIAN_POINT('',(-209.973651454084,70.0000012665987,174.925927171386));
#5468=CARTESIAN_POINT('',(-205.708889517865,70.0000012665987,187.));
#5469=CARTESIAN_POINT('Origin',(-213.208889517865,70.0000012665987,187.));
#5470=CARTESIAN_POINT('Origin',(-264.7404188961,70.0000012665987,186.133120573487));
#5471=CARTESIAN_POINT('',(-216.444127581647,80.0000012665987,199.074072828613));
#5472=CARTESIAN_POINT('',(-216.444127581647,70.0000012665987,199.074072828613));
#5473=CARTESIAN_POINT('',(-264.7404188961,80.0000012665987,186.133120573487));
#5474=CARTESIAN_POINT('',(-216.444127581647,80.0000012665987,199.074072828613));
#5475=CARTESIAN_POINT('',(-264.7404188961,70.0000012665987,186.133120573487));
#5476=CARTESIAN_POINT('Origin',(-261.505180832319,70.0000012665987,174.059047744874));
#5477=CARTESIAN_POINT('',(-258.269942768537,80.0000012665987,161.98497491626));
#5478=CARTESIAN_POINT('Origin',(-261.505180832319,80.0000012665987,174.059047744874));
#5479=CARTESIAN_POINT('',(-258.269942768537,70.0000012665987,161.98497491626));
#5480=CARTESIAN_POINT('Origin',(-209.973651454084,70.0000012665987,174.925927171386));
#5481=CARTESIAN_POINT('',(-209.973651454084,80.0000012665987,174.925927171386));
#5482=CARTESIAN_POINT('',(-209.973651454084,80.0000012665987,174.925927171386));
#5483=CARTESIAN_POINT('',(-209.973651454084,70.0000012665987,174.925927171386));
#5484=CARTESIAN_POINT('Origin',(-213.208889517865,70.0000012665987,187.));
#5485=CARTESIAN_POINT('Origin',(-213.208889517865,80.0000012665987,187.));
#5486=CARTESIAN_POINT('Origin',(-237.357035175092,80.0000012665987,180.529523872437));
#5487=CARTESIAN_POINT('Origin',(-213.208889517865,68.0000012665987,187.));
#5488=CARTESIAN_POINT('',(-205.708889517865,68.0000012665987,187.));
#5489=CARTESIAN_POINT('',(-205.708889517865,68.0000012665987,187.));
#5490=CARTESIAN_POINT('Origin',(-213.208889517865,68.0000012665987,187.));
#5491=CARTESIAN_POINT('Origin',(-213.208889517865,68.0000012665987,187.));
#5492=CARTESIAN_POINT('',(0.,0.,0.));
#5493=CARTESIAN_POINT('Origin',(-261.505180832319,65.0000012665987,174.059047744874));
#5494=CARTESIAN_POINT('',(-261.505180832319,65.0000012665987,154.059047744874));
#5495=CARTESIAN_POINT('',(-281.505180832319,65.0000012665987,154.059047744874));
#5496=CARTESIAN_POINT('',(-261.505180832319,65.0000012665987,154.059047744874));
#5497=CARTESIAN_POINT('',(-281.505180832319,65.0000012665987,194.059047744874));
#5498=CARTESIAN_POINT('',(-281.505180832319,65.0000012665987,154.059047744874));
#5499=CARTESIAN_POINT('',(-261.505180832319,65.0000012665987,194.059047744874));
#5500=CARTESIAN_POINT('',(-281.505180832319,65.0000012665987,194.059047744874));
#5501=CARTESIAN_POINT('Origin',(-261.505180832319,65.0000012665987,174.059047744874));
#5502=CARTESIAN_POINT('',(-269.005180832319,65.0000012665987,174.059047744874));
#5503=CARTESIAN_POINT('Origin',(-261.505180832319,65.0000012665987,174.059047744874));
#5504=CARTESIAN_POINT('Origin',(-281.505180832319,65.0000012665987,194.059047744874));
#5505=CARTESIAN_POINT('',(-281.505180832319,30.0000012665987,154.059047744874));
#5506=CARTESIAN_POINT('',(-281.505180832319,65.0000012665987,154.059047744874));
#5507=CARTESIAN_POINT('',(-281.505180832319,30.0000012665987,194.059047744874));
#5508=CARTESIAN_POINT('',(-281.505180832319,30.0000012665987,154.059047744874));
#5509=CARTESIAN_POINT('',(-281.505180832319,65.0000012665987,194.059047744874));
#5510=CARTESIAN_POINT('Origin',(-261.505180832319,65.0000012665987,194.059047744874));
#5511=CARTESIAN_POINT('',(-261.505180832319,30.0000012665987,194.059047744874));
#5512=CARTESIAN_POINT('',(-281.505180832319,30.0000012665987,194.059047744874));
#5513=CARTESIAN_POINT('',(-261.505180832319,65.0000012665987,194.059047744874));
#5514=CARTESIAN_POINT('Origin',(-261.505180832319,65.0000012665987,174.059047744874));
#5515=CARTESIAN_POINT('',(-261.505180832319,30.0000012665987,154.059047744874));
#5516=CARTESIAN_POINT('Origin',(-261.505180832319,30.0000012665987,174.059047744874));
#5517=CARTESIAN_POINT('',(-261.505180832319,65.0000012665987,154.059047744874));
#5518=CARTESIAN_POINT('Origin',(-281.505180832319,65.0000012665987,154.059047744874));
#5519=CARTESIAN_POINT('',(-261.505180832319,30.0000012665987,154.059047744874));
#5520=CARTESIAN_POINT('Origin',(-261.505180832319,30.0000012665987,174.059047744874));
#5521=CARTESIAN_POINT('Origin',(-261.505180832319,67.0000012665987,174.059047744874));
#5522=CARTESIAN_POINT('',(-269.005180832319,67.0000012665987,174.059047744874));
#5523=CARTESIAN_POINT('',(-269.005180832319,67.0000012665987,174.059047744874));
#5524=CARTESIAN_POINT('Origin',(-261.505180832319,67.0000012665987,174.059047744874));
#5525=CARTESIAN_POINT('Origin',(-261.505180832319,67.0000012665987,174.059047744874));
#5526=CARTESIAN_POINT('',(0.,0.,0.));
#5527=CARTESIAN_POINT('Ctrl Pts',(-329.505180832319,80.5000012665987,189.059047744874));
#5528=CARTESIAN_POINT('Ctrl Pts',(-329.505180832319,58.5000012665987,189.059047744874));
#5529=CARTESIAN_POINT('Ctrl Pts',(-329.505180832319,36.5000012665987,189.059047744874));
#5530=CARTESIAN_POINT('Ctrl Pts',(-329.505180832319,14.5000012665987,189.059047744874));
#5531=CARTESIAN_POINT('Ctrl Pts',(-329.505180832319,80.5000012665987,186.875194148556));
#5532=CARTESIAN_POINT('Ctrl Pts',(-329.505180832319,58.5000012665986,186.875194148556));
#5533=CARTESIAN_POINT('Ctrl Pts',(-329.505180832319,36.5000012665987,186.875194148556));
#5534=CARTESIAN_POINT('Ctrl Pts',(-329.505180832319,14.5000012665987,186.875194148556));
#5535=CARTESIAN_POINT('Ctrl Pts',(-328.935106636928,80.5000012665987,182.320648087794));
#5536=CARTESIAN_POINT('Ctrl Pts',(-328.935106636928,58.5000012665987,182.320648087794));
#5537=CARTESIAN_POINT('Ctrl Pts',(-328.935106636928,36.5000012665986,182.320648087794));
#5538=CARTESIAN_POINT('Ctrl Pts',(-328.935106636928,14.5000012665987,182.320648087794));
#5539=CARTESIAN_POINT('Ctrl Pts',(-325.992415718295,80.5000012665987,175.30182009884));
#5540=CARTESIAN_POINT('Ctrl Pts',(-325.992415718295,58.5000012665986,175.30182009884));
#5541=CARTESIAN_POINT('Ctrl Pts',(-325.992415718295,36.5000012665987,175.30182009884));
#5542=CARTESIAN_POINT('Ctrl Pts',(-325.992415718295,14.5000012665987,175.30182009884));
#5543=CARTESIAN_POINT('Ctrl Pts',(-320.790754232596,80.5000012665987,168.661439194065));
#5544=CARTESIAN_POINT('Ctrl Pts',(-320.790754232596,58.5000012665987,168.661439194065));
#5545=CARTESIAN_POINT('Ctrl Pts',(-320.790754232596,36.5000012665986,168.661439194065));
#5546=CARTESIAN_POINT('Ctrl Pts',(-320.790754232596,14.5000012665987,168.661439194065));
#5547=CARTESIAN_POINT('Ctrl Pts',(-312.340141107839,80.5000012665987,162.067733285079));
#5548=CARTESIAN_POINT('Ctrl Pts',(-312.340141107839,58.5000012665986,162.067733285079));
#5549=CARTESIAN_POINT('Ctrl Pts',(-312.340141107839,36.5000012665987,162.067733285079));
#5550=CARTESIAN_POINT('Ctrl Pts',(-312.340141107839,14.5000012665987,162.067733285079));
#5551=CARTESIAN_POINT('Ctrl Pts',(-303.286956342875,80.5000012665987,158.348338347455));
#5552=CARTESIAN_POINT('Ctrl Pts',(-303.286956342875,58.5000012665987,158.348338347455));
#5553=CARTESIAN_POINT('Ctrl Pts',(-303.286956342875,36.5000012665986,158.348338347455));
#5554=CARTESIAN_POINT('Ctrl Pts',(-303.286956342875,14.5000012665987,158.348338347455));
#5555=CARTESIAN_POINT('Ctrl Pts',(-294.009380390075,80.5000012665987,156.412484875306));
#5556=CARTESIAN_POINT('Ctrl Pts',(-294.009380390075,58.5000012665986,156.412484875306));
#5557=CARTESIAN_POINT('Ctrl Pts',(-294.009380390075,36.5000012665987,156.412484875306));
#5558=CARTESIAN_POINT('Ctrl Pts',(-294.009380390075,14.5000012665987,156.412484875306));
#5559=CARTESIAN_POINT('Ctrl Pts',(-289.4308819058,80.5000012665987,156.059047744874));
#5560=CARTESIAN_POINT('Ctrl Pts',(-289.4308819058,58.5000012665987,156.059047744874));
#5561=CARTESIAN_POINT('Ctrl Pts',(-289.4308819058,36.5000012665987,156.059047744874));
#5562=CARTESIAN_POINT('Ctrl Pts',(-289.4308819058,14.5000012665987,156.059047744874));
#5563=CARTESIAN_POINT('Ctrl Pts',(-286.505180832319,80.5000012665987,156.059047744874));
#5564=CARTESIAN_POINT('Ctrl Pts',(-286.505180832319,58.5000012665987,156.059047744874));
#5565=CARTESIAN_POINT('Ctrl Pts',(-286.505180832319,36.5000012665987,156.059047744874));
#5566=CARTESIAN_POINT('Ctrl Pts',(-286.505180832319,14.5000012665987,156.059047744874));
#5567=CARTESIAN_POINT('',(-286.505180832319,14.5000012665987,156.059047744874));
#5568=CARTESIAN_POINT('',(-329.505180832319,14.5000012665987,189.059047744874));
#5569=CARTESIAN_POINT('Ctrl Pts',(-286.505180832319,14.5000012665987,156.059047744874));
#5570=CARTESIAN_POINT('Ctrl Pts',(-289.4308819058,14.5000012665987,156.059047744874));
#5571=CARTESIAN_POINT('Ctrl Pts',(-292.48321422865,14.5000012665987,156.294672498496));
#5572=CARTESIAN_POINT('Ctrl Pts',(-295.562341881334,14.5000012665987,156.803403743514));
#5573=CARTESIAN_POINT('Ctrl Pts',(-297.101905707675,14.5000012665987,157.057769366023));
#5574=CARTESIAN_POINT('Ctrl Pts',(-298.648168366475,14.5000012665987,157.380411611381));
#5575=CARTESIAN_POINT('Ctrl Pts',(-300.185081392449,14.5000012665987,157.777368084467));
#5576=CARTESIAN_POINT('Ctrl Pts',(-304.795820470369,14.5000012665987,158.968237503726));
#5577=CARTESIAN_POINT('Ctrl Pts',(-309.322412852851,14.5000012665987,160.827934972538));
#5578=CARTESIAN_POINT('Ctrl Pts',(-313.306064609353,14.5000012665987,163.267338336659));
#5579=CARTESIAN_POINT('Ctrl Pts',(-315.96183244702,14.5000012665987,164.893607246073));
#5580=CARTESIAN_POINT('Ctrl Pts',(-318.376293339808,14.5000012665987,166.777523220069));
#5581=CARTESIAN_POINT('Ctrl Pts',(-320.450467367152,14.5000012665987,168.826211357863));
#5582=CARTESIAN_POINT('Ctrl Pts',(-322.524641394496,14.5000012665987,170.874899495657));
#5583=CARTESIAN_POINT('Ctrl Pts',(-324.258528556395,14.5000012665987,173.088359797249));
#5584=CARTESIAN_POINT('Ctrl Pts',(-325.615920623784,14.5000012665987,175.36489461287));
#5585=CARTESIAN_POINT('Ctrl Pts',(-326.973312691173,14.5000012665987,177.641429428492));
#5586=CARTESIAN_POINT('Ctrl Pts',(-327.95420966405,14.5000012665987,179.981038758143));
#5587=CARTESIAN_POINT('Ctrl Pts',(-328.587176699337,14.5000012665987,182.289479938159));
#5588=CARTESIAN_POINT('Ctrl Pts',(-329.220143734624,14.5000012665987,184.597921118175));
#5589=CARTESIAN_POINT('Ctrl Pts',(-329.505180832319,14.5000012665987,186.875194148556));
#5590=CARTESIAN_POINT('Ctrl Pts',(-329.505180832319,14.5000012665987,189.059047744874));
#5591=CARTESIAN_POINT('',(-286.505180832319,80.5000012665987,156.059047744874));
#5592=CARTESIAN_POINT('Ctrl Pts',(-286.505180832319,80.5000012665987,156.059047744874));
#5593=CARTESIAN_POINT('Ctrl Pts',(-286.505180832319,58.5000012665987,156.059047744874));
#5594=CARTESIAN_POINT('Ctrl Pts',(-286.505180832319,36.5000012665987,156.059047744874));
#5595=CARTESIAN_POINT('Ctrl Pts',(-286.505180832319,14.5000012665987,156.059047744874));
#5596=CARTESIAN_POINT('',(-329.505180832319,80.5000012665987,189.059047744874));
#5597=CARTESIAN_POINT('Ctrl Pts',(-329.505180832319,80.5000012665987,189.059047744874));
#5598=CARTESIAN_POINT('Ctrl Pts',(-329.505180832319,80.5000012665987,186.875194148556));
#5599=CARTESIAN_POINT('Ctrl Pts',(-329.220143734624,80.5000012665987,184.597921118175));
#5600=CARTESIAN_POINT('Ctrl Pts',(-328.587176699337,80.5000012665987,182.289479938159));
#5601=CARTESIAN_POINT('Ctrl Pts',(-327.95420966405,80.5000012665987,179.981038758143));
#5602=CARTESIAN_POINT('Ctrl Pts',(-326.973312691173,80.5000012665987,177.641429428492));
#5603=CARTESIAN_POINT('Ctrl Pts',(-325.615920623784,80.5000012665987,175.36489461287));
#5604=CARTESIAN_POINT('Ctrl Pts',(-324.258528556395,80.5000012665987,173.088359797249));
#5605=CARTESIAN_POINT('Ctrl Pts',(-322.524641394496,80.5000012665987,170.874899495657));
#5606=CARTESIAN_POINT('Ctrl Pts',(-320.450467367152,80.5000012665987,168.826211357863));
#5607=CARTESIAN_POINT('Ctrl Pts',(-318.376293339808,80.5000012665987,166.777523220069));
#5608=CARTESIAN_POINT('Ctrl Pts',(-315.96183244702,80.5000012665987,164.893607246073));
#5609=CARTESIAN_POINT('Ctrl Pts',(-313.306064609353,80.5000012665987,163.267338336659));
#5610=CARTESIAN_POINT('Ctrl Pts',(-309.322412852851,80.5000012665987,160.827934972538));
#5611=CARTESIAN_POINT('Ctrl Pts',(-304.795820470369,80.5000012665987,158.968237503726));
#5612=CARTESIAN_POINT('Ctrl Pts',(-300.185081392449,80.5000012665987,157.777368084467));
#5613=CARTESIAN_POINT('Ctrl Pts',(-298.648168366475,80.5000012665987,157.380411611381));
#5614=CARTESIAN_POINT('Ctrl Pts',(-297.101905707675,80.5000012665987,157.057769366023));
#5615=CARTESIAN_POINT('Ctrl Pts',(-295.562341881334,80.5000012665987,156.803403743514));
#5616=CARTESIAN_POINT('Ctrl Pts',(-292.48321422865,80.5000012665987,156.294672498496));
#5617=CARTESIAN_POINT('Ctrl Pts',(-289.4308819058,80.5000012665987,156.059047744874));
#5618=CARTESIAN_POINT('Ctrl Pts',(-286.505180832319,80.5000012665987,156.059047744874));
#5619=CARTESIAN_POINT('Ctrl Pts',(-329.505180832319,14.5000012665987,189.059047744874));
#5620=CARTESIAN_POINT('Ctrl Pts',(-329.505180832319,36.5000012665987,189.059047744874));
#5621=CARTESIAN_POINT('Ctrl Pts',(-329.505180832319,58.5000012665987,189.059047744874));
#5622=CARTESIAN_POINT('Ctrl Pts',(-329.505180832319,80.5000012665987,189.059047744874));
#5623=CARTESIAN_POINT('Origin',(-281.505180832319,14.5000012665987,154.059047744874));
#5624=CARTESIAN_POINT('',(-329.505180832319,14.5000012665987,194.059047744874));
#5625=CARTESIAN_POINT('',(-329.505180832319,14.5000012665987,164.059047744874));
#5626=CARTESIAN_POINT('',(-283.505180832319,14.5000012665987,194.059047744874));
#5627=CARTESIAN_POINT('',(-281.505180832319,14.5000012665987,194.059047744874));
#5628=CARTESIAN_POINT('',(-283.505180832319,14.5000012665987,156.059047744874));
#5629=CARTESIAN_POINT('',(-283.505180832319,14.5000012665987,164.059047744874));
#5630=CARTESIAN_POINT('',(-281.505180832319,14.5000012665987,156.059047744874));
#5631=CARTESIAN_POINT('Origin',(-281.505180832319,82.5000012665986,156.059047744874));
#5632=CARTESIAN_POINT('',(-283.505180832319,80.5000012665986,156.059047744874));
#5633=CARTESIAN_POINT('',(-283.505180832319,65.0000012665986,156.059047744874));
#5634=CARTESIAN_POINT('',(-281.505180832319,80.5000012665987,156.059047744874));
#5635=CARTESIAN_POINT('Origin',(-281.505180832319,80.5000012665987,194.059047744874));
#5636=CARTESIAN_POINT('',(-283.505180832319,80.5000012665986,194.059047744874));
#5637=CARTESIAN_POINT('',(-283.505180832319,80.5000012665987,184.059047744874));
#5638=CARTESIAN_POINT('',(-329.505180832319,80.5000012665986,194.059047744874));
#5639=CARTESIAN_POINT('',(-281.505180832319,80.5000012665987,194.059047744874));
#5640=CARTESIAN_POINT('',(-329.505180832319,80.5000012665987,184.059047744874));
#5641=CARTESIAN_POINT('Origin',(-329.505180832319,47.5000012665987,174.059047744874));
#5642=CARTESIAN_POINT('',(-329.505180832319,30.0000012665987,194.059047744874));
#5643=CARTESIAN_POINT('Origin',(-283.505180832319,47.5000012665987,174.059047744874));
#5644=CARTESIAN_POINT('',(-283.505180832319,30.0000012665987,194.059047744874));
#5645=CARTESIAN_POINT('Ctrl Pts',(-331.505180832319,82.5000012665987,189.059047744874));
#5646=CARTESIAN_POINT('Ctrl Pts',(-331.505180832319,59.1666679332653,189.059047744874));
#5647=CARTESIAN_POINT('Ctrl Pts',(-331.505180832319,35.833334599932,189.059047744874));
#5648=CARTESIAN_POINT('Ctrl Pts',(-331.505180832319,12.5000012665986,189.059047744874));
#5649=CARTESIAN_POINT('Ctrl Pts',(-331.505180832319,82.5000012665987,186.702025140919));
#5650=CARTESIAN_POINT('Ctrl Pts',(-331.505180832319,59.1666679332653,186.702025140919));
#5651=CARTESIAN_POINT('Ctrl Pts',(-331.505180832319,35.833334599932,186.702025140919));
#5652=CARTESIAN_POINT('Ctrl Pts',(-331.505180832319,12.5000012665986,186.702025140919));
#5653=CARTESIAN_POINT('Ctrl Pts',(-330.888729115566,82.5000012665987,181.785812663161));
#5654=CARTESIAN_POINT('Ctrl Pts',(-330.888729115566,59.1666679332654,181.785812663161));
#5655=CARTESIAN_POINT('Ctrl Pts',(-330.888729115566,35.8333345999319,181.785812663161));
#5656=CARTESIAN_POINT('Ctrl Pts',(-330.888729115566,12.5000012665987,181.785812663161));
#5657=CARTESIAN_POINT('Ctrl Pts',(-327.728011097415,82.5000012665987,174.260360698089));
#5658=CARTESIAN_POINT('Ctrl Pts',(-327.728011097415,59.1666679332653,174.260360698089));
#5659=CARTESIAN_POINT('Ctrl Pts',(-327.728011097415,35.833334599932,174.260360698089));
#5660=CARTESIAN_POINT('Ctrl Pts',(-327.728011097415,12.5000012665987,174.260360698089));
#5661=CARTESIAN_POINT('Ctrl Pts',(-322.203603164899,82.5000012665987,167.217824149965));
#5662=CARTESIAN_POINT('Ctrl Pts',(-322.203603164899,59.1666679332654,167.217824149965));
#5663=CARTESIAN_POINT('Ctrl Pts',(-322.203603164899,35.833334599932,167.217824149965));
#5664=CARTESIAN_POINT('Ctrl Pts',(-322.203603164899,12.5000012665987,167.217824149965));
#5665=CARTESIAN_POINT('Ctrl Pts',(-313.323723575004,82.5000012665987,160.297774812897));
#5666=CARTESIAN_POINT('Ctrl Pts',(-313.323723575004,59.1666679332653,160.297774812897));
#5667=CARTESIAN_POINT('Ctrl Pts',(-313.323723575004,35.833334599932,160.297774812897));
#5668=CARTESIAN_POINT('Ctrl Pts',(-313.323723575004,12.5000012665987,160.297774812897));
#5669=CARTESIAN_POINT('Ctrl Pts',(-303.901094184159,82.5000012665987,156.432968120435));
#5670=CARTESIAN_POINT('Ctrl Pts',(-303.901094184159,59.1666679332654,156.432968120435));
#5671=CARTESIAN_POINT('Ctrl Pts',(-303.901094184159,35.833334599932,156.432968120435));
#5672=CARTESIAN_POINT('Ctrl Pts',(-303.901094184159,12.5000012665987,156.432968120435));
#5673=CARTESIAN_POINT('Ctrl Pts',(-294.27815333706,82.5000012665987,154.42462660294));
#5674=CARTESIAN_POINT('Ctrl Pts',(-294.27815333706,59.1666679332653,154.42462660294));
#5675=CARTESIAN_POINT('Ctrl Pts',(-294.27815333706,35.833334599932,154.42462660294));
#5676=CARTESIAN_POINT('Ctrl Pts',(-294.27815333706,12.5000012665987,154.42462660294));
#5677=CARTESIAN_POINT('Ctrl Pts',(-289.535638465976,82.5000012665987,154.059047744874));
#5678=CARTESIAN_POINT('Ctrl Pts',(-289.535638465976,59.1666679332653,154.059047744874));
#5679=CARTESIAN_POINT('Ctrl Pts',(-289.535638465976,35.833334599932,154.059047744874));
#5680=CARTESIAN_POINT('Ctrl Pts',(-289.535638465976,12.5000012665986,154.059047744874));
#5681=CARTESIAN_POINT('Ctrl Pts',(-286.505180832319,82.5000012665987,154.059047744874));
#5682=CARTESIAN_POINT('Ctrl Pts',(-286.505180832319,59.1666679332653,154.059047744874));
#5683=CARTESIAN_POINT('Ctrl Pts',(-286.505180832319,35.833334599932,154.059047744874));
#5684=CARTESIAN_POINT('Ctrl Pts',(-286.505180832319,12.5000012665986,154.059047744874));
#5685=CARTESIAN_POINT('',(-286.505180832319,12.5000012665987,154.059047744874));
#5686=CARTESIAN_POINT('',(-331.505180832319,12.5000012665987,189.059047744874));
#5687=CARTESIAN_POINT('Ctrl Pts',(-286.505180832319,12.5000012665986,154.059047744874));
#5688=CARTESIAN_POINT('Ctrl Pts',(-289.535638465976,12.5000012665986,154.059047744874));
#5689=CARTESIAN_POINT('Ctrl Pts',(-292.697315046698,12.5000012665986,154.302766983585));
#5690=CARTESIAN_POINT('Ctrl Pts',(-295.889638539628,12.5000012665986,154.830304844821));
#5691=CARTESIAN_POINT('Ctrl Pts',(-297.485800286093,12.5000012665986,155.094073775438));
#5692=CARTESIAN_POINT('Ctrl Pts',(-299.089623760609,12.5000012665986,155.428797361688));
#5693=CARTESIAN_POINT('Ctrl Pts',(-300.685100924448,12.5000012665986,155.84087366356));
#5694=CARTESIAN_POINT('Ctrl Pts',(-305.471532415966,12.5000012665986,157.077102569179));
#5695=CARTESIAN_POINT('Ctrl Pts',(-310.182847111389,12.5000012665986,159.00950591541));
#5696=CARTESIAN_POINT('Ctrl Pts',(-314.350770598388,12.5000012665986,161.561908512005));
#5697=CARTESIAN_POINT('Ctrl Pts',(-317.129386256387,12.5000012665986,163.263510243069));
#5698=CARTESIAN_POINT('Ctrl Pts',(-319.666494710643,12.5000012665986,165.240667196517));
#5699=CARTESIAN_POINT('Ctrl Pts',(-321.855783593191,12.5000012665986,167.403001764595));
#5700=CARTESIAN_POINT('Ctrl Pts',(-324.045072475738,12.5000012665986,169.565336332673));
#5701=CARTESIAN_POINT('Ctrl Pts',(-325.886541786576,12.5000012665986,171.912848515381));
#5702=CARTESIAN_POINT('Ctrl Pts',(-327.334062778354,12.5000012665986,174.340846600914));
#5703=CARTESIAN_POINT('Ctrl Pts',(-328.781583770132,12.5000012665986,176.768844686446));
#5704=CARTESIAN_POINT('Ctrl Pts',(-329.835156442849,12.5000012665986,179.277328674804));
#5705=CARTESIAN_POINT('Ctrl Pts',(-330.516055708396,12.5000012665986,181.760623788422));
#5706=CARTESIAN_POINT('Ctrl Pts',(-331.196954973943,12.5000012665986,184.24391890204));
#5707=CARTESIAN_POINT('Ctrl Pts',(-331.505180832319,12.5000012665986,186.702025140919));
#5708=CARTESIAN_POINT('Ctrl Pts',(-331.505180832319,12.5000012665986,189.059047744874));
#5709=CARTESIAN_POINT('',(-331.505180832319,82.5000012665986,189.059047744874));
#5710=CARTESIAN_POINT('Ctrl Pts',(-331.505180832319,12.5000012665986,189.059047744874));
#5711=CARTESIAN_POINT('Ctrl Pts',(-331.505180832319,35.833334599932,189.059047744874));
#5712=CARTESIAN_POINT('Ctrl Pts',(-331.505180832319,59.1666679332653,189.059047744874));
#5713=CARTESIAN_POINT('Ctrl Pts',(-331.505180832319,82.5000012665987,189.059047744874));
#5714=CARTESIAN_POINT('',(-286.505180832319,82.5000012665986,154.059047744874));
#5715=CARTESIAN_POINT('Ctrl Pts',(-331.505180832319,82.5000012665987,189.059047744874));
#5716=CARTESIAN_POINT('Ctrl Pts',(-331.505180832319,82.5000012665987,186.702025140919));
#5717=CARTESIAN_POINT('Ctrl Pts',(-331.196954973943,82.5000012665987,184.24391890204));
#5718=CARTESIAN_POINT('Ctrl Pts',(-330.516055708396,82.5000012665987,181.760623788422));
#5719=CARTESIAN_POINT('Ctrl Pts',(-329.835156442849,82.5000012665987,179.277328674804));
#5720=CARTESIAN_POINT('Ctrl Pts',(-328.781583770132,82.5000012665987,176.768844686446));
#5721=CARTESIAN_POINT('Ctrl Pts',(-327.334062778354,82.5000012665987,174.340846600914));
#5722=CARTESIAN_POINT('Ctrl Pts',(-325.886541786576,82.5000012665987,171.912848515381));
#5723=CARTESIAN_POINT('Ctrl Pts',(-324.045072475738,82.5000012665987,169.565336332673));
#5724=CARTESIAN_POINT('Ctrl Pts',(-321.85578359319,82.5000012665987,167.403001764595));
#5725=CARTESIAN_POINT('Ctrl Pts',(-319.666494710643,82.5000012665987,165.240667196517));
#5726=CARTESIAN_POINT('Ctrl Pts',(-317.129386256387,82.5000012665987,163.263510243069));
#5727=CARTESIAN_POINT('Ctrl Pts',(-314.350770598388,82.5000012665987,161.561908512005));
#5728=CARTESIAN_POINT('Ctrl Pts',(-310.182847111389,82.5000012665987,159.00950591541));
#5729=CARTESIAN_POINT('Ctrl Pts',(-305.471532415966,82.5000012665987,157.077102569179));
#5730=CARTESIAN_POINT('Ctrl Pts',(-300.685100924448,82.5000012665987,155.84087366356));
#5731=CARTESIAN_POINT('Ctrl Pts',(-299.089623760609,82.5000012665987,155.428797361688));
#5732=CARTESIAN_POINT('Ctrl Pts',(-297.485800286093,82.5000012665987,155.094073775438));
#5733=CARTESIAN_POINT('Ctrl Pts',(-295.889638539628,82.5000012665987,154.830304844821));
#5734=CARTESIAN_POINT('Ctrl Pts',(-292.697315046698,82.5000012665987,154.302766983585));
#5735=CARTESIAN_POINT('Ctrl Pts',(-289.535638465976,82.5000012665987,154.059047744874));
#5736=CARTESIAN_POINT('Ctrl Pts',(-286.505180832319,82.5000012665987,154.059047744874));
#5737=CARTESIAN_POINT('Ctrl Pts',(-286.505180832319,82.5000012665987,154.059047744874));
#5738=CARTESIAN_POINT('Ctrl Pts',(-286.505180832319,59.1666679332653,154.059047744874));
#5739=CARTESIAN_POINT('Ctrl Pts',(-286.505180832319,35.833334599932,154.059047744874));
#5740=CARTESIAN_POINT('Ctrl Pts',(-286.505180832319,12.5000012665986,154.059047744874));
#5741=CARTESIAN_POINT('Origin',(-281.505180832319,12.5000012665987,154.059047744874));
#5742=CARTESIAN_POINT('',(-281.505180832319,12.5000012665987,154.059047744874));
#5743=CARTESIAN_POINT('',(-281.505180832319,12.5000012665987,154.059047744874));
#5744=CARTESIAN_POINT('',(-281.505180832319,12.5000012665987,194.059047744874));
#5745=CARTESIAN_POINT('',(-281.505180832319,12.5000012665987,154.059047744874));
#5746=CARTESIAN_POINT('',(-331.505180832319,12.5000012665987,194.059047744874));
#5747=CARTESIAN_POINT('',(-281.505180832319,12.5000012665987,194.059047744874));
#5748=CARTESIAN_POINT('',(-331.505180832319,12.5000012665987,154.059047744874));
#5749=CARTESIAN_POINT('Origin',(-281.505180832319,82.5000012665986,154.059047744874));
#5750=CARTESIAN_POINT('',(-281.505180832319,82.5000012665986,154.059047744874));
#5751=CARTESIAN_POINT('',(-281.505180832319,82.5000012665986,154.059047744874));
#5752=CARTESIAN_POINT('',(-281.505180832319,82.5000012665986,154.059047744874));
#5753=CARTESIAN_POINT('Origin',(-281.505180832319,82.5000012665986,194.059047744874));
#5754=CARTESIAN_POINT('',(-331.505180832319,82.5000012665986,194.059047744874));
#5755=CARTESIAN_POINT('',(-331.505180832319,82.5000012665986,194.059047744874));
#5756=CARTESIAN_POINT('',(-281.505180832319,82.5000012665986,194.059047744874));
#5757=CARTESIAN_POINT('',(-281.505180832319,82.5000012665986,194.059047744874));
#5758=CARTESIAN_POINT('',(-281.505180832319,82.5000012665986,194.059047744874));
#5759=CARTESIAN_POINT('Origin',(-281.505180832319,12.5000012665987,194.059047744874));
#5760=CARTESIAN_POINT('',(-281.505180832319,12.5000012665987,194.059047744874));
#5761=CARTESIAN_POINT('',(-331.505180832319,12.5000012665987,194.059047744874));
#5762=CARTESIAN_POINT('Origin',(-331.505180832319,47.5000012665987,174.059047744874));
#5763=CARTESIAN_POINT('Origin',(-281.505180832319,47.5000012665987,174.059047744874));
#5764=CARTESIAN_POINT('',(0.,0.,0.));
#5765=CARTESIAN_POINT('Origin',(-126.602540378444,-120.,-30.));
#5766=CARTESIAN_POINT('',(-156.602540378444,-120.,-30.));
#5767=CARTESIAN_POINT('Origin',(-126.602540378444,-120.,-30.));
#5768=CARTESIAN_POINT('',(-134.102540378444,-120.,-30.));
#5769=CARTESIAN_POINT('Origin',(-126.602540378444,-120.,-30.));
#5770=CARTESIAN_POINT('Origin',(-126.602540378444,-120.,-30.));
#5771=CARTESIAN_POINT('',(-156.602540378444,-130.,-30.));
#5772=CARTESIAN_POINT('Origin',(-126.602540378444,-130.,-30.));
#5773=CARTESIAN_POINT('',(-156.602540378444,-120.,-30.));
#5774=CARTESIAN_POINT('Origin',(-126.602540378444,-130.,-30.));
#5775=CARTESIAN_POINT('Origin',(38.7846202409767,-115.,6.10814578664557));
#5776=CARTESIAN_POINT('',(31.2846202409767,-120.,6.10814578664557));
#5777=CARTESIAN_POINT('Origin',(38.7846202409767,-120.,6.10814578664557));
#5778=CARTESIAN_POINT('',(31.2846202409767,-115.,6.10814578664557));
#5779=CARTESIAN_POINT('',(31.2846202409767,-115.,6.10814578664557));
#5780=CARTESIAN_POINT('Origin',(38.7846202409767,-115.,6.10814578664557));
#5781=CARTESIAN_POINT('Origin',(38.7846202409767,-120.,6.10814578664557));
#5782=CARTESIAN_POINT('Origin',(-126.602540378444,-115.,-30.));
#5783=CARTESIAN_POINT('',(-134.102540378444,-115.,-30.));
#5784=CARTESIAN_POINT('',(-134.102540378444,-115.,-30.));
#5785=CARTESIAN_POINT('Origin',(-126.602540378444,-115.,-30.));
#5786=CARTESIAN_POINT('Origin',(-43.9089600687336,-105.,-5.));
#5787=CARTESIAN_POINT('',(-131.602540378444,-105.,-21.3397459621556));
#5788=CARTESIAN_POINT('',(-121.602540378444,-105.,-38.6602540378444));
#5789=CARTESIAN_POINT('Origin',(-126.602540378444,-105.,-30.));
#5790=CARTESIAN_POINT('',(-45.,-105.,28.6602540378444));
#5791=CARTESIAN_POINT('',(-131.602540378444,-105.,-21.3397459621556));
#5792=CARTESIAN_POINT('',(-38.2635182233307,-105.,29.8480775301222));
#5793=CARTESIAN_POINT('Origin',(-40.,-105.,20.));
#5794=CARTESIAN_POINT('',(40.521102017646,-105.,15.9562233167678));
#5795=CARTESIAN_POINT('',(-38.2635182233307,-105.,29.8480775301222));
#5796=CARTESIAN_POINT('',(37.0481384643074,-105.,-3.73993174347641));
#5797=CARTESIAN_POINT('Origin',(38.7846202409767,-105.,6.10814578664557));
#5798=CARTESIAN_POINT('',(-38.152074690959,-105.,9.5198947908246));
#5799=CARTESIAN_POINT('',(-41.7364817766693,-105.,10.1519224698779));
#5800=CARTESIAN_POINT('',(-121.602540378444,-105.,-38.6602540378444));
#5801=CARTESIAN_POINT('',(-47.5,-105.,20.));
#5802=CARTESIAN_POINT('Origin',(-40.,-105.,20.));
#5803=CARTESIAN_POINT('Origin',(-45.,-105.,28.6602540378444));
#5804=CARTESIAN_POINT('',(-131.602540378444,-115.,-21.3397459621556));
#5805=CARTESIAN_POINT('',(-131.602540378444,-105.,-21.3397459621556));
#5806=CARTESIAN_POINT('',(-45.,-115.,28.6602540378444));
#5807=CARTESIAN_POINT('',(-131.602540378444,-115.,-21.3397459621556));
#5808=CARTESIAN_POINT('',(-45.,-105.,28.6602540378444));
#5809=CARTESIAN_POINT('Origin',(-40.,-105.,20.));
#5810=CARTESIAN_POINT('',(-38.2635182233307,-115.,29.8480775301222));
#5811=CARTESIAN_POINT('Origin',(-40.,-115.,20.));
#5812=CARTESIAN_POINT('',(-38.2635182233307,-105.,29.8480775301222));
#5813=CARTESIAN_POINT('Origin',(40.521102017646,-105.,15.9562233167678));
#5814=CARTESIAN_POINT('',(40.521102017646,-115.,15.9562233167678));
#5815=CARTESIAN_POINT('',(-38.2635182233307,-115.,29.8480775301222));
#5816=CARTESIAN_POINT('',(40.521102017646,-105.,15.9562233167678));
#5817=CARTESIAN_POINT('Origin',(38.7846202409767,-105.,6.10814578664557));
#5818=CARTESIAN_POINT('',(37.0481384643074,-115.,-3.73993174347641));
#5819=CARTESIAN_POINT('Origin',(38.7846202409767,-115.,6.10814578664557));
#5820=CARTESIAN_POINT('',(37.0481384643074,-105.,-3.73993174347641));
#5821=CARTESIAN_POINT('Origin',(-38.152074690959,-105.,9.5198947908246));
#5822=CARTESIAN_POINT('',(-38.152074690959,-115.,9.5198947908246));
#5823=CARTESIAN_POINT('',(-41.7364817766693,-115.,10.1519224698779));
#5824=CARTESIAN_POINT('',(-38.152074690959,-105.,9.5198947908246));
#5825=CARTESIAN_POINT('Origin',(-121.602540378444,-105.,-38.6602540378444));
#5826=CARTESIAN_POINT('',(-121.602540378444,-115.,-38.6602540378444));
#5827=CARTESIAN_POINT('',(-121.602540378444,-115.,-38.6602540378444));
#5828=CARTESIAN_POINT('',(-121.602540378444,-105.,-38.6602540378444));
#5829=CARTESIAN_POINT('Origin',(-126.602540378444,-105.,-30.));
#5830=CARTESIAN_POINT('Origin',(-126.602540378444,-115.,-30.));
#5831=CARTESIAN_POINT('Origin',(-43.9089600687336,-115.,-5.));
#5832=CARTESIAN_POINT('Origin',(-40.,-103.,20.));
#5833=CARTESIAN_POINT('',(-47.5,-103.,20.));
#5834=CARTESIAN_POINT('',(-47.5,-103.,20.));
#5835=CARTESIAN_POINT('Origin',(-40.,-103.,20.));
#5836=CARTESIAN_POINT('Origin',(-40.,-103.,20.));
#5837=CARTESIAN_POINT('',(0.,0.,0.));
#5838=CARTESIAN_POINT('Origin',(110.,-133.,-30.));
#5839=CARTESIAN_POINT('',(80.,-133.,-30.));
#5840=CARTESIAN_POINT('Origin',(110.,-133.,-30.));
#5841=CARTESIAN_POINT('',(102.637103368881,-133.,-30.0695151587784));
#5842=CARTESIAN_POINT('Origin',(110.137103368881,-133.,-30.0695151587784));
#5843=CARTESIAN_POINT('Origin',(110.,-133.,-30.));
#5844=CARTESIAN_POINT('',(80.,-143.,-30.));
#5845=CARTESIAN_POINT('Origin',(110.,-143.,-30.));
#5846=CARTESIAN_POINT('',(80.,-133.,-30.));
#5847=CARTESIAN_POINT('Origin',(110.,-143.,-30.));
#5848=CARTESIAN_POINT('Origin',(-10.0399966528601,-133.,-29.953004965098));
#5849=CARTESIAN_POINT('',(-40.0399966528601,-133.,-29.953004965098));
#5850=CARTESIAN_POINT('Origin',(-10.0399966528601,-133.,-29.953004965098));
#5851=CARTESIAN_POINT('',(-17.5399966528601,-133.,-29.953004965098));
#5852=CARTESIAN_POINT('Origin',(-10.0399966528601,-133.,-29.953004965098));
#5853=CARTESIAN_POINT('Origin',(-10.0399966528601,-133.,-29.953004965098));
#5854=CARTESIAN_POINT('',(-40.0399966528601,-143.,-29.953004965098));
#5855=CARTESIAN_POINT('Origin',(-10.0399966528601,-143.,-29.953004965098));
#5856=CARTESIAN_POINT('',(-40.0399966528601,-133.,-29.953004965098));
#5857=CARTESIAN_POINT('Origin',(-10.0399966528601,-143.,-29.953004965098));
#5858=CARTESIAN_POINT('Origin',(110.137103368881,-130.,-30.0695151587784));
#5859=CARTESIAN_POINT('',(102.637103368881,-130.,-30.0695151587784));
#5860=CARTESIAN_POINT('',(102.637103368881,-130.,-30.0695151587784));
#5861=CARTESIAN_POINT('Origin',(110.137103368881,-130.,-30.0695151587784));
#5862=CARTESIAN_POINT('Origin',(-10.0399966528601,-130.,-29.953004965098));
#5863=CARTESIAN_POINT('',(-17.5399966528601,-130.,-29.953004965098));
#5864=CARTESIAN_POINT('',(-17.5399966528601,-130.,-29.953004965098));
#5865=CARTESIAN_POINT('Origin',(-10.0399966528601,-130.,-29.953004965098));
#5866=CARTESIAN_POINT('Origin',(50.0485533580107,-120.,-11.9806846860664));
#5867=CARTESIAN_POINT('',(-15.9810718128417,-120.,-21.9091485551756));
#5868=CARTESIAN_POINT('',(-4.09892149287849,-120.,-37.9968613750204));
#5869=CARTESIAN_POINT('Origin',(-10.0399966528601,-120.,-29.953004965098));
#5870=CARTESIAN_POINT('',(32.8435450809951,-120.,14.152002196568));
#5871=CARTESIAN_POINT('',(-15.9810718128417,-120.,-21.9091485551756));
#5872=CARTESIAN_POINT('',(43.3068278591547,-120.,15.0272061776337));
#5873=CARTESIAN_POINT('Origin',(38.7846202409767,-120.,6.10814578664558));
#5874=CARTESIAN_POINT('',(114.65931098706,-120.,-21.1504547677903));
#5875=CARTESIAN_POINT('',(43.3068278591547,-120.,15.0272061776337));
#5876=CARTESIAN_POINT('',(105.614895750704,-120.,-38.9885755497665));
#5877=CARTESIAN_POINT('Origin',(110.137103368881,-120.,-30.0695151587784));
#5878=CARTESIAN_POINT('',(39.7639812552276,-120.,-5.60036040814462));
#5879=CARTESIAN_POINT('',(34.2624126227987,-120.,-2.81091460434252));
#5880=CARTESIAN_POINT('',(-4.09892149287849,-120.,-37.9968613750204));
#5881=CARTESIAN_POINT('',(31.2846202409767,-120.,6.10814578664558));
#5882=CARTESIAN_POINT('Origin',(38.7846202409767,-120.,6.10814578664558));
#5883=CARTESIAN_POINT('Origin',(32.8435450809951,-120.,14.152002196568));
#5884=CARTESIAN_POINT('',(-15.9810718128417,-130.,-21.9091485551756));
#5885=CARTESIAN_POINT('',(-15.9810718128417,-120.,-21.9091485551756));
#5886=CARTESIAN_POINT('',(32.8435450809951,-130.,14.152002196568));
#5887=CARTESIAN_POINT('',(-15.9810718128417,-130.,-21.9091485551756));
#5888=CARTESIAN_POINT('',(32.8435450809951,-120.,14.152002196568));
#5889=CARTESIAN_POINT('Origin',(38.7846202409767,-120.,6.10814578664558));
#5890=CARTESIAN_POINT('',(43.3068278591547,-130.,15.0272061776337));
#5891=CARTESIAN_POINT('Origin',(38.7846202409767,-130.,6.10814578664558));
#5892=CARTESIAN_POINT('',(43.3068278591547,-120.,15.0272061776337));
#5893=CARTESIAN_POINT('Origin',(114.65931098706,-120.,-21.1504547677903));
#5894=CARTESIAN_POINT('',(114.65931098706,-130.,-21.1504547677903));
#5895=CARTESIAN_POINT('',(43.3068278591547,-130.,15.0272061776337));
#5896=CARTESIAN_POINT('',(114.65931098706,-120.,-21.1504547677903));
#5897=CARTESIAN_POINT('Origin',(110.137103368881,-120.,-30.0695151587784));
#5898=CARTESIAN_POINT('',(105.614895750704,-130.,-38.9885755497665));
#5899=CARTESIAN_POINT('Origin',(110.137103368881,-130.,-30.0695151587784));
#5900=CARTESIAN_POINT('',(105.614895750704,-120.,-38.9885755497665));
#5901=CARTESIAN_POINT('Origin',(39.7639812552276,-120.,-5.60036040814462));
#5902=CARTESIAN_POINT('',(39.7639812552276,-130.,-5.60036040814462));
#5903=CARTESIAN_POINT('',(34.2624126227987,-130.,-2.81091460434252));
#5904=CARTESIAN_POINT('',(39.7639812552276,-120.,-5.60036040814462));
#5905=CARTESIAN_POINT('Origin',(-4.09892149287849,-120.,-37.9968613750204));
#5906=CARTESIAN_POINT('',(-4.09892149287849,-130.,-37.9968613750204));
#5907=CARTESIAN_POINT('',(-4.09892149287849,-130.,-37.9968613750204));
#5908=CARTESIAN_POINT('',(-4.09892149287849,-120.,-37.9968613750204));
#5909=CARTESIAN_POINT('Origin',(-10.0399966528601,-120.,-29.953004965098));
#5910=CARTESIAN_POINT('Origin',(-10.0399966528601,-130.,-29.953004965098));
#5911=CARTESIAN_POINT('Origin',(50.0485533580107,-130.,-11.9806846860664));
#5912=CARTESIAN_POINT('Origin',(38.7846202409767,-118.,6.10814578664558));
#5913=CARTESIAN_POINT('',(31.2846202409767,-118.,6.10814578664558));
#5914=CARTESIAN_POINT('',(31.2846202409767,-118.,6.10814578664558));
#5915=CARTESIAN_POINT('Origin',(38.7846202409767,-118.,6.10814578664558));
#5916=CARTESIAN_POINT('Origin',(38.7846202409767,-118.,6.10814578664558));
#5917=CARTESIAN_POINT('',(0.,0.,0.));
#5918=CARTESIAN_POINT('Origin',(-126.602540378444,118.,-30.));
#5919=CARTESIAN_POINT('',(-96.6025403784439,118.,-30.));
#5920=CARTESIAN_POINT('Origin',(-126.602540378444,118.,-30.));
#5921=CARTESIAN_POINT('',(-119.102540378444,118.,-30.));
#5922=CARTESIAN_POINT('Origin',(-126.602540378444,118.,-30.));
#5923=CARTESIAN_POINT('Origin',(-126.602540378444,118.,-30.));
#5924=CARTESIAN_POINT('',(-96.6025403784439,128.,-30.));
#5925=CARTESIAN_POINT('Origin',(-126.602540378444,128.,-30.));
#5926=CARTESIAN_POINT('',(-96.6025403784439,118.,-30.));
#5927=CARTESIAN_POINT('Origin',(-126.602540378444,128.,-30.));
#5928=CARTESIAN_POINT('Origin',(-126.602540378444,115.,-30.));
#5929=CARTESIAN_POINT('',(-119.102540378444,115.,-30.));
#5930=CARTESIAN_POINT('',(-119.102540378444,115.,-30.));
#5931=CARTESIAN_POINT('Origin',(-126.602540378444,115.,-30.));
#5932=CARTESIAN_POINT('Origin',(38.7846202409767,115.,6.10814578664558));
#5933=CARTESIAN_POINT('',(46.2846202409767,118.,6.10814578664557));
#5934=CARTESIAN_POINT('Origin',(38.7846202409767,118.,6.10814578664558));
#5935=CARTESIAN_POINT('',(46.2846202409767,115.,6.10814578664557));
#5936=CARTESIAN_POINT('',(46.2846202409767,115.,6.10814578664557));
#5937=CARTESIAN_POINT('Origin',(38.7846202409767,115.,6.10814578664558));
#5938=CARTESIAN_POINT('Origin',(38.7846202409767,118.,6.10814578664558));
#5939=CARTESIAN_POINT('Origin',(-43.9089600687336,105.,-5.));
#5940=CARTESIAN_POINT('',(40.521102017646,105.,15.9562233167677));
#5941=CARTESIAN_POINT('',(37.0481384643074,105.,-3.73993174347651));
#5942=CARTESIAN_POINT('Origin',(38.7846202409767,105.,6.10814578664558));
#5943=CARTESIAN_POINT('',(-38.2635182233307,105.,29.8480775301221));
#5944=CARTESIAN_POINT('',(40.521102017646,105.,15.9562233167677));
#5945=CARTESIAN_POINT('',(-45.,105.,28.6602540378444));
#5946=CARTESIAN_POINT('Origin',(-40.,105.,20.));
#5947=CARTESIAN_POINT('',(-131.602540378444,105.,-21.3397459621556));
#5948=CARTESIAN_POINT('',(-45.,105.,28.6602540378444));
#5949=CARTESIAN_POINT('',(-121.602540378444,105.,-38.6602540378444));
#5950=CARTESIAN_POINT('Origin',(-126.602540378444,105.,-30.));
#5951=CARTESIAN_POINT('',(-38.152074690959,105.,9.5198947908246));
#5952=CARTESIAN_POINT('',(-35.,105.,11.3397459621556));
#5953=CARTESIAN_POINT('',(37.0481384643074,105.,-3.73993174347651));
#5954=CARTESIAN_POINT('',(-32.5,105.,20.));
#5955=CARTESIAN_POINT('Origin',(-40.,105.,20.));
#5956=CARTESIAN_POINT('Origin',(-38.2635182233307,105.,29.8480775301221));
#5957=CARTESIAN_POINT('',(40.521102017646,115.,15.9562233167677));
#5958=CARTESIAN_POINT('',(40.521102017646,105.,15.9562233167677));
#5959=CARTESIAN_POINT('',(-38.2635182233307,115.,29.8480775301221));
#5960=CARTESIAN_POINT('',(40.521102017646,115.,15.9562233167677));
#5961=CARTESIAN_POINT('',(-38.2635182233307,105.,29.8480775301221));
#5962=CARTESIAN_POINT('Origin',(-40.,105.,20.));
#5963=CARTESIAN_POINT('',(-45.,115.,28.6602540378444));
#5964=CARTESIAN_POINT('Origin',(-40.,115.,20.));
#5965=CARTESIAN_POINT('',(-45.,105.,28.6602540378444));
#5966=CARTESIAN_POINT('Origin',(-131.602540378444,105.,-21.3397459621556));
#5967=CARTESIAN_POINT('',(-131.602540378444,115.,-21.3397459621556));
#5968=CARTESIAN_POINT('',(-45.,115.,28.6602540378444));
#5969=CARTESIAN_POINT('',(-131.602540378444,105.,-21.3397459621556));
#5970=CARTESIAN_POINT('Origin',(-126.602540378444,105.,-30.));
#5971=CARTESIAN_POINT('',(-121.602540378444,115.,-38.6602540378444));
#5972=CARTESIAN_POINT('Origin',(-126.602540378444,115.,-30.));
#5973=CARTESIAN_POINT('',(-121.602540378444,105.,-38.6602540378444));
#5974=CARTESIAN_POINT('Origin',(-38.152074690959,105.,9.5198947908246));
#5975=CARTESIAN_POINT('',(-38.152074690959,115.,9.5198947908246));
#5976=CARTESIAN_POINT('',(-35.,115.,11.3397459621556));
#5977=CARTESIAN_POINT('',(-38.152074690959,105.,9.5198947908246));
#5978=CARTESIAN_POINT('Origin',(37.0481384643074,105.,-3.73993174347651));
#5979=CARTESIAN_POINT('',(37.0481384643074,115.,-3.73993174347651));
#5980=CARTESIAN_POINT('',(37.0481384643074,115.,-3.73993174347651));
#5981=CARTESIAN_POINT('',(37.0481384643074,105.,-3.73993174347651));
#5982=CARTESIAN_POINT('Origin',(38.7846202409767,105.,6.10814578664558));
#5983=CARTESIAN_POINT('Origin',(38.7846202409767,115.,6.10814578664558));
#5984=CARTESIAN_POINT('Origin',(-43.9089600687336,115.,-5.));
#5985=CARTESIAN_POINT('Origin',(-40.,103.,20.));
#5986=CARTESIAN_POINT('',(-32.5,103.,20.));
#5987=CARTESIAN_POINT('',(-32.5,103.,20.));
#5988=CARTESIAN_POINT('Origin',(-40.,103.,20.));
#5989=CARTESIAN_POINT('Origin',(-40.,103.,20.));
#5990=CARTESIAN_POINT('',(0.,0.,0.));
#5991=CARTESIAN_POINT('Origin',(110.,132.999999999999,-30.));
#5992=CARTESIAN_POINT('',(140.,132.999999999999,-30.));
#5993=CARTESIAN_POINT('Origin',(110.,132.999999999999,-30.));
#5994=CARTESIAN_POINT('',(117.637982099806,133.,-30.0677820030181));
#5995=CARTESIAN_POINT('Origin',(110.137982099806,133.,-30.0677820030181));
#5996=CARTESIAN_POINT('Origin',(110.,132.999999999999,-30.));
#5997=CARTESIAN_POINT('',(140.,142.999999999999,-30.));
#5998=CARTESIAN_POINT('Origin',(110.,142.999999999999,-30.));
#5999=CARTESIAN_POINT('',(140.,132.999999999999,-30.));
#6000=CARTESIAN_POINT('Origin',(110.,142.999999999999,-30.));
#6001=CARTESIAN_POINT('Origin',(-10.,132.999999999999,-30.));
#6002=CARTESIAN_POINT('',(20.,132.999999999999,-30.));
#6003=CARTESIAN_POINT('Origin',(-10.,132.999999999999,-30.));
#6004=CARTESIAN_POINT('',(-2.5,133.,-30.));
#6005=CARTESIAN_POINT('Origin',(-10.,133.,-30.));
#6006=CARTESIAN_POINT('Origin',(-10.,132.999999999999,-30.));
#6007=CARTESIAN_POINT('',(20.,142.999999999999,-30.));
#6008=CARTESIAN_POINT('Origin',(-9.99999999999999,142.999999999999,-30.));
#6009=CARTESIAN_POINT('',(20.,132.999999999999,-30.));
#6010=CARTESIAN_POINT('Origin',(-9.99999999999999,142.999999999999,-30.));
#6011=CARTESIAN_POINT('Origin',(-10.,130.,-30.));
#6012=CARTESIAN_POINT('',(-2.5,130.,-30.));
#6013=CARTESIAN_POINT('',(-2.5,130.,-30.));
#6014=CARTESIAN_POINT('Origin',(-10.,130.,-30.));
#6015=CARTESIAN_POINT('Origin',(110.137982099806,130.,-30.0677820030181));
#6016=CARTESIAN_POINT('',(117.637982099806,130.,-30.0677820030181));
#6017=CARTESIAN_POINT('',(117.637982099806,130.,-30.0677820030181));
#6018=CARTESIAN_POINT('Origin',(110.137982099806,130.,-30.0677820030181));
#6019=CARTESIAN_POINT('Origin',(50.0689910499031,120.,-11.9798181081863));
#6020=CARTESIAN_POINT('',(114.659973073514,120.,-21.1486117706644));
#6021=CARTESIAN_POINT('',(105.615991126098,120.,-38.9869522353718));
#6022=CARTESIAN_POINT('Origin',(110.137982099806,120.,-30.0677820030181));
#6023=CARTESIAN_POINT('',(43.3066112146847,120.,15.0273160189992));
#6024=CARTESIAN_POINT('',(114.659973073514,120.,-21.1486117706644));
#6025=CARTESIAN_POINT('',(32.8353888930654,120.,14.1459717594461));
#6026=CARTESIAN_POINT('Origin',(38.7846202409768,120.,6.1081457866455));
#6027=CARTESIAN_POINT('',(-15.9492313479114,120.,-21.9621740271994));
#6028=CARTESIAN_POINT('',(32.8353888930654,120.,14.1459717594461));
#6029=CARTESIAN_POINT('',(-4.05076865208862,120.,-38.0378259728006));
#6030=CARTESIAN_POINT('Origin',(-10.,120.,-30.));
#6031=CARTESIAN_POINT('',(39.7703626710751,120.,-5.60342778467093));
#6032=CARTESIAN_POINT('',(44.7338515888882,120.,-1.92968018615514));
#6033=CARTESIAN_POINT('',(105.615991126098,120.,-38.9869522353718));
#6034=CARTESIAN_POINT('',(46.2846202409768,120.,6.10814578664554));
#6035=CARTESIAN_POINT('Origin',(38.7846202409768,120.,6.10814578664555));
#6036=CARTESIAN_POINT('Origin',(43.3066112146847,120.,15.0273160189992));
#6037=CARTESIAN_POINT('',(114.659973073514,130.,-21.1486117706644));
#6038=CARTESIAN_POINT('',(114.659973073514,120.,-21.1486117706644));
#6039=CARTESIAN_POINT('',(43.3066112146847,130.,15.0273160189992));
#6040=CARTESIAN_POINT('',(114.659973073514,130.,-21.1486117706644));
#6041=CARTESIAN_POINT('',(43.3066112146847,120.,15.0273160189992));
#6042=CARTESIAN_POINT('Origin',(38.7846202409768,120.,6.1081457866455));
#6043=CARTESIAN_POINT('',(32.8353888930654,130.,14.1459717594461));
#6044=CARTESIAN_POINT('Origin',(38.7846202409768,130.,6.1081457866455));
#6045=CARTESIAN_POINT('',(32.8353888930654,120.,14.1459717594461));
#6046=CARTESIAN_POINT('Origin',(-15.9492313479114,120.,-21.9621740271994));
#6047=CARTESIAN_POINT('',(-15.9492313479114,130.,-21.9621740271994));
#6048=CARTESIAN_POINT('',(32.8353888930654,130.,14.1459717594461));
#6049=CARTESIAN_POINT('',(-15.9492313479114,120.,-21.9621740271994));
#6050=CARTESIAN_POINT('Origin',(-10.,120.,-30.));
#6051=CARTESIAN_POINT('',(-4.05076865208862,130.,-38.0378259728006));
#6052=CARTESIAN_POINT('Origin',(-10.,130.,-30.));
#6053=CARTESIAN_POINT('',(-4.05076865208862,120.,-38.0378259728006));
#6054=CARTESIAN_POINT('Origin',(39.7703626710751,120.,-5.60342778467094));
#6055=CARTESIAN_POINT('',(39.7703626710751,130.,-5.60342778467093));
#6056=CARTESIAN_POINT('',(44.7338515888882,130.,-1.92968018615514));
#6057=CARTESIAN_POINT('',(39.7703626710751,120.,-5.60342778467093));
#6058=CARTESIAN_POINT('Origin',(105.615991126098,120.,-38.9869522353718));
#6059=CARTESIAN_POINT('',(105.615991126098,130.,-38.9869522353718));
#6060=CARTESIAN_POINT('',(105.615991126098,130.,-38.9869522353718));
#6061=CARTESIAN_POINT('',(105.615991126098,120.,-38.9869522353718));
#6062=CARTESIAN_POINT('Origin',(110.137982099806,120.,-30.0677820030181));
#6063=CARTESIAN_POINT('Origin',(110.137982099806,130.,-30.0677820030181));
#6064=CARTESIAN_POINT('Origin',(50.0689910499031,130.,-11.9798181081863));
#6065=CARTESIAN_POINT('Origin',(38.7846202409768,118.,6.10814578664554));
#6066=CARTESIAN_POINT('',(46.2846202409768,118.,6.10814578664554));
#6067=CARTESIAN_POINT('',(46.2846202409768,118.,6.10814578664554));
#6068=CARTESIAN_POINT('Origin',(38.7846202409768,118.,6.10814578664554));
#6069=CARTESIAN_POINT('Origin',(38.7846202409768,118.,6.10814578664554));
#6070=CARTESIAN_POINT('',(0.,0.,0.));
#6071=CARTESIAN_POINT('Origin',(78.0000011622906,30.,87.9999992251396));
#6072=CARTESIAN_POINT('',(80.0000011622906,30.,54.0000007748604));
#6073=CARTESIAN_POINT('',(98.0000011622906,30.,72.0000007748604));
#6074=CARTESIAN_POINT('Origin',(80.0000011622906,30.,72.0000007748604));
#6075=CARTESIAN_POINT('',(76.0000011622906,30.,54.0000007748604));
#6076=CARTESIAN_POINT('',(78.9999998360872,30.,54.0000007748604));
#6077=CARTESIAN_POINT('',(76.0000011622906,30.,87.9999992251396));
#6078=CARTESIAN_POINT('',(76.0000011622906,30.,87.9999992251396));
#6079=CARTESIAN_POINT('',(98.0000011622906,30.,87.9999992251396));
#6080=CARTESIAN_POINT('',(89.0000013262033,30.,87.9999992251396));
#6081=CARTESIAN_POINT('',(98.0000011622906,30.,78.9999996125698));
#6082=CARTESIAN_POINT('Origin',(79.9999985098839,-25.,54.0000007748604));
#6083=CARTESIAN_POINT('',(76.0000011622906,-30.,54.0000007748604));
#6084=CARTESIAN_POINT('',(76.0000011622906,-26.,54.0000007748604));
#6085=CARTESIAN_POINT('',(80.0000011622906,93.,54.0000007748604));
#6086=CARTESIAN_POINT('',(80.0000011622906,17.5,54.0000007748604));
#6087=CARTESIAN_POINT('',(1.99999850988392,93.,54.0000007748604));
#6088=CARTESIAN_POINT('',(59.4999991729856,93.,54.0000007748604));
#6089=CARTESIAN_POINT('',(1.99999850988391,-93.,54.0000007748604));
#6090=CARTESIAN_POINT('',(1.99999850988392,-25.,54.0000007748604));
#6091=CARTESIAN_POINT('',(80.0000014901161,-93.,54.0000007748604));
#6092=CARTESIAN_POINT('',(84.999999254942,-93.,54.0000007748604));
#6093=CARTESIAN_POINT('',(80.0000014901161,-30.,54.0000007748604));
#6094=CARTESIAN_POINT('',(80.0000014901161,-25.,54.0000007748604));
#6095=CARTESIAN_POINT('',(84.999999254942,-30.,54.0000007748604));
#6096=CARTESIAN_POINT('Origin',(90.,-30.,70.));
#6097=CARTESIAN_POINT('',(98.0000014901161,-30.,72.0000007748604));
#6098=CARTESIAN_POINT('Origin',(80.0000014901161,-30.,72.0000007748604));
#6099=CARTESIAN_POINT('',(98.0000014901161,-30.,87.9999992251396));
#6100=CARTESIAN_POINT('',(98.0000014901161,-30.,61.0000003874302));
#6101=CARTESIAN_POINT('',(76.0000011622906,-30.,87.9999992251396));
#6102=CARTESIAN_POINT('',(95.0000007450581,-30.,87.9999992251396));
#6103=CARTESIAN_POINT('',(76.0000011622906,-30.,78.9999996125698));
#6104=CARTESIAN_POINT('Origin',(98.0000014901161,-25.,52.0000007748604));
#6105=CARTESIAN_POINT('',(98.0000014901161,-93.,72.0000007748604));
#6106=CARTESIAN_POINT('',(98.0000014901161,-25.,72.0000007748604));
#6107=CARTESIAN_POINT('',(98.0000014901161,-93.,87.9999992251396));
#6108=CARTESIAN_POINT('',(98.0000014901161,-93.,61.0000003874302));
#6109=CARTESIAN_POINT('',(98.0000014901161,-25.,87.9999992251396));
#6110=CARTESIAN_POINT('Origin',(80.0000011622906,17.5,72.0000007748604));
#6111=CARTESIAN_POINT('',(98.0000011622906,93.,72.0000007748604));
#6112=CARTESIAN_POINT('',(98.0000011622906,17.5,72.0000007748604));
#6113=CARTESIAN_POINT('Origin',(80.0000011622906,93.,72.0000007748604));
#6114=CARTESIAN_POINT('Origin',(80.0000014901161,-25.,72.0000007748604));
#6115=CARTESIAN_POINT('Origin',(80.0000014901161,-93.,72.0000007748604));
#6116=CARTESIAN_POINT('Origin',(98.0000011622906,60.,70.));
#6117=CARTESIAN_POINT('',(98.0000011622906,93.,87.9999992251396));
#6118=CARTESIAN_POINT('',(98.0000011622906,17.5,87.9999992251396));
#6119=CARTESIAN_POINT('',(98.0000011622906,93.,70.));
#6120=CARTESIAN_POINT('Origin',(76.0000011622906,-25.,87.9999992251396));
#6121=CARTESIAN_POINT('',(76.0000011622906,-27.,87.9999992251396));
#6122=CARTESIAN_POINT('Origin',(38.9999998360872,93.,70.));
#6123=CARTESIAN_POINT('',(1.99999850988391,93.,87.9999992251396));
#6124=CARTESIAN_POINT('',(69.5000006631017,93.,87.9999992251396));
#6125=CARTESIAN_POINT('',(1.99999850988392,93.,78.9999996125698));
#6126=CARTESIAN_POINT('Origin',(1.99999850988392,-25.,87.9999992251396));
#6127=CARTESIAN_POINT('',(1.99999850988391,-93.,87.9999992251396));
#6128=CARTESIAN_POINT('',(1.99999850988391,-25.,87.9999992251396));
#6129=CARTESIAN_POINT('',(1.99999850988391,-93.,78.9999996125698));
#6130=CARTESIAN_POINT('Origin',(90.,-93.,70.));
#6131=CARTESIAN_POINT('',(95.0000007450581,-93.,87.9999992251396));
#6132=CARTESIAN_POINT('Origin',(80.0000011622906,17.5,72.0000007748604));
#6133=CARTESIAN_POINT('',(80.0000011622906,95.,52.0000007748604));
#6134=CARTESIAN_POINT('',(100.000001162291,95.,72.0000007748604));
#6135=CARTESIAN_POINT('Origin',(80.0000011622906,95.,72.0000007748604));
#6136=CARTESIAN_POINT('',(100.000001162291,25.,72.0000007748604));
#6137=CARTESIAN_POINT('',(100.000001162291,17.5,72.0000007748604));
#6138=CARTESIAN_POINT('',(80.0000011622906,25.,52.0000007748604));
#6139=CARTESIAN_POINT('Origin',(80.0000011622906,25.,72.0000007748604));
#6140=CARTESIAN_POINT('',(80.0000011622906,17.5,52.0000007748604));
#6141=CARTESIAN_POINT('Origin',(79.9999985098839,-25.,52.0000007748604));
#6142=CARTESIAN_POINT('',(78.0000011622906,25.,52.0000007748604));
#6143=CARTESIAN_POINT('',(78.0000011622906,25.,52.0000007748604));
#6144=CARTESIAN_POINT('',(78.0000011622906,-25.,52.0000007748604));
#6145=CARTESIAN_POINT('',(78.0000011622906,-25.,52.0000007748604));
#6146=CARTESIAN_POINT('',(80.0000014901161,-25.,52.0000007748604));
#6147=CARTESIAN_POINT('',(79.9999985098839,-25.,52.0000007748604));
#6148=CARTESIAN_POINT('',(80.0000014901161,-95.,52.0000007748604));
#6149=CARTESIAN_POINT('',(80.0000014901161,-25.,52.0000007748604));
#6150=CARTESIAN_POINT('',(-1.49011608385763E-6,-95.,52.0000007748604));
#6151=CARTESIAN_POINT('',(79.9999985098839,-95.,52.0000007748604));
#6152=CARTESIAN_POINT('',(-1.49011608385763E-6,95.,52.0000007748604));
#6153=CARTESIAN_POINT('',(-1.49011608385763E-6,-25.,52.0000007748604));
#6154=CARTESIAN_POINT('',(78.0000011622906,95.,52.0000007748604));
#6155=CARTESIAN_POINT('Origin',(78.0000011622906,25.,87.9999992251396));
#6156=CARTESIAN_POINT('',(100.000001162291,25.,87.9999992251396));
#6157=CARTESIAN_POINT('',(100.000001162291,25.,87.9999992251396));
#6158=CARTESIAN_POINT('',(78.0000011622906,25.,87.9999992251396));
#6159=CARTESIAN_POINT('',(78.0000011622906,25.,87.9999992251396));
#6160=CARTESIAN_POINT('',(78.0000011622906,25.,87.9999992251396));
#6161=CARTESIAN_POINT('Origin',(80.0000014901161,-25.,72.0000007748604));
#6162=CARTESIAN_POINT('',(100.000001490116,-95.,72.0000007748604));
#6163=CARTESIAN_POINT('Origin',(80.0000014901161,-95.,72.0000007748604));
#6164=CARTESIAN_POINT('',(100.000001490116,-25.,72.0000007748604));
#6165=CARTESIAN_POINT('Origin',(80.0000014901161,-25.,72.0000007748604));
#6166=CARTESIAN_POINT('',(100.000001490116,-25.,72.0000007748604));
#6167=CARTESIAN_POINT('Origin',(100.000001490116,-25.,52.0000007748604));
#6168=CARTESIAN_POINT('',(100.000001490116,-25.,87.9999992251396));
#6169=CARTESIAN_POINT('',(100.000001490116,-25.,87.9999992251396));
#6170=CARTESIAN_POINT('',(100.000001490116,-95.,87.9999992251396));
#6171=CARTESIAN_POINT('',(100.000001490116,-25.,87.9999992251396));
#6172=CARTESIAN_POINT('',(100.000001490116,-95.,87.9999992251396));
#6173=CARTESIAN_POINT('Origin',(90.,-25.,70.));
#6174=CARTESIAN_POINT('',(78.0000011622906,-25.,87.9999992251396));
#6175=CARTESIAN_POINT('',(78.0000011622906,-25.,78.9999996125698));
#6176=CARTESIAN_POINT('',(79.9999985098839,-25.,87.9999992251396));
#6177=CARTESIAN_POINT('',(82.5,-25.,70.));
#6178=CARTESIAN_POINT('Origin',(90.,-25.,70.));
#6179=CARTESIAN_POINT('Origin',(100.000001162291,60.,70.));
#6180=CARTESIAN_POINT('',(100.000001162291,95.,87.9999992251396));
#6181=CARTESIAN_POINT('',(100.000001162291,95.,52.0000007748604));
#6182=CARTESIAN_POINT('',(100.000001162291,95.,87.9999992251396));
#6183=CARTESIAN_POINT('Origin',(78.0000011622906,-25.,87.9999992251396));
#6184=CARTESIAN_POINT('',(78.0000011622906,-25.,87.9999992251396));
#6185=CARTESIAN_POINT('Origin',(38.9999998360872,95.,70.));
#6186=CARTESIAN_POINT('',(-1.49011608385763E-6,95.,87.9999992251396));
#6187=CARTESIAN_POINT('',(-1.49011608385763E-6,95.,52.0000007748604));
#6188=CARTESIAN_POINT('',(-1.49011608385763E-6,95.,87.9999992251396));
#6189=CARTESIAN_POINT('Origin',(-1.49011608385763E-6,-25.,87.9999992251396));
#6190=CARTESIAN_POINT('',(-1.49011608385763E-6,-95.,87.9999992251396));
#6191=CARTESIAN_POINT('',(-1.49011608385763E-6,-95.,52.0000007748604));
#6192=CARTESIAN_POINT('',(-1.49011608385763E-6,-25.,87.9999992251396));
#6193=CARTESIAN_POINT('Origin',(100.000001490116,-25.,87.9999992251396));
#6194=CARTESIAN_POINT('',(79.9999985098839,-95.,87.9999992251396));
#6195=CARTESIAN_POINT('Origin',(90.,-95.,70.));
#6196=CARTESIAN_POINT('Origin',(90.,-23.,70.));
#6197=CARTESIAN_POINT('',(82.5,-23.,70.));
#6198=CARTESIAN_POINT('',(82.5,-23.,70.));
#6199=CARTESIAN_POINT('Origin',(90.,-23.,70.));
#6200=CARTESIAN_POINT('Origin',(90.,-23.,70.));
#6201=CARTESIAN_POINT('',(0.,0.,0.));
#6202=CARTESIAN_POINT('',(0.,0.,0.));
#6203=CARTESIAN_POINT('',(0.,0.,0.));
#6204=CARTESIAN_POINT('',(0.,0.,0.));
#6205=CARTESIAN_POINT('',(0.,0.,0.));
#6206=CARTESIAN_POINT('',(0.,0.,0.));
#6207=CARTESIAN_POINT('',(0.,0.,0.));
#6208=CARTESIAN_POINT('',(0.,0.,0.));
#6209=CARTESIAN_POINT('',(0.,0.,0.));
#6210=CARTESIAN_POINT('',(0.,0.,0.));
#6211=CARTESIAN_POINT('',(0.,0.,0.));
#6212=CARTESIAN_POINT('',(-6.43929354282591E-14,-2.00000000000001,7.7715611723761E-15));
#6213=CARTESIAN_POINT('',(0.,0.,0.));
#6214=CARTESIAN_POINT('',(0.,0.,0.));
#6215=CARTESIAN_POINT('',(0.,0.,0.));
#6216=UNCERTAINTY_MEASURE_WITH_UNIT(LENGTH_MEASURE(0.01),#6250,
'DISTANCE_ACCURACY_VALUE',
'Maximum model space distance between geometric entities at asserted c
onnectivities');
#6217=UNCERTAINTY_MEASURE_WITH_UNIT(LENGTH_MEASURE(0.01),#6250,
'DISTANCE_ACCURACY_VALUE',
'Maximum model space distance between geometric entities at asserted c
onnectivities');
#6218=UNCERTAINTY_MEASURE_WITH_UNIT(LENGTH_MEASURE(0.01),#6250,
'DISTANCE_ACCURACY_VALUE',
'Maximum model space distance between geometric entities at asserted c
onnectivities');
#6219=UNCERTAINTY_MEASURE_WITH_UNIT(LENGTH_MEASURE(0.01),#6250,
'DISTANCE_ACCURACY_VALUE',
'Maximum model space distance between geometric entities at asserted c
onnectivities');
#6220=UNCERTAINTY_MEASURE_WITH_UNIT(LENGTH_MEASURE(0.01),#6250,
'DISTANCE_ACCURACY_VALUE',
'Maximum model space distance between geometric entities at asserted c
onnectivities');
#6221=UNCERTAINTY_MEASURE_WITH_UNIT(LENGTH_MEASURE(0.01),#6250,
'DISTANCE_ACCURACY_VALUE',
'Maximum model space distance between geometric entities at asserted c
onnectivities');
#6222=UNCERTAINTY_MEASURE_WITH_UNIT(LENGTH_MEASURE(0.01),#6250,
'DISTANCE_ACCURACY_VALUE',
'Maximum model space distance between geometric entities at asserted c
onnectivities');
#6223=UNCERTAINTY_MEASURE_WITH_UNIT(LENGTH_MEASURE(0.01),#6250,
'DISTANCE_ACCURACY_VALUE',
'Maximum model space distance between geometric entities at asserted c
onnectivities');
#6224=UNCERTAINTY_MEASURE_WITH_UNIT(LENGTH_MEASURE(0.01),#6250,
'DISTANCE_ACCURACY_VALUE',
'Maximum model space distance between geometric entities at asserted c
onnectivities');
#6225=UNCERTAINTY_MEASURE_WITH_UNIT(LENGTH_MEASURE(0.01),#6250,
'DISTANCE_ACCURACY_VALUE',
'Maximum model space distance between geometric entities at asserted c
onnectivities');
#6226=UNCERTAINTY_MEASURE_WITH_UNIT(LENGTH_MEASURE(0.01),#6250,
'DISTANCE_ACCURACY_VALUE',
'Maximum model space distance between geometric entities at asserted c
onnectivities');
#6227=UNCERTAINTY_MEASURE_WITH_UNIT(LENGTH_MEASURE(0.01),#6250,
'DISTANCE_ACCURACY_VALUE',
'Maximum model space distance between geometric entities at asserted c
onnectivities');
#6228=UNCERTAINTY_MEASURE_WITH_UNIT(LENGTH_MEASURE(0.01),#6250,
'DISTANCE_ACCURACY_VALUE',
'Maximum model space distance between geometric entities at asserted c
onnectivities');
#6229=UNCERTAINTY_MEASURE_WITH_UNIT(LENGTH_MEASURE(0.01),#6250,
'DISTANCE_ACCURACY_VALUE',
'Maximum model space distance between geometric entities at asserted c
onnectivities');
#6230=UNCERTAINTY_MEASURE_WITH_UNIT(LENGTH_MEASURE(0.01),#6250,
'DISTANCE_ACCURACY_VALUE',
'Maximum model space distance between geometric entities at asserted c
onnectivities');
#6231=UNCERTAINTY_MEASURE_WITH_UNIT(LENGTH_MEASURE(0.01),#6250,
'DISTANCE_ACCURACY_VALUE',
'Maximum model space distance between geometric entities at asserted c
onnectivities');
#6232=UNCERTAINTY_MEASURE_WITH_UNIT(LENGTH_MEASURE(0.01),#6250,
'DISTANCE_ACCURACY_VALUE',
'Maximum model space distance between geometric entities at asserted c
onnectivities');
#6233=(
GEOMETRIC_REPRESENTATION_CONTEXT(3)
GLOBAL_UNCERTAINTY_ASSIGNED_CONTEXT((#6216))
GLOBAL_UNIT_ASSIGNED_CONTEXT((#6250,#6252,#6253))
REPRESENTATION_CONTEXT('','3D')
);
#6234=(
GEOMETRIC_REPRESENTATION_CONTEXT(3)
GLOBAL_UNCERTAINTY_ASSIGNED_CONTEXT((#6217))
GLOBAL_UNIT_ASSIGNED_CONTEXT((#6250,#6252,#6253))
REPRESENTATION_CONTEXT('','3D')
);
#6235=(
GEOMETRIC_REPRESENTATION_CONTEXT(3)
GLOBAL_UNCERTAINTY_ASSIGNED_CONTEXT((#6218))
GLOBAL_UNIT_ASSIGNED_CONTEXT((#6250,#6252,#6253))
REPRESENTATION_CONTEXT('','3D')
);
#6236=(
GEOMETRIC_REPRESENTATION_CONTEXT(3)
GLOBAL_UNCERTAINTY_ASSIGNED_CONTEXT((#6219))
GLOBAL_UNIT_ASSIGNED_CONTEXT((#6250,#6252,#6253))
REPRESENTATION_CONTEXT('','3D')
);
#6237=(
GEOMETRIC_REPRESENTATION_CONTEXT(3)
GLOBAL_UNCERTAINTY_ASSIGNED_CONTEXT((#6220))
GLOBAL_UNIT_ASSIGNED_CONTEXT((#6250,#6252,#6253))
REPRESENTATION_CONTEXT('','3D')
);
#6238=(
GEOMETRIC_REPRESENTATION_CONTEXT(3)
GLOBAL_UNCERTAINTY_ASSIGNED_CONTEXT((#6221))
GLOBAL_UNIT_ASSIGNED_CONTEXT((#6250,#6252,#6253))
REPRESENTATION_CONTEXT('','3D')
);
#6239=(
GEOMETRIC_REPRESENTATION_CONTEXT(3)
GLOBAL_UNCERTAINTY_ASSIGNED_CONTEXT((#6222))
GLOBAL_UNIT_ASSIGNED_CONTEXT((#6250,#6252,#6253))
REPRESENTATION_CONTEXT('','3D')
);
#6240=(
GEOMETRIC_REPRESENTATION_CONTEXT(3)
GLOBAL_UNCERTAINTY_ASSIGNED_CONTEXT((#6223))
GLOBAL_UNIT_ASSIGNED_CONTEXT((#6250,#6252,#6253))
REPRESENTATION_CONTEXT('','3D')
);
#6241=(
GEOMETRIC_REPRESENTATION_CONTEXT(3)
GLOBAL_UNCERTAINTY_ASSIGNED_CONTEXT((#6224))
GLOBAL_UNIT_ASSIGNED_CONTEXT((#6250,#6252,#6253))
REPRESENTATION_CONTEXT('','3D')
);
#6242=(
GEOMETRIC_REPRESENTATION_CONTEXT(3)
GLOBAL_UNCERTAINTY_ASSIGNED_CONTEXT((#6225))
GLOBAL_UNIT_ASSIGNED_CONTEXT((#6250,#6252,#6253))
REPRESENTATION_CONTEXT('','3D')
);
#6243=(
GEOMETRIC_REPRESENTATION_CONTEXT(3)
GLOBAL_UNCERTAINTY_ASSIGNED_CONTEXT((#6226))
GLOBAL_UNIT_ASSIGNED_CONTEXT((#6250,#6252,#6253))
REPRESENTATION_CONTEXT('','3D')
);
#6244=(
GEOMETRIC_REPRESENTATION_CONTEXT(3)
GLOBAL_UNCERTAINTY_ASSIGNED_CONTEXT((#6227))
GLOBAL_UNIT_ASSIGNED_CONTEXT((#6250,#6252,#6253))
REPRESENTATION_CONTEXT('','3D')
);
#6245=(
GEOMETRIC_REPRESENTATION_CONTEXT(3)
GLOBAL_UNCERTAINTY_ASSIGNED_CONTEXT((#6228))
GLOBAL_UNIT_ASSIGNED_CONTEXT((#6250,#6252,#6253))
REPRESENTATION_CONTEXT('','3D')
);
#6246=(
GEOMETRIC_REPRESENTATION_CONTEXT(3)
GLOBAL_UNCERTAINTY_ASSIGNED_CONTEXT((#6229))
GLOBAL_UNIT_ASSIGNED_CONTEXT((#6250,#6252,#6253))
REPRESENTATION_CONTEXT('','3D')
);
#6247=(
GEOMETRIC_REPRESENTATION_CONTEXT(3)
GLOBAL_UNCERTAINTY_ASSIGNED_CONTEXT((#6230))
GLOBAL_UNIT_ASSIGNED_CONTEXT((#6250,#6252,#6253))
REPRESENTATION_CONTEXT('','3D')
);
#6248=(
GEOMETRIC_REPRESENTATION_CONTEXT(3)
GLOBAL_UNCERTAINTY_ASSIGNED_CONTEXT((#6231))
GLOBAL_UNIT_ASSIGNED_CONTEXT((#6250,#6252,#6253))
REPRESENTATION_CONTEXT('','3D')
);
#6249=(
GEOMETRIC_REPRESENTATION_CONTEXT(3)
GLOBAL_UNCERTAINTY_ASSIGNED_CONTEXT((#6232))
GLOBAL_UNIT_ASSIGNED_CONTEXT((#6250,#6252,#6253))
REPRESENTATION_CONTEXT('','3D')
);
#6250=(
LENGTH_UNIT()
NAMED_UNIT(*)
SI_UNIT(.MILLI.,.METRE.)
);
#6251=(
LENGTH_UNIT()
NAMED_UNIT(*)
SI_UNIT($,.METRE.)
);
#6252=(
NAMED_UNIT(*)
PLANE_ANGLE_UNIT()
SI_UNIT($,.RADIAN.)
);
#6253=(
NAMED_UNIT(*)
SI_UNIT($,.STERADIAN.)
SOLID_ANGLE_UNIT()
);
#6254=SHAPE_DEFINITION_REPRESENTATION(#6270,#6301);
#6255=SHAPE_DEFINITION_REPRESENTATION(#6271,#6302);
#6256=SHAPE_DEFINITION_REPRESENTATION(#6272,#6303);
#6257=SHAPE_DEFINITION_REPRESENTATION(#6273,#6304);
#6258=SHAPE_DEFINITION_REPRESENTATION(#6274,#6305);
#6259=SHAPE_DEFINITION_REPRESENTATION(#6275,#6306);
#6260=SHAPE_DEFINITION_REPRESENTATION(#6276,#6307);
#6261=SHAPE_DEFINITION_REPRESENTATION(#6277,#6308);
#6262=SHAPE_DEFINITION_REPRESENTATION(#6278,#6309);
#6263=SHAPE_DEFINITION_REPRESENTATION(#6279,#6310);
#6264=SHAPE_DEFINITION_REPRESENTATION(#6280,#6311);
#6265=SHAPE_DEFINITION_REPRESENTATION(#6281,#6312);
#6266=SHAPE_DEFINITION_REPRESENTATION(#6282,#6313);
#6267=SHAPE_DEFINITION_REPRESENTATION(#6283,#6314);
#6268=SHAPE_DEFINITION_REPRESENTATION(#6284,#6315);
#6269=SHAPE_DEFINITION_REPRESENTATION(#6285,#6316);
#6270=PRODUCT_DEFINITION_SHAPE('',$,#6318);
#6271=PRODUCT_DEFINITION_SHAPE('',$,#6319);
#6272=PRODUCT_DEFINITION_SHAPE('',$,#6320);
#6273=PRODUCT_DEFINITION_SHAPE('',$,#6321);
#6274=PRODUCT_DEFINITION_SHAPE('',$,#6322);
#6275=PRODUCT_DEFINITION_SHAPE('',$,#6323);
#6276=PRODUCT_DEFINITION_SHAPE('',$,#6324);
#6277=PRODUCT_DEFINITION_SHAPE('',$,#6325);
#6278=PRODUCT_DEFINITION_SHAPE('',$,#6326);
#6279=PRODUCT_DEFINITION_SHAPE('',$,#6327);
#6280=PRODUCT_DEFINITION_SHAPE('',$,#6328);
#6281=PRODUCT_DEFINITION_SHAPE('',$,#6329);
#6282=PRODUCT_DEFINITION_SHAPE('',$,#6330);
#6283=PRODUCT_DEFINITION_SHAPE('',$,#6331);
#6284=PRODUCT_DEFINITION_SHAPE('',$,#6332);
#6285=PRODUCT_DEFINITION_SHAPE('',$,#6333);
#6286=PRODUCT_DEFINITION_SHAPE($,$,#56);
#6287=PRODUCT_DEFINITION_SHAPE($,$,#57);
#6288=PRODUCT_DEFINITION_SHAPE($,$,#58);
#6289=PRODUCT_DEFINITION_SHAPE($,$,#59);
#6290=PRODUCT_DEFINITION_SHAPE($,$,#60);
#6291=PRODUCT_DEFINITION_SHAPE($,$,#61);
#6292=PRODUCT_DEFINITION_SHAPE($,$,#62);
#6293=PRODUCT_DEFINITION_SHAPE($,$,#63);
#6294=PRODUCT_DEFINITION_SHAPE($,$,#64);
#6295=PRODUCT_DEFINITION_SHAPE($,$,#65);
#6296=PRODUCT_DEFINITION_SHAPE($,$,#66);
#6297=PRODUCT_DEFINITION_SHAPE($,$,#67);
#6298=PRODUCT_DEFINITION_SHAPE($,$,#68);
#6299=PRODUCT_DEFINITION_SHAPE($,$,#69);
#6300=PRODUCT_DEFINITION_SHAPE($,$,#70);
#6301=SHAPE_REPRESENTATION('',(#3563,#3947,#3948,#3949,#3950,#3951,#3952,
#3953,#3954,#3955,#3956,#3957,#3958,#3959,#3960,#3961),#6233);
#6302=SHAPE_REPRESENTATION('',(#3564),#6234);
#6303=SHAPE_REPRESENTATION('',(#3628),#6235);
#6304=SHAPE_REPRESENTATION('',(#3637),#6236);
#6305=SHAPE_REPRESENTATION('',(#3652),#6237);
#6306=SHAPE_REPRESENTATION('',(#3666),#6238);
#6307=SHAPE_REPRESENTATION('',(#3687),#6239);
#6308=SHAPE_REPRESENTATION('',(#3709),#6240);
#6309=SHAPE_REPRESENTATION('',(#3731),#6241);
#6310=SHAPE_REPRESENTATION('',(#3750),#6242);
#6311=SHAPE_REPRESENTATION('',(#3763),#6243);
#6312=SHAPE_REPRESENTATION('',(#3775),#6244);
#6313=SHAPE_REPRESENTATION('',(#3807),#6245);
#6314=SHAPE_REPRESENTATION('',(#3843),#6246);
#6315=SHAPE_REPRESENTATION('',(#3875),#6247);
#6316=SHAPE_REPRESENTATION('',(#3911),#6248);
#6317=PRODUCT_DEFINITION_CONTEXT('part definition',#6367,'design');
#6318=PRODUCT_DEFINITION('2026-08-26-18-13-10-530',
'Soil Detection Rover',#6334,#6317);
#6319=PRODUCT_DEFINITION('2026-08-26-18-15-48-406','base',#6335,#6317);
#6320=PRODUCT_DEFINITION('2026-08-26-19-29-24-265','camera base',#6336,
#6317);
#6321=PRODUCT_DEFINITION('2026-08-26-19-49-29-635','camera case',#6337,
#6317);
#6322=PRODUCT_DEFINITION('2026-08-27-14-57-05-237','R arm base',#6338,#6317);
#6323=PRODUCT_DEFINITION('2026-08-27-15-14-47-170','R arm link 1',#6339,
#6317);
#6324=PRODUCT_DEFINITION('2026-08-27-15-29-43-535','R arm link 2',#6340,
#6317);
#6325=PRODUCT_DEFINITION('2026-08-27-15-36-15-930','R arm link 3',#6341,
#6317);
#6326=PRODUCT_DEFINITION('2026-08-27-16-00-31-686','End effector',#6342,
#6317);
#6327=PRODUCT_DEFINITION('2026-08-27-16-25-26-320','end tool',#6343,#6317);
#6328=PRODUCT_DEFINITION('2026-08-27-17-00-33-488','end tool 2',#6344,#6317);
#6329=PRODUCT_DEFINITION('2026-08-27-18-04-45-662','wheel support 1',#6345,
#6317);
#6330=PRODUCT_DEFINITION('2026-08-27-18-14-41-929','wheel sup 1',#6346,
#6317);
#6331=PRODUCT_DEFINITION('2026-08-27-18-22-44-267','wheel support 2',#6347,
#6317);
#6332=PRODUCT_DEFINITION('2026-08-27-18-28-35-368','wheel sup 2',#6348,
#6317);
#6333=PRODUCT_DEFINITION('2026-08-27-19-25-46-453','Container',#6349,#6317);
#6334=PRODUCT_DEFINITION_FORMATION('',$,#6369);
#6335=PRODUCT_DEFINITION_FORMATION('',$,#6370);
#6336=PRODUCT_DEFINITION_FORMATION('',$,#6371);
#6337=PRODUCT_DEFINITION_FORMATION('',$,#6372);
#6338=PRODUCT_DEFINITION_FORMATION('',$,#6373);
#6339=PRODUCT_DEFINITION_FORMATION('',$,#6374);
#6340=PRODUCT_DEFINITION_FORMATION('',$,#6375);
#6341=PRODUCT_DEFINITION_FORMATION('',$,#6376);
#6342=PRODUCT_DEFINITION_FORMATION('',$,#6377);
#6343=PRODUCT_DEFINITION_FORMATION('',$,#6378);
#6344=PRODUCT_DEFINITION_FORMATION('',$,#6379);
#6345=PRODUCT_DEFINITION_FORMATION('',$,#6380);
#6346=PRODUCT_DEFINITION_FORMATION('',$,#6381);
#6347=PRODUCT_DEFINITION_FORMATION('',$,#6382);
#6348=PRODUCT_DEFINITION_FORMATION('',$,#6383);
#6349=PRODUCT_DEFINITION_FORMATION('',$,#6384);
#6350=PRODUCT_RELATED_PRODUCT_CATEGORY('Soil Detection Rover',
'Soil Detection Rover',(#6369));
#6351=PRODUCT_RELATED_PRODUCT_CATEGORY('base','base',(#6370));
#6352=PRODUCT_RELATED_PRODUCT_CATEGORY('camera base','camera base',(#6371));
#6353=PRODUCT_RELATED_PRODUCT_CATEGORY('camera case','camera case',(#6372));
#6354=PRODUCT_RELATED_PRODUCT_CATEGORY('R arm base','R arm base',(#6373));
#6355=PRODUCT_RELATED_PRODUCT_CATEGORY('R arm link 1','R arm link 1',(#6374));
#6356=PRODUCT_RELATED_PRODUCT_CATEGORY('R arm link 2','R arm link 2',(#6375));
#6357=PRODUCT_RELATED_PRODUCT_CATEGORY('R arm link 3','R arm link 3',(#6376));
#6358=PRODUCT_RELATED_PRODUCT_CATEGORY('End effector','End effector',(#6377));
#6359=PRODUCT_RELATED_PRODUCT_CATEGORY('end tool','end tool',(#6378));
#6360=PRODUCT_RELATED_PRODUCT_CATEGORY('end tool 2','end tool 2',(#6379));
#6361=PRODUCT_RELATED_PRODUCT_CATEGORY('wheel support 1',
'wheel support 1',(#6380));
#6362=PRODUCT_RELATED_PRODUCT_CATEGORY('wheel sup 1','wheel sup 1',(#6381));
#6363=PRODUCT_RELATED_PRODUCT_CATEGORY('wheel support 2',
'wheel support 2',(#6382));
#6364=PRODUCT_RELATED_PRODUCT_CATEGORY('wheel sup 2','wheel sup 2',(#6383));
#6365=PRODUCT_RELATED_PRODUCT_CATEGORY('Container','Container',(#6384));
#6366=APPLICATION_PROTOCOL_DEFINITION('international standard',
'automotive_design',2009,#6367);
#6367=APPLICATION_CONTEXT(
'Core Data for Automotive Mechanical Design Process');
#6368=PRODUCT_CONTEXT('part definition',#6367,'mechanical');
#6369=PRODUCT('2026-08-26-18-13-10-530','Soil Detection Rover',$,(#6368));
#6370=PRODUCT('2026-08-26-18-15-48-406','base',$,(#6368));
#6371=PRODUCT('2026-08-26-19-29-24-265','camera base',$,(#6368));
#6372=PRODUCT('2026-08-26-19-49-29-635','camera case',$,(#6368));
#6373=PRODUCT('2026-08-27-14-57-05-237','R arm base',$,(#6368));
#6374=PRODUCT('2026-08-27-15-14-47-170','R arm link 1',$,(#6368));
#6375=PRODUCT('2026-08-27-15-29-43-535','R arm link 2',$,(#6368));
#6376=PRODUCT('2026-08-27-15-36-15-930','R arm link 3',$,(#6368));
#6377=PRODUCT('2026-08-27-16-00-31-686','End effector',$,(#6368));
#6378=PRODUCT('2026-08-27-16-25-26-320','end tool',$,(#6368));
#6379=PRODUCT('2026-08-27-17-00-33-488','end tool 2',$,(#6368));
#6380=PRODUCT('2026-08-27-18-04-45-662','wheel support 1',$,(#6368));
#6381=PRODUCT('2026-08-27-18-14-41-929','wheel sup 1',$,(#6368));
#6382=PRODUCT('2026-08-27-18-22-44-267','wheel support 2',$,(#6368));
#6383=PRODUCT('2026-08-27-18-28-35-368','wheel sup 2',$,(#6368));
#6384=PRODUCT('2026-08-27-19-25-46-453','Container',$,(#6368));
#6385=PRESENTATION_STYLE_ASSIGNMENT((#6386));
#6386=SURFACE_STYLE_USAGE(.BOTH.,#6387);
#6387=SURFACE_SIDE_STYLE('',(#6388));
#6388=SURFACE_STYLE_FILL_AREA(#6389);
#6389=FILL_AREA_STYLE('Steel - Satin',(#6390));
#6390=FILL_AREA_STYLE_COLOUR('Steel - Satin',#6391);
#6391=COLOUR_RGB('Steel - Satin',0.627450980392157,0.627450980392157,0.627450980392157);
ENDSEC;
END-ISO-10303-21;
